000000033a599b20 b .bss
000000033a599b20 b .bss
000000033a599b20 b .bss
000000033a599b20 b .bss
000000033a599140 b .bss
000000033a599020 b .bss
000000033a599b20 b .bss
000000033a599b20 b .bss
000000033a599b20 b .bss
000000033a599140 b .bss
000000033a599b20 b .bss
000000033a599040 b .bss
000000033a599b20 b .bss
000000033a599b20 b .bss
000000033a599b20 b .bss
000000033a599b20 b .bss
000000033a599b20 b .bss
000000033a599130 b .bss
000000033a599000 b .bss
000000033a599b20 b .bss
000000033a599b20 b .bss
000000033a599b20 b .bss
000000033a599130 b .bss
000000033a599b20 b .bss
000000033a599b20 b .bss
000000033a599020 b .bss
000000033a599b20 b .bss
000000033a599130 b .bss
000000033a599b20 b .bss
000000033a599b20 b .bss
000000033a599020 b .bss
000000033a599140 b .bss
000000033a599b20 b .bss
000000033a599130 b .bss
000000033a599b20 b .bss
000000033a599b20 b .bss
000000033a599020 b .bss
000000033a599b20 b .bss
000000033a599b20 b .bss
000000033a599b20 b .bss
000000033a599130 b .bss
000000033a599140 b .bss
000000033a599b20 b .bss
000000033a599030 b .bss
000000033a599110 b .bss
000000033a599b20 b .bss
000000033a599b20 b .bss
000000033a599b20 b .bss
000000033a599b20 b .bss
000000033a599b20 b .bss
000000033a599110 b .bss
000000033a599b20 b .bss
000000033a599b20 b .bss
000000033a5990f0 b .bss
000000033a599020 b .bss
000000033a599b20 b .bss
000000033a5990f0 b .bss
000000033a599b20 b .bss
000000033a599b20 b .bss
000000033a5990f0 b .bss
000000033a599020 b .bss
000000033a599b20 b .bss
000000033a599020 b .bss
000000033a599020 b .bss
000000033a599020 b .bss
000000033a5990f0 b .bss
000000033a599020 b .bss
000000033a599b20 b .bss
000000033a599b20 b .bss
000000033a5990e0 b .bss
000000033a599140 b .bss
000000033a599020 b .bss
000000033a5990e0 b .bss
000000033a599020 b .bss
000000033a599b20 b .bss
000000033a599080 b .bss
000000033a599020 b .bss
000000033a599020 b .bss
000000033a599b20 b .bss
000000033a599b20 b .bss
000000033a599b20 b .bss
000000033a599060 b .bss
000000033a599020 b .bss
000000033a599020 b .bss
000000033a599b20 b .bss
000000033a599b20 b .bss
000000033a599020 b .bss
000000033a599020 b .bss
000000033a599b20 b .bss
000000033a599020 b .bss
000000033a599020 b .bss
000000033a599b20 b .bss
000000033a599020 b .bss
000000033a599b20 b .bss
000000033a599020 b .bss
000000033a599020 b .bss
000000033a599b20 b .bss
000000033a599020 b .bss
000000033a599b20 b .bss
000000033a599020 b .bss
000000033a599020 b .bss
000000033a599b20 b .bss
000000033a599020 b .bss
000000033a599b20 b .bss
000000033a599020 b .bss
000000033a599b20 b .bss
000000033a599020 b .bss
000000033a599140 b .bss
000000033a599b20 b .bss
000000033a599020 b .bss
000000033a599b20 b .bss
000000033a599b20 b .bss
000000033a599020 b .bss
000000033a599b20 b .bss
000000033a599b20 b .bss
000000033a599b20 b .bss
000000033a599b20 b .bss
000000033a599020 b .bss
000000033a599050 b .bss
000000033a599b20 b .bss
000000033a599b20 b .bss
000000033a599b20 b .bss
000000033a599140 b .bss
000000033a599b20 b .bss
000000033a599b20 b .bss
000000033a599020 b .bss
000000033a599b20 b .bss
000000033a599020 b .bss
000000033a599b20 b .bss
000000033a599020 b .bss
000000033a599140 b .bss
000000033a599b20 b .bss
000000033a599050 b .bss
000000033a599b20 b .bss
000000033a599b20 b .bss
000000033a599b20 b .bss
000000033a599b20 b .bss
000000033a599b20 b .bss
000000033a599020 b .bss
000000033a599b20 b .bss
000000033a599b20 b .bss
000000033a599b20 b .bss
000000033a599b20 b .bss
000000033a599b20 b .bss
000000033a599020 b .bss
000000033a599b20 b .bss
000000033a599b20 b .bss
000000033a599020 b .bss
000000033a599020 b .bss
000000033a599b20 b .bss
000000033a599b20 b .bss
000000033a599b20 b .bss
000000033a599b20 b .bss
000000033a599b20 b .bss
000000033a5a3000 d .CRT$XCA
000000033a5a3008 d .CRT$XCZ
000000033a5a3048 d .CRT$XDA
000000033a5a3050 d .CRT$XDZ
000000033a5a3010 d .CRT$XIA
000000033a5a3018 d .CRT$XIAA
000000033a5a3020 d .CRT$XIZ
000000033a5a3028 d .CRT$XLA
000000033a5a3030 d .CRT$XLC
000000033a5a3038 d .CRT$XLD
000000033a5a3040 d .CRT$XLZ
000000033a589a60 t .ctors
000000033a589a68 t .ctors
000000033a589a58 t .ctors
000000033a589a70 t .ctors.65535
000000033a58a090 d .data
000000033a58a040 d .data
000000033a58a0a0 d .data
000000033a58a090 d .data
000000033a58a090 d .data
000000033a58a010 d .data
000000033a58a010 d .data
000000033a58a010 d .data
000000033a58a040 d .data
000000033a58a090 d .data
000000033a58a060 d .data
000000033a58a070 d .data
000000033a58a030 d .data
000000033a58a090 d .data
000000033a58a010 d .data
000000033a58a010 d .data
000000033a58a010 d .data
000000033a58a090 d .data
000000033a58a040 d .data
000000033a58a010 d .data
000000033a58a090 d .data
000000033a58a0a0 d .data
000000033a58a090 d .data
000000033a58a090 d .data
000000033a58a010 d .data
000000033a58a030 d .data
000000033a58a010 d .data
000000033a58a090 d .data
000000033a58a0a0 d .data
000000033a58a090 d .data
000000033a58a090 d .data
000000033a58a010 d .data
000000033a58a090 d .data
000000033a58a010 d .data
000000033a58a030 d .data
000000033a58a090 d .data
000000033a58a0a0 d .data
000000033a58a010 d .data
000000033a58a010 d .data
000000033a58a090 d .data
000000033a58a090 d .data
000000033a58a040 d .data
000000033a58a090 d .data
000000033a58a010 d .data
000000033a58a010 d .data
000000033a58a090 d .data
000000033a58a010 d .data
000000033a58a0a0 d .data
000000033a58a090 d .data
000000033a58a090 d .data
000000033a58a010 d .data
000000033a58a0a0 d .data
000000033a58a090 d .data
000000033a58a090 d .data
000000033a58a010 d .data
000000033a58a010 d .data
000000033a58a040 d .data
000000033a58a090 d .data
000000033a58a090 d .data
000000033a58a030 d .data
000000033a58a0a0 d .data
000000033a58a090 d .data
000000033a58a090 d .data
000000033a58a090 d .data
000000033a58a010 d .data
000000033a58a000 d .data
000000033a58a090 d .data
000000033a58a040 d .data
000000033a58a090 d .data
000000033a58a010 d .data
000000033a58a090 d .data
000000033a58a0a0 d .data
000000033a58a010 d .data
000000033a58a090 d .data
000000033a58a010 d .data
000000033a58a090 d .data
000000033a58a0a0 d .data
000000033a58a030 d .data
000000033a58a090 d .data
000000033a58a010 d .data
000000033a58a0a0 d .data
000000033a58a0a0 d .data
000000033a58a040 d .data
000000033a58a010 d .data
000000033a58a080 d .data
000000033a58a040 d .data
000000033a58a090 d .data
000000033a58a090 d .data
000000033a58a010 d .data
000000033a58a0a0 d .data
000000033a58a090 d .data
000000033a58a010 d .data
000000033a58a090 d .data
000000033a58a040 d .data
000000033a58a0a0 d .data
000000033a58a010 d .data
000000033a58a060 d .data
000000033a58a0a0 d .data
000000033a58a090 d .data
000000033a58a040 d .data
000000033a58a010 d .data
000000033a58a0a0 d .data
000000033a58a090 d .data
000000033a58a090 d .data
000000033a58a090 d .data
000000033a58a010 d .data
000000033a58a0a0 d .data
000000033a58a010 d .data
000000033a58a090 d .data
000000033a58a090 d .data
000000033a58a010 d .data
000000033a58a090 d .data
000000033a58a090 d .data
000000033a58a090 d .data
000000033a58a0a0 d .data
000000033a58a090 d .data
000000033a58a040 d .data
000000033a58a0a0 d .data
000000033a58a040 d .data
000000033a58a010 d .data
000000033a58a040 d .data
000000033a58a020 d .data
000000033a58a090 d .data
000000033a58a090 d .data
000000033a58a060 d .data
000000033a58a090 d .data
000000033a58a040 d .data
000000033a58a090 d .data
000000033a58a040 d .data
000000033a58a0a0 d .data
000000033a58a090 d .data
000000033a58a010 d .data
000000033a58a090 d .data
000000033a58a090 d .data
000000033a58a030 d .data
000000033a58a090 d .data
000000033a58a010 d .data
000000033a58a010 d .data
000000033a58a010 d .data
000000033a58a040 d .data
000000033a58a090 d .data
000000033a58a0a0 d .data
000000033a58a010 d .data
000000033a58a090 d .data
000000033a58a090 d .data
000000033a58a090 d .data
000000033a58a090 d .data
000000033a58a0a0 d .data
000000033a58a0a0 d .data
000000033a58a060 d .data
000000033a58a090 d .data
000000033a58a010 d .data
000000033a58a090 d .data
000000033a58a090 d .data
000000033a58a0c0 d .data$.LDFCM0
000000033a58a0b0 d .data$.LDFCM0
000000033a58a0a0 d .data$.LDFCM0
000000033a58a180 d .data$__emutls_v._ZZN12_GLOBAL__N_110get_globalEvE6global
000000033a58a0d0 d .data$_ZN10__cxxabiv119__terminate_handlerE
000000033a58a0e0 d .data$_ZN10__cxxabiv120__unexpected_handlerE
000000033a58a0f0 d .data$_ZN12_GLOBAL__N_113__new_handlerE
000000033a58a100 d .data$_ZN12_GLOBAL__N_114emergency_poolE
000000033a58a120 d .data$_ZN12_GLOBAL__N_124system_category_instanceE
000000033a58a130 d .data$_ZN12_GLOBAL__N_125generic_category_instanceE
000000033a58a140 d .data$_ZNSs4_Rep20_S_empty_rep_storageE
000000033a58a160 d .data$_ZZN9__gnu_cxx27__verbose_terminate_handlerEvE11terminating
000000033a5fa48e N .debug_abbrev
000000033a5f9c09 N .debug_abbrev
000000033a5f92a9 N .debug_abbrev
000000033a5f74de N .debug_abbrev
000000033a5f9f01 N .debug_abbrev
000000033a5f7e47 N .debug_abbrev
000000033a5fa564 N .debug_abbrev
000000033a5f9fa0 N .debug_abbrev
000000033a5fab02 N .debug_abbrev
000000033a5f9f2e N .debug_abbrev
000000033a5fb599 N .debug_abbrev
000000033a5fb832 N .debug_abbrev
000000033a5f99a8 N .debug_abbrev
000000033a5f9547 N .debug_abbrev
000000033a5f9c37 N .debug_abbrev
000000033a5f95d6 N .debug_abbrev
000000033a5fb0e8 N .debug_abbrev
000000033a5f7000 N .debug_abbrev
000000033a5fa2ba N .debug_abbrev
000000033a5fa635 N .debug_abbrev
000000033a5f95a8 N .debug_abbrev
000000033a5fafab N .debug_abbrev
000000033a5f935f N .debug_abbrev
000000033a5fb6d1 N .debug_abbrev
000000033a5fa012 N .debug_abbrev
000000033a5fa166 N .debug_abbrev
000000033a5f9c67 N .debug_abbrev
000000033a5facb7 N .debug_abbrev
000000033a5fa36f N .debug_abbrev
000000033a5f916a N .debug_abbrev
000000033a5a7ac0 N .debug_aranges
000000033a5a7970 N .debug_aranges
000000033a5a7a00 N .debug_aranges
000000033a5a7a60 N .debug_aranges
000000033a5a7b50 N .debug_aranges
000000033a5a7940 N .debug_aranges
000000033a5a78e0 N .debug_aranges
000000033a5a7760 N .debug_aranges
000000033a5a7800 N .debug_aranges
000000033a5a7af0 N .debug_aranges
000000033a5a7780 N .debug_aranges
000000033a5a78b0 N .debug_aranges
000000033a5a77e0 N .debug_aranges
000000033a5a79d0 N .debug_aranges
000000033a5a7b20 N .debug_aranges
000000033a5a7740 N .debug_aranges
000000033a5a7a90 N .debug_aranges
000000033a5a6030 N .debug_aranges
000000033a5a7a30 N .debug_aranges
000000033a5a6000 N .debug_aranges
000000033a5a7710 N .debug_aranges
000000033a5a7850 N .debug_aranges
000000033a5a79a0 N .debug_aranges
000000033a5a6320 N .debug_aranges
000000033a5a77b0 N .debug_aranges
000000033a5a7880 N .debug_aranges
000000033a5a7910 N .debug_aranges
000000033a5a7820 N .debug_aranges
000000033a5a76c0 N .debug_aranges
000000033a5a76f0 N .debug_aranges
000000033a60f1a8 N .debug_frame
000000033a60eaf8 N .debug_frame
000000033a60e1a0 N .debug_frame
000000033a609490 N .debug_frame
000000033a60e2c8 N .debug_frame
000000033a60e5c8 N .debug_frame
000000033a60e590 N .debug_frame
000000033a6082a8 N .debug_frame
000000033a60e540 N .debug_frame
000000033a60e450 N .debug_frame
000000033a60ec00 N .debug_frame
000000033a60e420 N .debug_frame
000000033a60e480 N .debug_frame
000000033a60f170 N .debug_frame
000000033a60e0c0 N .debug_frame
000000033a60f138 N .debug_frame
000000033a60e3f0 N .debug_frame
000000033a60e620 N .debug_frame
000000033a60ecb0 N .debug_frame
000000033a60ed40 N .debug_frame
000000033a60dfa0 N .debug_frame
000000033a608000 N .debug_frame
000000033a60e4b8 N .debug_frame
000000033a60e028 N .debug_frame
000000033a60e4f0 N .debug_frame
000000033a608e80 N .debug_frame$_ZdlPvS_
000000033a60a388 N .debug_frame$_ZN9__gnu_cxx11char_traitsIcE2eqERKcS3_
000000033a609a70 N .debug_frame$_ZN9__gnu_cxx11char_traitsIcE4copyEPcPKcy
000000033a609a30 N .debug_frame$_ZN9__gnu_cxx11char_traitsIcE6lengthEPKc
000000033a60d1f8 N .debug_frame$_ZN9__gnu_cxx16__aligned_bufferIiE6_M_ptrEv
000000033a60d698 N .debug_frame$_ZN9__gnu_cxx16__aligned_bufferIiE7_M_addrEv
000000033a60c640 N .debug_frame$_ZN9__gnu_cxx16__aligned_membufISt4pairIKhiEE6_M_ptrEv
000000033a60ce88 N .debug_frame$_ZN9__gnu_cxx16__aligned_membufISt4pairIKhiEE7_M_addrEv
000000033a6086f8 N .debug_frame$_ZN9__gnu_cxx17__normal_iteratorIPhSt6vectorIhSaIhEEEC1ERKS1_
000000033a608b28 N .debug_frame$_ZN9__gnu_cxx17__normal_iteratorIPhvEC1ERKS1_
000000033a608c78 N .debug_frame$_ZN9__gnu_cxx17__normal_iteratorIPhvEppEv
000000033a60ac80 N .debug_frame$_ZN9__gnu_cxx17__normal_iteratorIPiSt6vectorIiSaIiEEEC1ERKS1_
000000033a60ae10 N .debug_frame$_ZN9__gnu_cxx17__normal_iteratorIPiSt6vectorIiSaIiEEEppEi
000000033a60a1f8 N .debug_frame$_ZN9__gnu_cxx17__normal_iteratorIPiSt6vectorIiSaIiEEEppEv
000000033a60ccf8 N .debug_frame$_ZN9__gnu_cxx17__normal_iteratorIPivEC1ERKS1_
000000033a60d798 N .debug_frame$_ZN9__gnu_cxx17__normal_iteratorIPivEppEv
000000033a60a818 N .debug_frame$_ZN9__gnu_cxx17__normal_iteratorIPP4dataSt6vectorIS2_SaIS2_EEEC1ERKS3_
000000033a60cab8 N .debug_frame$_ZN9__gnu_cxx17__normal_iteratorIPP4datavEC1ERKS3_
000000033a60d598 N .debug_frame$_ZN9__gnu_cxx17__normal_iteratorIPP4datavEppEv
000000033a609960 N .debug_frame$_ZN9__gnu_cxxeqIPiSt6vectorIiSaIiEEEEbRKNS_17__normal_iteratorIT_T0_EESA_QrqXeqcldtfL0p_4baseEcldtfL0p0_4baseERSt14convertible_toIbEE
000000033a608738 N .debug_frame$_ZN9__gnu_cxxmiIPhSt6vectorIhSaIhEEEENS_17__normal_iteratorIT_T0_E15difference_typeERKS8_SB_
000000033a60a0d0 N .debug_frame$_ZN9__gnu_cxxmiIPiSt6vectorIiSaIiEEEENS_17__normal_iteratorIT_T0_E15difference_typeERKS8_SB_
000000033a60a858 N .debug_frame$_ZN9__gnu_cxxmiIPP4dataSt6vectorIS2_SaIS2_EEEENS_17__normal_iteratorIT_T0_E15difference_typeERKSA_SD_
000000033a60d498 N .debug_frame$_ZNK9__gnu_cxx16__aligned_membufISt4pairIKhiEE6_M_ptrEv
000000033a60d8e8 N .debug_frame$_ZNK9__gnu_cxx16__aligned_membufISt4pairIKhiEE7_M_addrEv
000000033a608918 N .debug_frame$_ZNK9__gnu_cxx17__normal_iteratorIPhSt6vectorIhSaIhEEE4baseEv
000000033a608c38 N .debug_frame$_ZNK9__gnu_cxx17__normal_iteratorIPhvE4baseEv
000000033a608cb8 N .debug_frame$_ZNK9__gnu_cxx17__normal_iteratorIPhvEdeEv
000000033a609920 N .debug_frame$_ZNK9__gnu_cxx17__normal_iteratorIPiSt6vectorIiSaIiEEE4baseEv
000000033a6099a8 N .debug_frame$_ZNK9__gnu_cxx17__normal_iteratorIPiSt6vectorIiSaIiEEEdeEv
000000033a60a118 N .debug_frame$_ZNK9__gnu_cxx17__normal_iteratorIPiSt6vectorIiSaIiEEEplEx
000000033a60d388 N .debug_frame$_ZNK9__gnu_cxx17__normal_iteratorIPivE4baseEv
000000033a60d7d8 N .debug_frame$_ZNK9__gnu_cxx17__normal_iteratorIPivEdeEv
000000033a60b608 N .debug_frame$_ZNK9__gnu_cxx17__normal_iteratorIPP4dataSt6vectorIS2_SaIS2_EEE4baseEv
000000033a60d178 N .debug_frame$_ZNK9__gnu_cxx17__normal_iteratorIPP4datavE4baseEv
000000033a60d5d8 N .debug_frame$_ZNK9__gnu_cxx17__normal_iteratorIPP4datavEdeEv
000000033a60c2e0 N .debug_frame$_ZNKSt10_HashtableIiiSaIiENSt8__detail9_IdentityESt8equal_toIiESt4hashIiENS1_18_Mod_range_hashingENS1_20_Default_ranged_hashENS1_20_Prime_rehash_policyENS1_17_Hashtable_traitsILb0ELb1ELb1EEEE21_M_uses_single_bucketEPPNS1_15_Hash_node_baseE
000000033a60b748 N .debug_frame$_ZNKSt10_HashtableIiiSaIiENSt8__detail9_IdentityESt8equal_toIiESt4hashIiENS1_18_Mod_range_hashingENS1_20_Default_ranged_hashENS1_20_Prime_rehash_policyENS1_17_Hashtable_traitsILb0ELb1ELb1EEEE8_M_beginEv
000000033a60ce48 N .debug_frame$_ZNKSt10_Select1stISt4pairIKhiEEclERKS2_
000000033a608568 N .debug_frame$_ZNKSt12_Vector_baseIhSaIhEE19_M_get_Tp_allocatorEv
000000033a60ab70 N .debug_frame$_ZNKSt12_Vector_baseIiSaIiEE19_M_get_Tp_allocatorEv
000000033a60a708 N .debug_frame$_ZNKSt12_Vector_baseIP4dataSaIS1_EE19_M_get_Tp_allocatorEv
000000033a60ce08 N .debug_frame$_ZNKSt13_Rb_tree_nodeISt4pairIKhiEE9_M_valptrEv
000000033a60b1c8 N .debug_frame$_ZNKSt17_Rb_tree_iteratorISt4pairIKhiEEdeEv
000000033a60c718 N .debug_frame$_ZNKSt23_Rb_tree_const_iteratorISt4pairIKhiEE13_M_const_castEv
000000033a60bae0 N .debug_frame$_ZNKSt24uniform_int_distributionIyE10param_type1aEv
000000033a60baa0 N .debug_frame$_ZNKSt24uniform_int_distributionIyE10param_type1bEv
000000033a60b188 N .debug_frame$_ZNKSt3mapIhiSt4lessIhESaISt4pairIKhiEEE8key_compEv
000000033a60b208 N .debug_frame$_ZNKSt4lessIhEclERKhS2_
000000033a608668 N .debug_frame$_ZNKSt6vectorIhSaIhEE12_M_check_lenEyPKc
000000033a6084e8 N .debug_frame$_ZNKSt6vectorIhSaIhEE4sizeEv
000000033a608528 N .debug_frame$_ZNKSt6vectorIhSaIhEE8max_sizeEv
000000033a60ac30 N .debug_frame$_ZNKSt6vectorIiSaIiEE12_M_check_lenEyPKc
000000033a60abf0 N .debug_frame$_ZNKSt6vectorIiSaIiEE4sizeEv
000000033a60ab30 N .debug_frame$_ZNKSt6vectorIiSaIiEE8max_sizeEv
000000033a60a788 N .debug_frame$_ZNKSt6vectorIP4dataSaIS1_EE12_M_check_lenEyPKc
000000033a60a9b0 N .debug_frame$_ZNKSt6vectorIP4dataSaIS1_EE14_M_range_checkEy
000000033a609dd0 N .debug_frame$_ZNKSt6vectorIP4dataSaIS1_EE4sizeEv
000000033a60a6c8 N .debug_frame$_ZNKSt6vectorIP4dataSaIS1_EE8max_sizeEv
000000033a609bf0 N .debug_frame$_ZNKSt7__cxx1112basic_stringIcSt11char_traitsIcESaIcEE11_M_is_localEv
000000033a60a448 N .debug_frame$_ZNKSt7__cxx1112basic_stringIcSt11char_traitsIcESaIcEE13_M_local_dataEv
000000033a60c078 N .debug_frame$_ZNKSt7__cxx1112basic_stringIcSt11char_traitsIcESaIcEE16_M_get_allocatorEv
000000033a609af0 N .debug_frame$_ZNKSt7__cxx1112basic_stringIcSt11char_traitsIcESaIcEE5c_strEv
000000033a609ab0 N .debug_frame$_ZNKSt7__cxx1112basic_stringIcSt11char_traitsIcESaIcEE7_M_dataEv
000000033a60c0b8 N .debug_frame$_ZNKSt7__cxx1112basic_stringIcSt11char_traitsIcESaIcEE8max_sizeEv
000000033a60c250 N .debug_frame$_ZNKSt8__detail10_Hash_nodeIiLb0EE7_M_nextEv
000000033a60bfe8 N .debug_frame$_ZNKSt8_Rb_treeIhSt4pairIKhiESt10_Select1stIS2_ESt4lessIhESaIS2_EE10_Auto_node6_M_keyEv
000000033a60c758 N .debug_frame$_ZNKSt8_Rb_treeIhSt4pairIKhiESt10_Select1stIS2_ESt4lessIhESaIS2_EE4sizeEv
000000033a60bd80 N .debug_frame$_ZNKSt8_Rb_treeIhSt4pairIKhiESt10_Select1stIS2_ESt4lessIhESaIS2_EE8key_compEv
000000033a60b540 N .debug_frame$_ZNKSt8_Rb_treeIhSt4pairIKhiESt10_Select1stIS2_ESt4lessIhESaIS2_EE9_M_mbeginEv
000000033a60b7c8 N .debug_frame$_ZNSt10_HashtableIiiSaIiENSt8__detail9_IdentityESt8equal_toIiESt4hashIiENS1_18_Mod_range_hashingENS1_20_Default_ranged_hashENS1_20_Prime_rehash_policyENS1_17_Hashtable_traitsILb0ELb1ELb1EEEE21_M_deallocate_bucketsEPPNS1_15_Hash_node_baseEy
000000033a60aa70 N .debug_frame$_ZNSt10_HashtableIiiSaIiENSt8__detail9_IdentityESt8equal_toIiESt4hashIiENS1_18_Mod_range_hashingENS1_20_Default_ranged_hashENS1_20_Prime_rehash_policyENS1_17_Hashtable_traitsILb0ELb1ELb1EEEE21_M_deallocate_bucketsEv
000000033a60aa30 N .debug_frame$_ZNSt10_HashtableIiiSaIiENSt8__detail9_IdentityESt8equal_toIiESt4hashIiENS1_18_Mod_range_hashingENS1_20_Default_ranged_hashENS1_20_Prime_rehash_policyENS1_17_Hashtable_traitsILb0ELb1ELb1EEEE5clearEv
000000033a6097e0 N .debug_frame$_ZNSt10_HashtableIiiSaIiENSt8__detail9_IdentityESt8equal_toIiESt4hashIiENS1_18_Mod_range_hashingENS1_20_Default_ranged_hashENS1_20_Prime_rehash_policyENS1_17_Hashtable_traitsILb0ELb1ELb1EEEEC1Ev
000000033a609f10 N .debug_frame$_ZNSt10_HashtableIiiSaIiENSt8__detail9_IdentityESt8equal_toIiESt4hashIiENS1_18_Mod_range_hashingENS1_20_Default_ranged_hashENS1_20_Prime_rehash_policyENS1_17_Hashtable_traitsILb0ELb1ELb1EEEED1Ev
000000033a60dcd0 N .debug_frame$_ZNSt10_Head_baseILy0EOhLb0EE7_M_headERS1_
000000033a60cec8 N .debug_frame$_ZNSt10_Head_baseILy0EOhLb0EEC2IhEEOT_
000000033a60df60 N .debug_frame$_ZNSt11__copy_moveILb0ELb0ESt26random_access_iterator_tagE12__assign_oneIiiEEvPT_PT0_
000000033a60dee0 N .debug_frame$_ZNSt11__copy_moveILb0ELb0ESt26random_access_iterator_tagE8__copy_mIPiS3_EET0_T_S5_S4_
000000033a60df20 N .debug_frame$_ZNSt11__copy_moveILb0ELb1ESt26random_access_iterator_tagE8__copy_mIiiEEPT0_PT_S6_S4_
000000033a60dc90 N .debug_frame$_ZNSt11_Tuple_implILy0EJOhEE7_M_headERS1_
000000033a60db90 N .debug_frame$_ZNSt11_Tuple_implILy0EJOhEEC2EOS1_
000000033a60c680 N .debug_frame$_ZNSt11_Tuple_implILy0EJOhEEC2IhEEOT_
000000033a608f40 N .debug_frame$_ZNSt11char_traitsIcE4copyEPcPKcy
000000033a608ec0 N .debug_frame$_ZNSt11char_traitsIcE6assignERcRKc
000000033a608f00 N .debug_frame$_ZNSt11char_traitsIcE6lengthEPKc
000000033a60c360 N .debug_frame$_ZNSt12_Destroy_auxILb0EE9__destroyIPiEEvT_S3_
000000033a60c3a0 N .debug_frame$_ZNSt12_Destroy_auxILb1EE9__destroyIPiEEvT_S3_
000000033a608958 N .debug_frame$_ZNSt12_Vector_baseIhSaIhEE11_M_allocateEy
000000033a6081a8 N .debug_frame$_ZNSt12_Vector_baseIhSaIhEE12_Vector_implC1EvQ26is_default_constructible_vIN9__gnu_cxx14__alloc_traitsIT0_NS5_10value_typeEE6rebindIT_E5otherEE
000000033a6081e8 N .debug_frame$_ZNSt12_Vector_baseIhSaIhEE17_Vector_impl_dataC2Ev
000000033a608a18 N .debug_frame$_ZNSt12_Vector_baseIhSaIhEE19_M_get_Tp_allocatorEv
000000033a608228 N .debug_frame$_ZNSt12_Vector_baseIhSaIhEEC2Ev
000000033a60b8d0 N .debug_frame$_ZNSt12_Vector_baseIiSaIiEE11_M_allocateEy
000000033a60afe8 N .debug_frame$_ZNSt12_Vector_baseIiSaIiEE12_Vector_implC1ERKS0_
000000033a6098e0 N .debug_frame$_ZNSt12_Vector_baseIiSaIiEE12_Vector_implD1Ev
000000033a60aab0 N .debug_frame$_ZNSt12_Vector_baseIiSaIiEE13_M_deallocateEPiy
000000033a6098a0 N .debug_frame$_ZNSt12_Vector_baseIiSaIiEE17_Vector_impl_dataC2Ev
000000033a60aaf0 N .debug_frame$_ZNSt12_Vector_baseIiSaIiEE19_M_get_Tp_allocatorEv
000000033a60b028 N .debug_frame$_ZNSt12_Vector_baseIiSaIiEEC2ERKS0_
000000033a609f50 N .debug_frame$_ZNSt12_Vector_baseIiSaIiEED2Ev
000000033a60b648 N .debug_frame$_ZNSt12_Vector_baseIP4dataSaIS1_EE11_M_allocateEy
000000033a609390 N .debug_frame$_ZNSt12_Vector_baseIP4dataSaIS1_EE12_Vector_implC1EvQ26is_default_constructible_vIN9__gnu_cxx14__alloc_traitsIT0_NS7_10value_typeEE6rebindIT_E5otherEE
000000033a6093d0 N .debug_frame$_ZNSt12_Vector_baseIP4dataSaIS1_EE17_Vector_impl_dataC2Ev
000000033a60b708 N .debug_frame$_ZNSt12_Vector_baseIP4dataSaIS1_EE19_M_get_Tp_allocatorEv
000000033a609410 N .debug_frame$_ZNSt12_Vector_baseIP4dataSaIS1_EEC2Ev
000000033a60bdc0 N .debug_frame$_ZNSt13_Rb_tree_nodeISt4pairIKhiEE9_M_valptrEv
000000033a6091c0 N .debug_frame$_ZNSt13random_deviceC1Ev
000000033a609250 N .debug_frame$_ZNSt13random_deviceclEv
000000033a609210 N .debug_frame$_ZNSt13random_deviceD1Ev
000000033a609820 N .debug_frame$_ZNSt13unordered_setIiSt4hashIiESt8equal_toIiESaIiEEC1Ev
000000033a609860 N .debug_frame$_ZNSt13unordered_setIiSt4hashIiESt8equal_toIiESaIiEED1Ev
000000033a60d068 N .debug_frame$_ZNSt15__new_allocatorIcE10deallocateEPcy
000000033a60d518 N .debug_frame$_ZNSt15__new_allocatorIcE8allocateEyPKv
000000033a608aa8 N .debug_frame$_ZNSt15__new_allocatorIhE10deallocateEPhy
000000033a608ba8 N .debug_frame$_ZNSt15__new_allocatorIhE8allocateEyPKv
000000033a60cbf8 N .debug_frame$_ZNSt15__new_allocatorIiE10deallocateEPiy
000000033a60d2f8 N .debug_frame$_ZNSt15__new_allocatorIiE8allocateEyPKv
000000033a60da50 N .debug_frame$_ZNSt15__new_allocatorINSt8__detail10_Hash_nodeIiLb0EEEE10deallocateEPS2_y
000000033a60ca38 N .debug_frame$_ZNSt15__new_allocatorIP4dataE10deallocateEPS1_y
000000033a60d0e8 N .debug_frame$_ZNSt15__new_allocatorIP4dataE8allocateEyPKv
000000033a60d758 N .debug_frame$_ZNSt15__new_allocatorIPNSt8__detail15_Hash_node_baseEE10deallocateEPS2_y
000000033a60d558 N .debug_frame$_ZNSt15__new_allocatorISt13_Rb_tree_nodeISt4pairIKhiEEE10deallocateEPS4_y
000000033a60db50 N .debug_frame$_ZNSt15__new_allocatorISt13_Rb_tree_nodeISt4pairIKhiEEE8allocateEyPKv
000000033a609100 N .debug_frame$_ZNSt15_Rb_tree_header8_M_resetEv
000000033a6090c0 N .debug_frame$_ZNSt15_Rb_tree_headerC2Ev
000000033a60bcf0 N .debug_frame$_ZNSt17_Rb_tree_iteratorISt4pairIKhiEEC1EPSt18_Rb_tree_node_base
000000033a60c8e8 N .debug_frame$_ZNSt17_Rb_tree_iteratorISt4pairIKhiEEmmEv
000000033a60c928 N .debug_frame$_ZNSt17_Rb_tree_iteratorISt4pairIKhiEEppEv
000000033a608fc0 N .debug_frame$_ZNSt19__ptr_traits_ptr_toIPccLb0EE10pointer_toERc
000000033a60b400 N .debug_frame$_ZNSt19__ptr_traits_ptr_toIPKcS0_Lb0EE10pointer_toERS0_
000000033a60d278 N .debug_frame$_ZNSt19__ptr_traits_ptr_toIPNSt8__detail10_Hash_nodeIiLb0EEES2_Lb0EE10pointer_toERS2_
000000033a60cbb8 N .debug_frame$_ZNSt19__ptr_traits_ptr_toIPPNSt8__detail15_Hash_node_baseES2_Lb0EE10pointer_toERS2_
000000033a60cdc8 N .debug_frame$_ZNSt20__uninitialized_copyILb1EE13__uninit_copyIN9__gnu_cxx17__normal_iteratorIPiSt6vectorIiSaIiEEEES4_EET0_T_SA_S9_
000000033a60a608 N .debug_frame$_ZNSt20_Rb_tree_key_compareISt4lessIhEEC2Ev
000000033a60b288 N .debug_frame$_ZNSt23_Rb_tree_const_iteratorISt4pairIKhiEEC1ERKSt17_Rb_tree_iteratorIS2_E
000000033a60c530 N .debug_frame$_ZNSt23mersenne_twister_engineIjLy32ELy624ELy397ELy31ELj2567483615ELy11ELj4294967295ELy7ELj2636928640ELy15ELj4022730752ELy18ELj1812433253EE11_M_gen_randEv
000000033a60ad90 N .debug_frame$_ZNSt23mersenne_twister_engineIjLy32ELy624ELy397ELy31ELj2567483615ELy11ELj4294967295ELy7ELj2636928640ELy15ELj4022730752ELy18ELj1812433253EE4seedEj
000000033a60a010 N .debug_frame$_ZNSt23mersenne_twister_engineIjLy32ELy624ELy397ELy31ELj2567483615ELy11ELj4294967295ELy7ELj2636928640ELy15ELj4022730752ELy18ELj1812433253EEC1Ej
000000033a60bb60 N .debug_frame$_ZNSt23mersenne_twister_engineIjLy32ELy624ELy397ELy31ELj2567483615ELy11ELj4294967295ELy7ELj2636928640ELy15ELj4022730752ELy18ELj1812433253EEclEv
000000033a60af58 N .debug_frame$_ZNSt24uniform_int_distributionIyE10param_typeC1Eyy
000000033a60bb20 N .debug_frame$_ZNSt24uniform_int_distributionIyE5_S_ndIySt23mersenne_twister_engineIjLy32ELy624ELy397ELy31ELj2567483615ELy11ELj4294967295ELy7ELj2636928640ELy15ELj4022730752ELy18ELj1812433253EEjEET1_RT0_S4_
000000033a60af18 N .debug_frame$_ZNSt24uniform_int_distributionIyEC1Ev
000000033a60add0 N .debug_frame$_ZNSt24uniform_int_distributionIyEC1Eyy
000000033a60ae50 N .debug_frame$_ZNSt24uniform_int_distributionIyEclISt23mersenne_twister_engineIjLy32ELy624ELy397ELy31ELj2567483615ELy11ELj4294967295ELy7ELj2636928640ELy15ELj4022730752ELy18ELj1812433253EEEEyRT_
000000033a60af98 N .debug_frame$_ZNSt24uniform_int_distributionIyEclISt23mersenne_twister_engineIjLy32ELy624ELy397ELy31ELj2567483615ELy11ELj4294967295ELy7ELj2636928640ELy15ELj4022730752ELy18ELj1812433253EEEEyRT_RKNS0_10param_typeE
000000033a60b148 N .debug_frame$_ZNSt3mapIhiSt4lessIhESaISt4pairIKhiEEE11lower_boundERS3_
000000033a60a278 N .debug_frame$_ZNSt3mapIhiSt4lessIhESaISt4pairIKhiEEE3endEv
000000033a60a238 N .debug_frame$_ZNSt3mapIhiSt4lessIhESaISt4pairIKhiEEE4findERS3_
000000033a609310 N .debug_frame$_ZNSt3mapIhiSt4lessIhESaISt4pairIKhiEEEC1Ev
000000033a609350 N .debug_frame$_ZNSt3mapIhiSt4lessIhESaISt4pairIKhiEEED1Ev
000000033a60a2f8 N .debug_frame$_ZNSt3mapIhiSt4lessIhESaISt4pairIKhiEEEixEOh
000000033a60dd10 N .debug_frame$_ZNSt4pairIKhiEC1IJOhEJEEESt21piecewise_construct_tSt5tupleIJDpT_EES5_IJDpT0_EE
000000033a60dbd0 N .debug_frame$_ZNSt4pairIKhiEC1IJOhEJLy0EEJEJEEERSt5tupleIJDpT_EERS4_IJDpT1_EESt12_Index_tupleIJXspT0_EEESD_IJXspT2_EEE
000000033a60c7d8 N .debug_frame$_ZNSt4pairIPSt18_Rb_tree_node_baseS1_EC1ERKS1_S4_Qcl16_S_constructibleIRKT_RKT0_EE
000000033a60cfe8 N .debug_frame$_ZNSt4pairIPSt18_Rb_tree_node_baseS1_EC1IRPSt13_Rb_tree_nodeIS_IKhiEERS1_EEOT_OT0_
000000033a60c8a8 N .debug_frame$_ZNSt4pairIPSt18_Rb_tree_node_baseS1_EC1IRS1_S4_EEOT_OT0_
000000033a60c4f0 N .debug_frame$_ZNSt4pairIyyEC1IyyEEOT_OT0_
000000033a60d928 N .debug_frame$_ZNSt5tupleIJOhEEC1EOS1_
000000033a60be00 N .debug_frame$_ZNSt5tupleIJOhEEC1IJhEEEDpOT_
000000033a6085a8 N .debug_frame$_ZNSt6vectorIhSaIhEE11_S_max_sizeERKS0_
000000033a6089d8 N .debug_frame$_ZNSt6vectorIhSaIhEE11_S_relocateEPhS2_S2_RS0_
000000033a608840 N .debug_frame$_ZNSt6vectorIhSaIhEE17_M_realloc_appendIJRKhEEEvDpOT_
000000033a6086b8 N .debug_frame$_ZNSt6vectorIhSaIhEE3endEv
000000033a608780 N .debug_frame$_ZNSt6vectorIhSaIhEE5beginEv
000000033a6084a8 N .debug_frame$_ZNSt6vectorIhSaIhEE9push_backERKh
000000033a608268 N .debug_frame$_ZNSt6vectorIhSaIhEEC1Ev
000000033a60abb0 N .debug_frame$_ZNSt6vectorIiSaIiEE11_S_max_sizeERKS0_
000000033a60b950 N .debug_frame$_ZNSt6vectorIiSaIiEE11_S_relocateEPiS2_S2_RS0_
000000033a60ad40 N .debug_frame$_ZNSt6vectorIiSaIiEE17_M_realloc_appendIJRKiEEEvDpOT_
000000033a60bba0 N .debug_frame$_ZNSt6vectorIiSaIiEE17_S_check_init_lenEyRKS0_
000000033a60b068 N .debug_frame$_ZNSt6vectorIiSaIiEE19_M_range_initializeIN9__gnu_cxx17__normal_iteratorIPiS1_EEEEvT_S7_St20forward_iterator_tag
000000033a60a090 N .debug_frame$_ZNSt6vectorIiSaIiEE3endEv
000000033a60a050 N .debug_frame$_ZNSt6vectorIiSaIiEE5beginEv
000000033a609fd0 N .debug_frame$_ZNSt6vectorIiSaIiEE9push_backERKi
000000033a60a1a8 N .debug_frame$_ZNSt6vectorIiSaIiEEC1IN9__gnu_cxx17__normal_iteratorIPiS1_EEvEET_S7_RKS0_
000000033a609f90 N .debug_frame$_ZNSt6vectorIiSaIiEED1Ev
000000033a60a748 N .debug_frame$_ZNSt6vectorIP4dataSaIS1_EE11_S_max_sizeERKS2_
000000033a60b6c8 N .debug_frame$_ZNSt6vectorIP4dataSaIS1_EE11_S_relocateEPS1_S4_S4_RS2_
000000033a60a960 N .debug_frame$_ZNSt6vectorIP4dataSaIS1_EE17_M_realloc_appendIJRKS1_EEEvDpOT_
000000033a609e10 N .debug_frame$_ZNSt6vectorIP4dataSaIS1_EE2atEy
000000033a60a7d8 N .debug_frame$_ZNSt6vectorIP4dataSaIS1_EE3endEv
000000033a60a8a0 N .debug_frame$_ZNSt6vectorIP4dataSaIS1_EE5beginEv
000000033a609d90 N .debug_frame$_ZNSt6vectorIP4dataSaIS1_EE9push_backERKS1_
000000033a609450 N .debug_frame$_ZNSt6vectorIP4dataSaIS1_EEC1Ev
000000033a60a9f0 N .debug_frame$_ZNSt6vectorIP4dataSaIS1_EEixEy
000000033a60b320 N .debug_frame$_ZNSt7__cxx1112basic_stringIcSt11char_traitsIcESaIcEE10_M_destroyEy
000000033a60a408 N .debug_frame$_ZNSt7__cxx1112basic_stringIcSt11char_traitsIcESaIcEE10_M_disposeEv
000000033a60a4c8 N .debug_frame$_ZNSt7__cxx1112basic_stringIcSt11char_traitsIcESaIcEE11_M_capacityEy
000000033a60c0f8 N .debug_frame$_ZNSt7__cxx1112basic_stringIcSt11char_traitsIcESaIcEE11_S_allocateERS3_y
000000033a609c40 N .debug_frame$_ZNSt7__cxx1112basic_stringIcSt11char_traitsIcESaIcEE12_Alloc_hiderC1EPcRKS3_
000000033a609080 N .debug_frame$_ZNSt7__cxx1112basic_stringIcSt11char_traitsIcESaIcEE12_Alloc_hiderD1Ev
000000033a60a588 N .debug_frame$_ZNSt7__cxx1112basic_stringIcSt11char_traitsIcESaIcEE12_M_constructIPKcEEvT_S8_St20forward_iterator_tag
000000033a608f80 N .debug_frame$_ZNSt7__cxx1112basic_stringIcSt11char_traitsIcESaIcEE13_M_local_dataEv
000000033a609b30 N .debug_frame$_ZNSt7__cxx1112basic_stringIcSt11char_traitsIcESaIcEE13_M_set_lengthEy
000000033a60b440 N .debug_frame$_ZNSt7__cxx1112basic_stringIcSt11char_traitsIcESaIcEE13_S_copy_charsEPcPKcS7_
000000033a609bb0 N .debug_frame$_ZNSt7__cxx1112basic_stringIcSt11char_traitsIcESaIcEE16_M_get_allocatorEv
000000033a60a488 N .debug_frame$_ZNSt7__cxx1112basic_stringIcSt11char_traitsIcESaIcEE7_M_dataEPc
000000033a60b3c0 N .debug_frame$_ZNSt7__cxx1112basic_stringIcSt11char_traitsIcESaIcEE7_S_copyEPcPKcy
000000033a60b370 N .debug_frame$_ZNSt7__cxx1112basic_stringIcSt11char_traitsIcESaIcEE9_M_createERyy
000000033a60a3c8 N .debug_frame$_ZNSt7__cxx1112basic_stringIcSt11char_traitsIcESaIcEE9_M_lengthEy
000000033a609cc0 N .debug_frame$_ZNSt7__cxx1112basic_stringIcSt11char_traitsIcESaIcEEC1IS3_EEPKcRKS3_
000000033a609b70 N .debug_frame$_ZNSt7__cxx1112basic_stringIcSt11char_traitsIcESaIcEED1Ev
000000033a6096a0 N .debug_frame$_ZNSt8__detail15_Hash_code_baseIiiNS_9_IdentityESt4hashIiENS_18_Mod_range_hashingENS_20_Default_ranged_hashELb0EEC2Ev
000000033a609140 N .debug_frame$_ZNSt8__detail15_Hash_node_baseC1Ev
000000033a6096e0 N .debug_frame$_ZNSt8__detail15_Hashtable_baseIiiNS_9_IdentityESt8equal_toIiESt4hashIiENS_18_Mod_range_hashingENS_20_Default_ranged_hashENS_17_Hashtable_traitsILb0ELb1ELb1EEEEC2Ev
000000033a60cb38 N .debug_frame$_ZNSt8__detail16_Hashtable_allocISaINS_10_Hash_nodeIiLb0EEEEE17_M_node_allocatorEv
000000033a60c290 N .debug_frame$_ZNSt8__detail16_Hashtable_allocISaINS_10_Hash_nodeIiLb0EEEEE18_M_deallocate_nodeEPS2_
000000033a60b788 N .debug_frame$_ZNSt8__detail16_Hashtable_allocISaINS_10_Hash_nodeIiLb0EEEEE19_M_deallocate_nodesEPS2_
000000033a60c320 N .debug_frame$_ZNSt8__detail16_Hashtable_allocISaINS_10_Hash_nodeIiLb0EEEEE21_M_deallocate_bucketsEPPNS_15_Hash_node_baseEy
000000033a60cb78 N .debug_frame$_ZNSt8__detail16_Hashtable_allocISaINS_10_Hash_nodeIiLb0EEEEE22_M_deallocate_node_ptrEPS2_
000000033a609760 N .debug_frame$_ZNSt8__detail16_Hashtable_allocISaINS_10_Hash_nodeIiLb0EEEEEC2Ev
000000033a6097a0 N .debug_frame$_ZNSt8__detail16_Hashtable_allocISaINS_10_Hash_nodeIiLb0EEEEED2Ev
000000033a609180 N .debug_frame$_ZNSt8__detail20_Prime_rehash_policyC1Ef
000000033a60d1b8 N .debug_frame$_ZNSt8__detail21_Hashtable_ebo_helperILi0ESaINS_10_Hash_nodeIiLb0EEEELb1EE6_M_getEv
000000033a609ed0 N .debug_frame$_ZNSt8__detail21_Hashtable_ebo_helperILi0ESaINS_10_Hash_nodeIiLb0EEEELb1EEC2Ev
000000033a609720 N .debug_frame$_ZNSt8__detail21_Hashtable_ebo_helperILi0ESaINS_10_Hash_nodeIiLb0EEEELb1EED2Ev
000000033a609e90 N .debug_frame$_ZNSt8__detail21_Hashtable_ebo_helperILi0ESt8equal_toIiELb1EEC2Ev
000000033a609e50 N .debug_frame$_ZNSt8__detail21_Hashtable_ebo_helperILi1ESt4hashIiELb1EEC2Ev
000000033a60c430 N .debug_frame$_ZNSt8__detail4_ModIjLj0ELj1ELj0ELb1ELb0EE6__calcEj
000000033a60c470 N .debug_frame$_ZNSt8__detail4_ModIjLj624ELj1ELj0ELb1ELb1EE6__calcEj
000000033a60b990 N .debug_frame$_ZNSt8__detail5__modIjLj0ELj1ELj0EEET_S1_
000000033a60b9d0 N .debug_frame$_ZNSt8__detail5__modIjLj624ELj1ELj0EEET_S1_
000000033a60c028 N .debug_frame$_ZNSt8_Rb_treeIhSt4pairIKhiESt10_Select1stIS2_ESt4lessIhESaIS2_EE10_Auto_node9_M_insertES0_IPSt18_Rb_tree_node_baseSB_E
000000033a60bf08 N .debug_frame$_ZNSt8_Rb_treeIhSt4pairIKhiESt10_Select1stIS2_ESt4lessIhESaIS2_EE10_Auto_nodeC1IJRKSt21piecewise_construct_tSt5tupleIJOhEESE_IJEEEEERS8_DpOT_
000000033a60bf58 N .debug_frame$_ZNSt8_Rb_treeIhSt4pairIKhiESt10_Select1stIS2_ESt4lessIhESaIS2_EE10_Auto_nodeD1Ev
000000033a60cf08 N .debug_frame$_ZNSt8_Rb_treeIhSt4pairIKhiESt10_Select1stIS2_ESt4lessIhESaIS2_EE11_M_get_nodeEv
000000033a60c868 N .debug_frame$_ZNSt8_Rb_treeIhSt4pairIKhiESt10_Select1stIS2_ESt4lessIhESaIS2_EE11_M_leftmostEv
000000033a60c1c0 N .debug_frame$_ZNSt8_Rb_treeIhSt4pairIKhiESt10_Select1stIS2_ESt4lessIhESaIS2_EE11_M_put_nodeEPSt13_Rb_tree_nodeIS2_E
000000033a60bd30 N .debug_frame$_ZNSt8_Rb_treeIhSt4pairIKhiESt10_Select1stIS2_ESt4lessIhESaIS2_EE11lower_boundERS1_
000000033a60b500 N .debug_frame$_ZNSt8_Rb_treeIhSt4pairIKhiESt10_Select1stIS2_ESt4lessIhESaIS2_EE12_M_drop_nodeEPSt13_Rb_tree_nodeIS2_E
000000033a60c798 N .debug_frame$_ZNSt8_Rb_treeIhSt4pairIKhiESt10_Select1stIS2_ESt4lessIhESaIS2_EE12_M_rightmostEv
000000033a609d10 N .debug_frame$_ZNSt8_Rb_treeIhSt4pairIKhiESt10_Select1stIS2_ESt4lessIhESaIS2_EE13_Rb_tree_implIS6_Lb1EEC1Ev
000000033a609290 N .debug_frame$_ZNSt8_Rb_treeIhSt4pairIKhiESt10_Select1stIS2_ESt4lessIhESaIS2_EE13_Rb_tree_implIS6_Lb1EED1Ev
000000033a60c6c8 N .debug_frame$_ZNSt8_Rb_treeIhSt4pairIKhiESt10_Select1stIS2_ESt4lessIhESaIS2_EE14_M_create_nodeIJRKSt21piecewise_construct_tSt5tupleIJOhEESD_IJEEEEEPSt13_Rb_tree_nodeIS2_EDpOT_
000000033a60c968 N .debug_frame$_ZNSt8_Rb_treeIhSt4pairIKhiESt10_Select1stIS2_ESt4lessIhESaIS2_EE14_M_insert_nodeEPSt18_Rb_tree_node_baseSA_PSt13_Rb_tree_nodeIS2_E
000000033a60bc60 N .debug_frame$_ZNSt8_Rb_treeIhSt4pairIKhiESt10_Select1stIS2_ESt4lessIhESaIS2_EE14_M_lower_boundEPSt13_Rb_tree_nodeIS2_EPSt18_Rb_tree_node_baseRS1_
000000033a60c178 N .debug_frame$_ZNSt8_Rb_treeIhSt4pairIKhiESt10_Select1stIS2_ESt4lessIhESaIS2_EE15_M_destroy_nodeEPSt13_Rb_tree_nodeIS2_E
000000033a60cf48 N .debug_frame$_ZNSt8_Rb_treeIhSt4pairIKhiESt10_Select1stIS2_ESt4lessIhESaIS2_EE17_M_construct_nodeIJRKSt21piecewise_construct_tSt5tupleIJOhEESD_IJEEEEEvPSt13_Rb_tree_nodeIS2_EDpOT_
000000033a60c9f8 N .debug_frame$_ZNSt8_Rb_treeIhSt4pairIKhiESt10_Select1stIS2_ESt4lessIhESaIS2_EE21_M_get_Node_allocatorEv
000000033a60b2c8 N .debug_frame$_ZNSt8_Rb_treeIhSt4pairIKhiESt10_Select1stIS2_ESt4lessIhESaIS2_EE22_M_emplace_hint_uniqueIJRKSt21piecewise_construct_tSt5tupleIJOhEESD_IJEEEEESt17_Rb_tree_iteratorIS2_ESt23_Rb_tree_const_iteratorIS2_EDpOT_
000000033a60c818 N .debug_frame$_ZNSt8_Rb_treeIhSt4pairIKhiESt10_Select1stIS2_ESt4lessIhESaIS2_EE24_M_get_insert_unique_posERS1_
000000033a60bf98 N .debug_frame$_ZNSt8_Rb_treeIhSt4pairIKhiESt10_Select1stIS2_ESt4lessIhESaIS2_EE29_M_get_insert_hint_unique_posESt23_Rb_tree_const_iteratorIS2_ERS1_
000000033a60b108 N .debug_frame$_ZNSt8_Rb_treeIhSt4pairIKhiESt10_Select1stIS2_ESt4lessIhESaIS2_EE3endEv
000000033a60b0b8 N .debug_frame$_ZNSt8_Rb_treeIhSt4pairIKhiESt10_Select1stIS2_ESt4lessIhESaIS2_EE4findERS1_
000000033a60cfa8 N .debug_frame$_ZNSt8_Rb_treeIhSt4pairIKhiESt10_Select1stIS2_ESt4lessIhESaIS2_EE5beginEv
000000033a60bc20 N .debug_frame$_ZNSt8_Rb_treeIhSt4pairIKhiESt10_Select1stIS2_ESt4lessIhESaIS2_EE6_M_endEv
000000033a60c600 N .debug_frame$_ZNSt8_Rb_treeIhSt4pairIKhiESt10_Select1stIS2_ESt4lessIhESaIS2_EE6_S_keyEPKSt13_Rb_tree_nodeIS2_E
000000033a60bcb0 N .debug_frame$_ZNSt8_Rb_treeIhSt4pairIKhiESt10_Select1stIS2_ESt4lessIhESaIS2_EE6_S_keyEPKSt18_Rb_tree_node_base
000000033a60b4c0 N .debug_frame$_ZNSt8_Rb_treeIhSt4pairIKhiESt10_Select1stIS2_ESt4lessIhESaIS2_EE7_S_leftEPSt18_Rb_tree_node_base
000000033a60a688 N .debug_frame$_ZNSt8_Rb_treeIhSt4pairIKhiESt10_Select1stIS2_ESt4lessIhESaIS2_EE8_M_beginEv
000000033a60a648 N .debug_frame$_ZNSt8_Rb_treeIhSt4pairIKhiESt10_Select1stIS2_ESt4lessIhESaIS2_EE8_M_eraseEPSt13_Rb_tree_nodeIS2_E
000000033a60b480 N .debug_frame$_ZNSt8_Rb_treeIhSt4pairIKhiESt10_Select1stIS2_ESt4lessIhESaIS2_EE8_S_rightEPSt18_Rb_tree_node_base
000000033a6092d0 N .debug_frame$_ZNSt8_Rb_treeIhSt4pairIKhiESt10_Select1stIS2_ESt4lessIhESaIS2_EEC1Ev
000000033a609d50 N .debug_frame$_ZNSt8_Rb_treeIhSt4pairIKhiESt10_Select1stIS2_ESt4lessIhESaIS2_EED1Ev
000000033a608168 N .debug_frame$_ZnwyPv
000000033a60cd78 N .debug_frame$_ZSt10_ConstructIiJRiEEvPT_DpOT0_
000000033a608e40 N .debug_frame$_ZSt10destroy_atIhEvPT_
000000033a60d238 N .debug_frame$_ZSt10destroy_atIiEvPT_
000000033a60ddd8 N .debug_frame$_ZSt10destroy_atIP4dataEvPT_
000000033a60d0a8 N .debug_frame$_ZSt10destroy_atISt4pairIKhiEEvPT_
000000033a609040 N .debug_frame$_ZSt11__addressofIcEPT_RS0_
000000033a608cf8 N .debug_frame$_ZSt11__addressofIhEPT_RS0_
000000033a60cc38 N .debug_frame$_ZSt11__addressofIiEPT_RS0_
000000033a60c9b8 N .debug_frame$_ZSt11__addressofIKcEPT_RS1_
000000033a60da10 N .debug_frame$_ZSt11__addressofINSt8__detail10_Hash_nodeIiLb0EEEEPT_RS3_
000000033a60d618 N .debug_frame$_ZSt11__addressofIP4dataEPT_RS2_
000000033a60d718 N .debug_frame$_ZSt11__addressofIPNSt8__detail15_Hash_node_baseEEPT_RS3_
000000033a60dc50 N .debug_frame$_ZSt12__get_helperILy0EOhJEERT0_RSt11_Tuple_implIXT_EJS1_DpT1_EE
000000033a60d858 N .debug_frame$_ZSt12__miter_baseIN9__gnu_cxx17__normal_iteratorIPiSt6vectorIiSaIiEEEEET_S7_
000000033a608ae8 N .debug_frame$_ZSt12__niter_baseIPhET_S1_
000000033a60ccb8 N .debug_frame$_ZSt12__niter_baseIPiET_S1_
000000033a60da90 N .debug_frame$_ZSt12__niter_baseIPiSt6vectorIiSaIiEEET_N9__gnu_cxx17__normal_iteratorIS4_T0_EE
000000033a60ca78 N .debug_frame$_ZSt12__niter_baseIPP4dataET_S3_
000000033a60db10 N .debug_frame$_ZSt12__niter_wrapIPiET_RKS1_S1_
000000033a608a58 N .debug_frame$_ZSt12__relocate_aIPhS0_SaIhEET0_T_S3_S2_RT1_
000000033a60c3e0 N .debug_frame$_ZSt12__relocate_aIPiS0_SaIiEET0_T_S3_S2_RT1_
000000033a60c200 N .debug_frame$_ZSt12__relocate_aIPP4dataS2_SaIS1_EET0_T_S5_S4_RT1_
000000033a608998 N .debug_frame$_ZSt12__to_addressIhEPT_S1_
000000033a60b910 N .debug_frame$_ZSt12__to_addressIiEPT_S1_
000000033a60b688 N .debug_frame$_ZSt12__to_addressIP4dataEPT_S3_
000000033a6099e8 N .debug_frame$_ZSt12construct_atIcJRKcEEDTgsnwcvPvLi0E_T_pispcl7declvalIT0_EEEEPS3_DpOS4_
000000033a608df8 N .debug_frame$_ZSt12construct_atIhJhEEDTgsnwcvPvLi0E_T_pispcl7declvalIT0_EEEEPS1_DpOS2_
000000033a6088d0 N .debug_frame$_ZSt12construct_atIhJRKhEEDTgsnwcvPvLi0E_T_pispcl7declvalIT0_EEEEPS3_DpOS4_
000000033a60de18 N .debug_frame$_ZSt12construct_atIiJiEEDTgsnwcvPvLi0E_T_pispcl7declvalIT0_EEEEPS1_DpOS2_
000000033a60d408 N .debug_frame$_ZSt12construct_atIiJRiEEDTgsnwcvPvLi0E_T_pispcl7declvalIT0_EEEEPS2_DpOS3_
000000033a60b888 N .debug_frame$_ZSt12construct_atIiJRKiEEDTgsnwcvPvLi0E_T_pispcl7declvalIT0_EEEEPS3_DpOS4_
000000033a60b5c0 N .debug_frame$_ZSt12construct_atIP4dataJRKS1_EEDTgsnwcvPvLi0E_T_pispcl7declvalIT0_EEEEPS5_DpOS6_
000000033a60dd90 N .debug_frame$_ZSt12construct_atIP4dataJS1_EEDTgsnwcvPvLi0E_T_pispcl7declvalIT0_EEEEPS3_DpOS4_
000000033a60d968 N .debug_frame$_ZSt12construct_atISt4pairIKhiEJRKSt21piecewise_construct_tSt5tupleIJOhEES6_IJEEEEDTgsnwcvPvLi0E_T_pispcl7declvalIT0_EEEEPSB_DpOSC_
000000033a60d898 N .debug_frame$_ZSt13__copy_move_aILb0EN9__gnu_cxx17__normal_iteratorIPiSt6vectorIiSaIiEEEES2_ET1_T0_S8_S7_
000000033a60dad0 N .debug_frame$_ZSt14__copy_move_a1ILb0EPiS0_ET1_T0_S2_S1_
000000033a60de60 N .debug_frame$_ZSt14__copy_move_a2ILb0EPiS0_ET1_T0_S2_S1_
000000033a608b68 N .debug_frame$_ZSt14__relocate_a_1IhhENSt9enable_ifIXsrSt24__is_bitwise_relocatableIT_vE5valueEPS2_E4typeES4_S4_S4_RSaIT0_E
000000033a60cd38 N .debug_frame$_ZSt14__relocate_a_1IiiENSt9enable_ifIXsrSt24__is_bitwise_relocatableIT_vE5valueEPS2_E4typeES4_S4_S4_RSaIT0_E
000000033a60caf8 N .debug_frame$_ZSt14__relocate_a_1IP4dataS1_ENSt9enable_ifIXsrSt24__is_bitwise_relocatableIT_vE5valueEPS4_E4typeES6_S6_S6_RSaIT0_E
000000033a608be8 N .debug_frame$_ZSt14__relocate_a_1IPhN9__gnu_cxx17__normal_iteratorIS0_vEESaIhEET0_T_S6_S5_RT1_
000000033a60d338 N .debug_frame$_ZSt14__relocate_a_1IPiN9__gnu_cxx17__normal_iteratorIS0_vEESaIiEET0_T_S6_S5_RT1_
000000033a60d128 N .debug_frame$_ZSt14__relocate_a_1IPP4dataN9__gnu_cxx17__normal_iteratorIS2_vEESaIS1_EET0_T_S8_S7_RT1_
000000033a60c570 N .debug_frame$_ZSt16__do_uninit_copyIN9__gnu_cxx17__normal_iteratorIPiSt6vectorIiSaIiEEEES2_ET0_T_S8_S7_
000000033a60b248 N .debug_frame$_ZSt16forward_as_tupleIJhEESt5tupleIJDpOT_EES3_
000000033a60c5c0 N .debug_frame$_ZSt18uninitialized_copyIN9__gnu_cxx17__normal_iteratorIPiSt6vectorIiSaIiEEEES2_ET0_T_S8_S7_
000000033a608d38 N .debug_frame$_ZSt19__relocate_object_aIhhSaIhEEvPT_PT0_RT1_
000000033a60d818 N .debug_frame$_ZSt19__relocate_object_aIiiSaIiEEvPT_PT0_RT1_
000000033a60d658 N .debug_frame$_ZSt19__relocate_object_aIP4dataS1_SaIS1_EEvPT_PT0_RT1_
000000033a608128 N .debug_frame$_ZSt21is_constant_evaluatedv
000000033a60aed8 N .debug_frame$_ZSt22__gen_two_uniform_intsIyRSt23mersenne_twister_engineIjLy32ELy624ELy397ELy31ELj2567483615ELy11ELj4294967295ELy7ELj2636928640ELy15ELj4022730752ELy18ELj1812433253EEESt4pairIT_S4_ES4_S4_OT0_
000000033a60bbe0 N .debug_frame$_ZSt22__uninitialized_copy_aIN9__gnu_cxx17__normal_iteratorIPiSt6vectorIiSaIiEEEES2_iET0_T_S8_S7_RSaIT1_E
000000033a60dc10 N .debug_frame$_ZSt3getILy0EJOhEERNSt13tuple_elementIXT_ESt5tupleIJDpT0_EEE4typeERS5_
000000033a608628 N .debug_frame$_ZSt3maxIyERKT_S2_S2_
000000033a6085e8 N .debug_frame$_ZSt3minIyERKT_S2_S2_
000000033a60d450 N .debug_frame$_ZSt4copyIN9__gnu_cxx17__normal_iteratorIPiSt6vectorIiSaIiEEEES2_ET0_T_S8_S7_
000000033a608d78 N .debug_frame$_ZSt4moveIRhEONSt16remove_referenceIT_E4typeEOS2_
000000033a60c4b0 N .debug_frame$_ZSt4moveIRiEONSt16remove_referenceIT_E4typeEOS2_
000000033a60d9d0 N .debug_frame$_ZSt4moveIRP4dataEONSt16remove_referenceIT_E4typeEOS4_
000000033a60ba10 N .debug_frame$_ZSt4swapIiENSt9enable_ifIXsrSt6__and_IJSt6__not_ISt15__is_tuple_likeIT_EESt21is_move_constructibleIS4_ESt18is_move_assignableIS4_EEE5valueEvE4typeERS4_SE_
000000033a608db8 N .debug_frame$_ZSt7forwardIhEOT_RNSt16remove_referenceIS0_E4typeE
000000033a609c80 N .debug_frame$_ZSt7forwardIiEOT_RNSt16remove_referenceIS0_E4typeE
000000033a60dea0 N .debug_frame$_ZSt7forwardIOhEOT_RNSt16remove_referenceIS1_E4typeE
000000033a60dd50 N .debug_frame$_ZSt7forwardIP4dataEOT_RNSt16remove_referenceIS2_E4typeE
000000033a60d3c8 N .debug_frame$_ZSt7forwardIRiEOT_RNSt16remove_referenceIS1_E4typeE
000000033a60a348 N .debug_frame$_ZSt7forwardIRKcEOT_RNSt16remove_referenceIS2_E4typeE
000000033a608890 N .debug_frame$_ZSt7forwardIRKhEOT_RNSt16remove_referenceIS2_E4typeE
000000033a60b848 N .debug_frame$_ZSt7forwardIRKiEOT_RNSt16remove_referenceIS2_E4typeE
000000033a60b580 N .debug_frame$_ZSt7forwardIRKP4dataEOT_RNSt16remove_referenceIS4_E4typeE
000000033a60be48 N .debug_frame$_ZSt7forwardIRKSt21piecewise_construct_tEOT_RNSt16remove_referenceIS3_E4typeE
000000033a60d4d8 N .debug_frame$_ZSt7forwardIRPSt13_Rb_tree_nodeISt4pairIKhiEEEOT_RNSt16remove_referenceIS7_E4typeE
000000033a60d028 N .debug_frame$_ZSt7forwardIRPSt18_Rb_tree_node_baseEOT_RNSt16remove_referenceIS3_E4typeE
000000033a60bec8 N .debug_frame$_ZSt7forwardISt5tupleIJEEEOT_RNSt16remove_referenceIS2_E4typeE
000000033a60be88 N .debug_frame$_ZSt7forwardISt5tupleIJOhEEEOT_RNSt16remove_referenceIS3_E4typeE
000000033a60a5c8 N .debug_frame$_ZSt7forwardIyEOT_RNSt16remove_referenceIS0_E4typeE
000000033a60a158 N .debug_frame$_ZSt7shuffleIN9__gnu_cxx17__normal_iteratorIPiSt6vectorIiSaIiEEEERSt23mersenne_twister_engineIjLy32ELy624ELy397ELy31ELj2567483615ELy11ELj4294967295ELy7ELj2636928640ELy15ELj4022730752ELy18ELj1812433253EEEvT_SA_OT0_
000000033a60cc78 N .debug_frame$_ZSt8_DestroyIiEvPT_
000000033a60b808 N .debug_frame$_ZSt8_DestroyIPiEvT_S1_
000000033a609000 N .debug_frame$_ZSt9addressofIcEPT_RS0_
000000033a60c138 N .debug_frame$_ZSt9addressofIKcEPT_RS1_
000000033a60d6d8 N .debug_frame$_ZSt9addressofINSt8__detail10_Hash_nodeIiLb0EEEEPT_RS3_
000000033a60d2b8 N .debug_frame$_ZSt9addressofIPNSt8__detail15_Hash_node_baseEEPT_RS3_
000000033a60ae90 N .debug_frame$_ZSt9iter_swapIN9__gnu_cxx17__normal_iteratorIPiSt6vectorIiSaIiEEEES6_EvT_T0_
000000033a60ba50 N .debug_frame$_ZSt9make_pairIyyESt4pairINSt25__strip_reference_wrapperINSt5decayIT_E4typeEE6__typeENS1_INS2_IT0_E4typeEE6__typeEEOS3_OS8_
000000033a60a2b8 N .debug_frame$_ZSteqRKSt17_Rb_tree_iteratorISt4pairIKhiEES5_
000000033a6087c0 N .debug_frame$_ZZNSt6vectorIhSaIhEE17_M_realloc_appendIJRKhEEEvDpOT_EN6_GuardC1EPhyRS0_
000000033a608800 N .debug_frame$_ZZNSt6vectorIhSaIhEE17_M_realloc_appendIJRKhEEEvDpOT_EN6_GuardD1Ev
000000033a60acc0 N .debug_frame$_ZZNSt6vectorIiSaIiEE17_M_realloc_appendIJRKiEEEvDpOT_EN6_GuardC1EPiyRS0_
000000033a60ad00 N .debug_frame$_ZZNSt6vectorIiSaIiEE17_M_realloc_appendIJRKiEEEvDpOT_EN6_GuardD1Ev
000000033a60a8e0 N .debug_frame$_ZZNSt6vectorIP4dataSaIS1_EE17_M_realloc_appendIJRKS1_EEEvDpOT_EN6_GuardC1EPS1_yRS2_
000000033a60a920 N .debug_frame$_ZZNSt6vectorIP4dataSaIS1_EE17_M_realloc_appendIJRKS1_EEEvDpOT_EN6_GuardD1Ev
000000033a60a508 N .debug_frame$_ZZNSt7__cxx1112basic_stringIcSt11char_traitsIcESaIcEE12_M_constructIPKcEEvT_S8_St20forward_iterator_tagEN6_GuardC1EPS4_
000000033a60a548 N .debug_frame$_ZZNSt7__cxx1112basic_stringIcSt11char_traitsIcESaIcEE12_M_constructIPKcEEvT_S8_St20forward_iterator_tagEN6_GuardD1Ev
000000033a5eddfe N .debug_info
000000033a5f6276 N .debug_info
000000033a5ea28e N .debug_info
000000033a5f3dd1 N .debug_info
000000033a5ee362 N .debug_info
000000033a5eec45 N .debug_info
000000033a5e9961 N .debug_info
000000033a5f3a7d N .debug_info
000000033a5eeeae N .debug_info
000000033a5ea113 N .debug_info
000000033a5edc04 N .debug_info
000000033a5e935f N .debug_info
000000033a5a997c N .debug_info
000000033a5ef13c N .debug_info
000000033a5f5c2e N .debug_info
000000033a5ea320 N .debug_info
000000033a5f22b2 N .debug_info
000000033a5ee8d7 N .debug_info
000000033a5edb6d N .debug_info
000000033a5a8000 N .debug_info
000000033a5edff2 N .debug_info
000000033a5ec697 N .debug_info
000000033a5ec53e N .debug_info
000000033a5f2807 N .debug_info
000000033a5f5890 N .debug_info
000000033a5eba7a N .debug_info
000000033a5ec5c7 N .debug_info
000000033a5ee6d8 N .debug_info
000000033a5afe94 N .debug_info
000000033a5e8cfe N .debug_info
000000033a602424 N .debug_line
000000033a602377 N .debug_line
000000033a5fc376 N .debug_line
000000033a6022c0 N .debug_line
000000033a602209 N .debug_line
000000033a607605 N .debug_line
000000033a5fc000 N .debug_line
000000033a60219f N .debug_line
000000033a60757e N .debug_line
000000033a601131 N .debug_line
000000033a6012b9 N .debug_line
000000033a602564 N .debug_line
000000033a606438 N .debug_line
000000033a602138 N .debug_line
000000033a6050b4 N .debug_line
000000033a601007 N .debug_line
000000033a5fcd34 N .debug_line
000000033a606617 N .debug_line
000000033a6020e0 N .debug_line
000000033a601187 N .debug_line
000000033a601b94 N .debug_line
000000033a6024e1 N .debug_line
000000033a602617 N .debug_line
000000033a6012f3 N .debug_line
000000033a60750c N .debug_line
000000033a601b5a N .debug_line
000000033a60132d N .debug_line
000000033a601b20 N .debug_line
000000033a604d97 N .debug_line
000000033a6018aa N .debug_line
000000033a612d89 N .debug_line_str
000000033a613da2 N .debug_line_str
000000033a6139b5 N .debug_line_str
000000033a6135d0 N .debug_line_str
000000033a612aa5 N .debug_line_str
000000033a61407f N .debug_line_str
000000033a6136d3 N .debug_line_str
000000033a614264 N .debug_line_str
000000033a6134f9 N .debug_line_str
000000033a6124d0 N .debug_line_str
000000033a612e28 N .debug_line_str
000000033a614167 N .debug_line_str
000000033a613e7e N .debug_line_str
000000033a61341a N .debug_line_str
000000033a612ed6 N .debug_line_str
000000033a6138ca N .debug_line_str
000000033a612000 N .debug_line_str
000000033a613aa0 N .debug_line_str
000000033a612c9b N .debug_line_str
000000033a613025 N .debug_line_str
000000033a613cf5 N .debug_line_str
000000033a61337b N .debug_line_str
000000033a612180 N .debug_line_str
000000033a613296 N .debug_line_str
000000033a613f2b N .debug_line_str
000000033a613140 N .debug_line_str
000000033a6137e8 N .debug_line_str
000000033a612b8d N .debug_line_str
000000033a6131dc N .debug_line_str
000000033a613b9e N .debug_line_str
000000033a615000 N .debug_loclists
000000033a618a5f N .debug_loclists
000000033a61867f N .debug_loclists
000000033a616275 N .debug_loclists
000000033a61610b N .debug_loclists
000000033a61b549 N .debug_loclists
000000033a615a1c N .debug_loclists
000000033a6154ae N .debug_loclists
000000033a616190 N .debug_loclists
000000033a61b351 N .debug_loclists
000000033a61c87f N .debug_loclists
000000033a61c864 N .debug_loclists
000000033a616146 N .debug_loclists
000000033a6160e1 N .debug_loclists
000000033a61c80c N .debug_loclists
000000033a615352 N .debug_loclists
000000033a615399 N .debug_loclists
000000033a6160f6 N .debug_loclists
000000033a615ce9 N .debug_loclists
000000033a61df5d N .debug_rnglists
000000033a61e346 N .debug_rnglists
000000033a61e2fa N .debug_rnglists
000000033a61e03f N .debug_rnglists
000000033a61d052 N .debug_rnglists
000000033a61e319 N .debug_rnglists
000000033a61d000 N .debug_rnglists
000000033a61e056 N .debug_rnglists
000000033a61df74 N .debug_rnglists
000000033a61d229 N .debug_rnglists
000000033a61df01 N .debug_rnglists
000000033a611436 N .debug_str
000000033a6102f9 N .debug_str
000000033a611513 N .debug_str
000000033a610051 N .debug_str
000000033a610000 N .debug_str
000000033a6113ff N .debug_str
000000033a61143f N .debug_str
000000033a611493 N .debug_str
000000033a611525 N .debug_str
000000033a611417 N .debug_str
000000033a61151c N .debug_str
000000033a61152e N .debug_str
000000033a5a2064 i .idata$2
000000033a5a20b4 i .idata$2
000000033a5a20a0 i .idata$2
000000033a5a2050 i .idata$2
000000033a5a2000 i .idata$2
000000033a5a20c8 i .idata$2
000000033a5a2078 i .idata$2
000000033a5a203c i .idata$2
000000033a5a2014 i .idata$2
000000033a5a2028 i .idata$2
000000033a5a20dc i .idata$2
000000033a5a208c i .idata$2
000000033a5a2120 i .idata$4
000000033a5a2178 i .idata$4
000000033a5a2230 i .idata$4
000000033a5a22d0 i .idata$4
000000033a5a22f0 i .idata$4
000000033a5a2238 i .idata$4
000000033a5a21c0 i .idata$4
000000033a5a2310 i .idata$4
000000033a5a2118 i .idata$4
000000033a5a2260 i .idata$4
000000033a5a21c8 i .idata$4
000000033a5a2308 i .idata$4
000000033a5a21a8 i .idata$4
000000033a5a2158 i .idata$4
000000033a5a22d8 i .idata$4
000000033a5a21d0 i .idata$4
000000033a5a2110 i .idata$4
000000033a5a2240 i .idata$4
000000033a5a21b8 i .idata$4
000000033a5a2210 i .idata$4
000000033a5a2228 i .idata$4
000000033a5a2330 i .idata$4
000000033a5a2300 i .idata$4
000000033a5a2248 i .idata$4
000000033a5a2180 i .idata$4
000000033a5a2108 i .idata$4
000000033a5a2128 i .idata$4
000000033a5a22c8 i .idata$4
000000033a5a2228 i .idata$4
000000033a5a22e0 i .idata$4
000000033a5a2108 i .idata$4
000000033a5a2190 i .idata$4
000000033a5a21f0 i .idata$4
000000033a5a21a0 i .idata$4
000000033a5a2338 i .idata$4
000000033a5a22f8 i .idata$4
000000033a5a22f8 i .idata$4
000000033a5a2250 i .idata$4
000000033a5a22e8 i .idata$4
000000033a5a22c0 i .idata$4
000000033a5a2380 i .idata$4
000000033a5a2280 i .idata$4
000000033a5a21c8 i .idata$4
000000033a5a2288 i .idata$4
000000033a5a22a0 i .idata$4
000000033a5a2208 i .idata$4
000000033a5a2130 i .idata$4
000000033a5a21d8 i .idata$4
000000033a5a2378 i .idata$4
000000033a5a21e8 i .idata$4
000000033a5a21d8 i .idata$4
000000033a5a2258 i .idata$4
000000033a5a2218 i .idata$4
000000033a5a2150 i .idata$4
000000033a5a2268 i .idata$4
000000033a5a2138 i .idata$4
000000033a5a2200 i .idata$4
000000033a5a2370 i .idata$4
000000033a5a2218 i .idata$4
000000033a5a2170 i .idata$4
000000033a5a2388 i .idata$4
000000033a5a2160 i .idata$4
000000033a5a2368 i .idata$4
000000033a5a2258 i .idata$4
000000033a5a2320 i .idata$4
000000033a5a2220 i .idata$4
000000033a5a22a8 i .idata$4
000000033a5a2360 i .idata$4
000000033a5a2348 i .idata$4
000000033a5a2340 i .idata$4
000000033a5a2290 i .idata$4
000000033a5a2318 i .idata$4
000000033a5a21f0 i .idata$4
000000033a5a2270 i .idata$4
000000033a5a2278 i .idata$4
000000033a5a2140 i .idata$4
000000033a5a22a8 i .idata$4
000000033a5a21e0 i .idata$4
000000033a5a2358 i .idata$4
000000033a5a2298 i .idata$4
000000033a5a21b0 i .idata$4
000000033a5a2198 i .idata$4
000000033a5a2148 i .idata$4
000000033a5a2338 i .idata$4
000000033a5a2350 i .idata$4
000000033a5a21f8 i .idata$4
000000033a5a22b0 i .idata$4
000000033a5a2328 i .idata$4
000000033a5a2188 i .idata$4
000000033a5a21a8 i .idata$4
000000033a5a2168 i .idata$4
000000033a5a2348 i .idata$4
000000033a5a22b8 i .idata$4
000000033a5a2480 i .idata$5
000000033a5a2410 i .idata$5
000000033a5a25d8 i .idata$5
000000033a5a23f0 i .idata$5
000000033a5a25c0 i .idata$5
000000033a5a25e0 i .idata$5
000000033a5a2500 i .idata$5
000000033a5a23d0 i .idata$5
000000033a5a24e0 i .idata$5
000000033a5a25b0 i .idata$5
000000033a5a2508 i .idata$5
000000033a5a25d0 i .idata$5
000000033a5a2478 i .idata$5
000000033a5a24a8 i .idata$5
000000033a5a25e8 i .idata$5
000000033a5a23e8 i .idata$5
000000033a5a25f0 i .idata$5
000000033a5a2610 i .idata$5
000000033a5a24a0 i .idata$5
000000033a5a2488 i .idata$5
000000033a5a25c8 i .idata$5
000000033a5a25f8 i .idata$5
000000033a5a23f8 i .idata$5
000000033a5a24a0 i .idata$5
000000033a5a24f8 i .idata$5
000000033a5a2438 i .idata$5
000000033a5a2600 i .idata$5
000000033a5a2490 i .idata$5
000000033a5a24d8 i .idata$5
000000033a5a24e8 i .idata$5
000000033a5a2608 i .idata$5
000000033a5a24b0 i .idata$5
000000033a5a2580 i .idata$5
000000033a5a2580 i .idata$5
000000033a5a2428 i .idata$5
000000033a5a2408 i .idata$5
000000033a5a2530 i .idata$5
000000033a5a2390 i .idata$5
000000033a5a2588 i .idata$5
000000033a5a25c0 i .idata$5
000000033a5a2430 i .idata$5
000000033a5a2478 i .idata$5
000000033a5a2390 i .idata$5
000000033a5a2458 i .idata$5
000000033a5a23e0 i .idata$5
000000033a5a24d0 i .idata$5
000000033a5a25b8 i .idata$5
000000033a5a2440 i .idata$5
000000033a5a2398 i .idata$5
000000033a5a24c8 i .idata$5
000000033a5a2560 i .idata$5
000000033a5a2558 i .idata$5
000000033a5a2590 i .idata$5
000000033a5a2430 i .idata$5
000000033a5a2450 i .idata$5
000000033a5a2568 i .idata$5
000000033a5a23a0 i .idata$5
000000033a5a2448 i .idata$5
000000033a5a2498 i .idata$5
000000033a5a24c0 i .idata$5
000000033a5a25a8 i .idata$5
000000033a5a23a8 i .idata$5
000000033a5a24b8 i .idata$5
000000033a5a2598 i .idata$5
000000033a5a2418 i .idata$5
000000033a5a2510 i .idata$5
000000033a5a2578 i .idata$5
000000033a5a2550 i .idata$5
000000033a5a24b0 i .idata$5
000000033a5a2528 i .idata$5
000000033a5a2450 i .idata$5
000000033a5a2548 i .idata$5
000000033a5a2400 i .idata$5
000000033a5a2460 i .idata$5
000000033a5a2518 i .idata$5
000000033a5a23b8 i .idata$5
000000033a5a2470 i .idata$5
000000033a5a2530 i .idata$5
000000033a5a2468 i .idata$5
000000033a5a24e0 i .idata$5
000000033a5a2460 i .idata$5
000000033a5a23d8 i .idata$5
000000033a5a23c0 i .idata$5
000000033a5a25a0 i .idata$5
000000033a5a24f0 i .idata$5
000000033a5a23c8 i .idata$5
000000033a5a2520 i .idata$5
000000033a5a2570 i .idata$5
000000033a5a2538 i .idata$5
000000033a5a2420 i .idata$5
000000033a5a25d0 i .idata$5
000000033a5a23b0 i .idata$5
000000033a5a2540 i .idata$5
000000033a5a2856 i .idata$6
000000033a5a28d0 i .idata$6
000000033a5a28ea i .idata$6
000000033a5a27be i .idata$6
000000033a5a273c i .idata$6
000000033a5a28be i .idata$6
000000033a5a2728 i .idata$6
000000033a5a285e i .idata$6
000000033a5a27b0 i .idata$6
000000033a5a2758 i .idata$6
000000033a5a271a i .idata$6
000000033a5a287a i .idata$6
000000033a5a2904 i .idata$6
000000033a5a2700 i .idata$6
000000033a5a2766 i .idata$6
000000033a5a2886 i .idata$6
000000033a5a27a6 i .idata$6
000000033a5a28f2 i .idata$6
000000033a5a26ec i .idata$6
000000033a5a28a2 i .idata$6
000000033a5a2944 i .idata$6
000000033a5a28fc i .idata$6
000000033a5a294e i .idata$6
000000033a5a26da i .idata$6
000000033a5a28aa i .idata$6
000000033a5a2778 i .idata$6
000000033a5a293a i .idata$6
000000033a5a26ce i .idata$6
000000033a5a2930 i .idata$6
000000033a5a28b2 i .idata$6
000000033a5a2958 i .idata$6
000000033a5a283e i .idata$6
000000033a5a2926 i .idata$6
000000033a5a26b6 i .idata$6
000000033a5a27ea i .idata$6
000000033a5a290c i .idata$6
000000033a5a2788 i .idata$6
000000033a5a269a i .idata$6
000000033a5a2914 i .idata$6
000000033a5a267e i .idata$6
000000033a5a266e i .idata$6
000000033a5a2802 i .idata$6
000000033a5a27e0 i .idata$6
000000033a5a2962 i .idata$6
000000033a5a265a i .idata$6
000000033a5a280c i .idata$6
000000033a5a27d8 i .idata$6
000000033a5a2978 i .idata$6
000000033a5a291c i .idata$6
000000033a5a2816 i .idata$6
000000033a5a2990 i .idata$6
000000033a5a2648 i .idata$6
000000033a5a29a8 i .idata$6
000000033a5a27ce i .idata$6
000000033a5a279c i .idata$6
000000033a5a2792 i .idata$6
000000033a5a2820 i .idata$6
000000033a5a2630 i .idata$6
000000033a5a282a i .idata$6
000000033a5a29c0 i .idata$6
000000033a5a2618 i .idata$6
000000033a5a29d8 i .idata$6
000000033a5a2744 i .idata$6
000000033a5a2834 i .idata$6
000000033a5a29f0 i .idata$6
000000033a5a2a18 i .idata$6
000000033a5a27f4 i .idata$6
000000033a5a296c i .idata$6
000000033a5a2a08 i .idata$6
000000033a5a2b48 i .idata$7
000000033a5a2bac i .idata$7
000000033a5a2b84 i .idata$7
000000033a5a2cb4 i .idata$7
000000033a5a2cb0 i .idata$7
000000033a5a2cac i .idata$7
000000033a5a2a7c i .idata$7
000000033a5a2ca8 i .idata$7
000000033a5a2c74 i .idata$7
000000033a5a2b4c i .idata$7
000000033a5a2a30 i .idata$7
000000033a5a2b18 i .idata$7
000000033a5a2c0c i .idata$7
000000033a5a2b80 i .idata$7
000000033a5a2c4c i .idata$7
000000033a5a2a94 i .idata$7
000000033a5a2ca4 i .idata$7
000000033a5a2a34 i .idata$7
000000033a5a2b7c i .idata$7
000000033a5a2ca0 i .idata$7
000000033a5a2b1c i .idata$7
000000033a5a2a38 i .idata$7
000000033a5a2c9c i .idata$7
000000033a5a2b78 i .idata$7
000000033a5a2b20 i .idata$7
000000033a5a2c48 i .idata$7
000000033a5a2a98 i .idata$7
000000033a5a2cbc i .idata$7
000000033a5a2a3c i .idata$7
000000033a5a2b74 i .idata$7
000000033a5a2c04 i .idata$7
000000033a5a2c78 i .idata$7
000000033a5a2a40 i .idata$7
000000033a5a2b70 i .idata$7
000000033a5a2bcc i .idata$7
000000033a5a2ba8 i .idata$7
000000033a5a2a90 i .idata$7
000000033a5a2a44 i .idata$7
000000033a5a2b24 i .idata$7
000000033a5a2a48 i .idata$7
000000033a5a2c34 i .idata$7
000000033a5a2c38 i .idata$7
000000033a5a2a8c i .idata$7
000000033a5a2a4c i .idata$7
000000033a5a2ac0 i .idata$7
000000033a5a2bb0 i .idata$7
000000033a5a2c3c i .idata$7
000000033a5a2a78 i .idata$7
000000033a5a2c08 i .idata$7
000000033a5a2a50 i .idata$7
000000033a5a2bc8 i .idata$7
000000033a5a2b28 i .idata$7
000000033a5a2c40 i .idata$7
000000033a5a2a54 i .idata$7
000000033a5a2bc4 i .idata$7
000000033a5a2c14 i .idata$7
000000033a5a2c00 i .idata$7
000000033a5a2a74 i .idata$7
000000033a5a2bc0 i .idata$7
000000033a5a2abc i .idata$7
000000033a5a2bfc i .idata$7
000000033a5a2a58 i .idata$7
000000033a5a2ae8 i .idata$7
000000033a5a2a5c i .idata$7
000000033a5a2bbc i .idata$7
000000033a5a2c50 i .idata$7
000000033a5a2c10 i .idata$7
000000033a5a2a70 i .idata$7
000000033a5a2bf0 i .idata$7
000000033a5a2bb8 i .idata$7
000000033a5a2af0 i .idata$7
000000033a5a2a60 i .idata$7
000000033a5a2aec i .idata$7
000000033a5a2c44 i .idata$7
000000033a5a2a6c i .idata$7
000000033a5a2a64 i .idata$7
000000033a5a2bf4 i .idata$7
000000033a5a2bb4 i .idata$7
000000033a5a2cb8 i .idata$7
000000033a5a2bf8 i .idata$7
000000033a5a2a68 i .idata$7
000000033a594390 p .pdata
000000033a594384 p .pdata
000000033a59436c p .pdata
000000033a593034 p .pdata
000000033a594360 p .pdata
000000033a59109c p .pdata
000000033a59439c p .pdata
000000033a594354 p .pdata
000000033a59457c p .pdata
000000033a594348 p .pdata
000000033a594120 p .pdata
000000033a594570 p .pdata
000000033a594318 p .pdata
000000033a594234 p .pdata
000000033a594564 p .pdata
000000033a5943a8 p .pdata
000000033a5944bc p .pdata
000000033a594228 p .pdata
000000033a5941bc p .pdata
000000033a591000 p .pdata
000000033a594468 p .pdata
000000033a591414 p .pdata
000000033a594144 p .pdata
000000033a594498 p .pdata
000000033a59418c p .pdata
000000033a59103c p .pdata
000000033a5944a4 p .pdata
000000033a594168 p .pdata
000000033a593364 p .pdata$__cxa_allocate_dependent_exception
000000033a59334c p .pdata$__cxa_allocate_exception
000000033a5921dc p .pdata$__cxa_begin_catch
000000033a59226c p .pdata$__cxa_call_unexpected
000000033a593424 p .pdata$__cxa_current_exception_type
000000033a5921e8 p .pdata$__cxa_end_catch
000000033a593370 p .pdata$__cxa_free_dependent_exception
000000033a593358 p .pdata$__cxa_free_exception
000000033a5921d0 p .pdata$__cxa_get_exception_ptr
000000033a592218 p .pdata$__cxa_get_globals
000000033a59220c p .pdata$__cxa_get_globals_fast
000000033a5922f0 p .pdata$__cxa_init_primary_exception
000000033a592308 p .pdata$__cxa_rethrow
000000033a5922fc p .pdata$__cxa_throw
000000033a592278 p .pdata$__gxx_personality_seh0
000000033a593304 p .pdata$__tcf_0
000000033a592e84 p .pdata$__tcf_0
000000033a592ed8 p .pdata$__tcf_1
000000033a5921b8 p .pdata$_ZdlPv
000000033a5912f4 p .pdata$_ZdlPvS_
000000033a5921c4 p .pdata$_ZdlPvy
000000033a593418 p .pdata$_ZGTtNKSt13bad_exceptionD1Ev
000000033a59340c p .pdata$_ZGTtNKSt9exceptionD1Ev
000000033a592224 p .pdata$_ZL16get_adjusted_ptrPKSt9type_infoS1_PPv
000000033a592254 p .pdata$_ZL17parse_lsda_headerP15_Unwind_ContextPKhP16lsda_header_info
000000033a592248 p .pdata$_ZL20check_exception_specP16lsda_header_infoPKSt9type_infoPvx
000000033a592230 p .pdata$_ZL21base_of_encoded_valuehP15_Unwind_Context
000000033a5922e4 p .pdata$_ZL23__gxx_exception_cleanup19_Unwind_Reason_CodeP17_Unwind_Exception
000000033a59223c p .pdata$_ZL28read_encoded_value_with_basehyPKhPy
000000033a592284 p .pdata$_ZN10__cxxabiv111__terminateEPFvvE
000000033a59229c p .pdata$_ZN10__cxxabiv112__unexpectedEPFvvE
000000033a5933e8 p .pdata$_ZN10__cxxabiv115__forced_unwindD0Ev
000000033a5933dc p .pdata$_ZN10__cxxabiv115__forced_unwindD2Ev
000000033a593004 p .pdata$_ZN10__cxxabiv117__class_type_infoD0Ev
000000033a592ff8 p .pdata$_ZN10__cxxabiv117__class_type_infoD2Ev
000000033a593400 p .pdata$_ZN10__cxxabiv119__foreign_exceptionD0Ev
000000033a5933f4 p .pdata$_ZN10__cxxabiv119__foreign_exceptionD2Ev
000000033a59232c p .pdata$_ZN10__cxxabiv120__si_class_type_infoD0Ev
000000033a592320 p .pdata$_ZN10__cxxabiv120__si_class_type_infoD2Ev
000000033a592260 p .pdata$_ZN10__cxxabiv1L21__gxx_personality_impEiiyP17_Unwind_ExceptionP15_Unwind_Context
000000033a592e9c p .pdata$_ZN12_GLOBAL__N_121system_error_categoryD0Ev
000000033a592e54 p .pdata$_ZN12_GLOBAL__N_121system_error_categoryD2Ev
000000033a592e90 p .pdata$_ZN12_GLOBAL__N_122generic_error_categoryD0Ev
000000033a592e24 p .pdata$_ZN12_GLOBAL__N_122generic_error_categoryD2Ev
000000033a593328 p .pdata$_ZN12_GLOBAL__N_14pool4freeEPv.constprop.0
000000033a593334 p .pdata$_ZN12_GLOBAL__N_14pool8allocateEy.constprop.0
000000033a5916e4 p .pdata$_ZN9__gnu_cxx11char_traitsIcE2eqERKcS3_
000000033a591540 p .pdata$_ZN9__gnu_cxx11char_traitsIcE4copyEPcPKcy
000000033a591534 p .pdata$_ZN9__gnu_cxx11char_traitsIcE6lengthEPKc
000000033a592584 p .pdata$_ZN9__gnu_cxx15__concat_size_tEPcyy
000000033a592590 p .pdata$_ZN9__gnu_cxx15__snprintf_liteEPcyPKcS0_
000000033a591f3c p .pdata$_ZN9__gnu_cxx16__aligned_bufferIiE6_M_ptrEv
000000033a592014 p .pdata$_ZN9__gnu_cxx16__aligned_bufferIiE7_M_addrEv
000000033a591d20 p .pdata$_ZN9__gnu_cxx16__aligned_membufISt4pairIKhiEE6_M_ptrEv
000000033a591ea0 p .pdata$_ZN9__gnu_cxx16__aligned_membufISt4pairIKhiEE7_M_addrEv
000000033a591198 p .pdata$_ZN9__gnu_cxx17__normal_iteratorIPhSt6vectorIhSaIhEEEC1ERKS1_
000000033a591258 p .pdata$_ZN9__gnu_cxx17__normal_iteratorIPhvEC1ERKS1_
000000033a591294 p .pdata$_ZN9__gnu_cxx17__normal_iteratorIPhvEppEv
000000033a591888 p .pdata$_ZN9__gnu_cxx17__normal_iteratorIPiSt6vectorIiSaIiEEEC1ERKS1_
000000033a5918d0 p .pdata$_ZN9__gnu_cxx17__normal_iteratorIPiSt6vectorIiSaIiEEEppEi
000000033a59169c p .pdata$_ZN9__gnu_cxx17__normal_iteratorIPiSt6vectorIiSaIiEEEppEv
000000033a591e58 p .pdata$_ZN9__gnu_cxx17__normal_iteratorIPivEC1ERKS1_
000000033a592044 p .pdata$_ZN9__gnu_cxx17__normal_iteratorIPivEppEv
000000033a5917bc p .pdata$_ZN9__gnu_cxx17__normal_iteratorIPP4dataSt6vectorIS2_SaIS2_EEEC1ERKS3_
000000033a591dec p .pdata$_ZN9__gnu_cxx17__normal_iteratorIPP4datavEC1ERKS3_
000000033a591fe4 p .pdata$_ZN9__gnu_cxx17__normal_iteratorIPP4datavEppEv
000000033a5932ec p .pdata$_ZN9__gnu_cxx24__concurrence_lock_errorD0Ev
000000033a5932d4 p .pdata$_ZN9__gnu_cxx24__concurrence_lock_errorD1Ev
000000033a5932f8 p .pdata$_ZN9__gnu_cxx26__concurrence_unlock_errorD0Ev
000000033a5932e0 p .pdata$_ZN9__gnu_cxx26__concurrence_unlock_errorD1Ev
000000033a5923a4 p .pdata$_ZN9__gnu_cxx27__verbose_terminate_handlerEv
000000033a593310 p .pdata$_ZN9__gnu_cxx30__throw_concurrence_lock_errorEv
000000033a59331c p .pdata$_ZN9__gnu_cxx32__throw_concurrence_unlock_errorEv
000000033a592df4 p .pdata$_ZN9__gnu_cxxeqIPcNSt7__cxx1112basic_stringIcSt11char_traitsIcESaIcEEEEEbRKNS_17__normal_iteratorIT_T0_EESD_
000000033a594018 p .pdata$_ZN9__gnu_cxxeqIPcSsEEbRKNS_17__normal_iteratorIT_T0_EES7_
000000033a591510 p .pdata$_ZN9__gnu_cxxeqIPiSt6vectorIiSaIiEEEEbRKNS_17__normal_iteratorIT_T0_EESA_QrqXeqcldtfL0p_4baseEcldtfL0p0_4baseERSt14convertible_toIbEE
000000033a592e00 p .pdata$_ZN9__gnu_cxxeqIPKcNSt7__cxx1112basic_stringIcSt11char_traitsIcESaIcEEEEEbRKNS_17__normal_iteratorIT_T0_EESE_
000000033a594024 p .pdata$_ZN9__gnu_cxxeqIPKcSsEEbRKNS_17__normal_iteratorIT_T0_EES8_
000000033a5911a4 p .pdata$_ZN9__gnu_cxxmiIPhSt6vectorIhSaIhEEEENS_17__normal_iteratorIT_T0_E15difference_typeERKS8_SB_
000000033a59166c p .pdata$_ZN9__gnu_cxxmiIPiSt6vectorIiSaIiEEEENS_17__normal_iteratorIT_T0_E15difference_typeERKS8_SB_
000000033a5917c8 p .pdata$_ZN9__gnu_cxxmiIPP4dataSt6vectorIS2_SaIS2_EEEENS_17__normal_iteratorIT_T0_E15difference_typeERKSA_SD_
000000033a593028 p .pdata$_ZNK10__cxxabiv117__class_type_info10__do_catchEPKSt9type_infoPPvj
000000033a59301c p .pdata$_ZNK10__cxxabiv117__class_type_info11__do_upcastEPKS0_PKvRNS0_15__upcast_resultE
000000033a592fe0 p .pdata$_ZNK10__cxxabiv117__class_type_info11__do_upcastEPKS0_PPv
000000033a593010 p .pdata$_ZNK10__cxxabiv117__class_type_info12__do_dyncastExNS0_10__sub_kindEPKS0_PKvS3_S5_RNS0_16__dyncast_resultE
000000033a592fec p .pdata$_ZNK10__cxxabiv117__class_type_info20__do_find_public_srcExPKvPKS0_S2_
000000033a592350 p .pdata$_ZNK10__cxxabiv120__si_class_type_info11__do_upcastEPKNS_17__class_type_infoEPKvRNS1_15__upcast_resultE
000000033a592344 p .pdata$_ZNK10__cxxabiv120__si_class_type_info12__do_dyncastExNS_17__class_type_info10__sub_kindEPKS1_PKvS4_S6_RNS1_16__dyncast_resultE
000000033a592338 p .pdata$_ZNK10__cxxabiv120__si_class_type_info20__do_find_public_srcExPKvPKNS_17__class_type_infoES2_
000000033a592e48 p .pdata$_ZNK12_GLOBAL__N_121system_error_category10equivalentEiRKSt15error_condition
000000033a592e3c p .pdata$_ZNK12_GLOBAL__N_121system_error_category23default_error_conditionEi
000000033a592e30 p .pdata$_ZNK12_GLOBAL__N_121system_error_category4nameEv
000000033a592ecc p .pdata$_ZNK12_GLOBAL__N_121system_error_category7messageB5cxx11Ei
000000033a592e18 p .pdata$_ZNK12_GLOBAL__N_122generic_error_category10equivalentEiRKSt15error_condition
000000033a592e0c p .pdata$_ZNK12_GLOBAL__N_122generic_error_category4nameEv
000000033a592ee4 p .pdata$_ZNK12_GLOBAL__N_122generic_error_category7messageB5cxx11Ei
000000033a591fb4 p .pdata$_ZNK9__gnu_cxx16__aligned_membufISt4pairIKhiEE6_M_ptrEv
000000033a592080 p .pdata$_ZNK9__gnu_cxx16__aligned_membufISt4pairIKhiEE7_M_addrEv
000000033a5911f8 p .pdata$_ZNK9__gnu_cxx17__normal_iteratorIPhSt6vectorIhSaIhEEE4baseEv
000000033a591288 p .pdata$_ZNK9__gnu_cxx17__normal_iteratorIPhvE4baseEv
000000033a5912a0 p .pdata$_ZNK9__gnu_cxx17__normal_iteratorIPhvEdeEv
000000033a591504 p .pdata$_ZNK9__gnu_cxx17__normal_iteratorIPiSt6vectorIiSaIiEEE4baseEv
000000033a59151c p .pdata$_ZNK9__gnu_cxx17__normal_iteratorIPiSt6vectorIiSaIiEEEdeEv
000000033a591678 p .pdata$_ZNK9__gnu_cxx17__normal_iteratorIPiSt6vectorIiSaIiEEEplEx
000000033a591f84 p .pdata$_ZNK9__gnu_cxx17__normal_iteratorIPivE4baseEv
000000033a592050 p .pdata$_ZNK9__gnu_cxx17__normal_iteratorIPivEdeEv
000000033a591a38 p .pdata$_ZNK9__gnu_cxx17__normal_iteratorIPP4dataSt6vectorIS2_SaIS2_EEE4baseEv
000000033a591f24 p .pdata$_ZNK9__gnu_cxx17__normal_iteratorIPP4datavE4baseEv
000000033a591ff0 p .pdata$_ZNK9__gnu_cxx17__normal_iteratorIPP4datavEdeEv
000000033a5932bc p .pdata$_ZNK9__gnu_cxx24__concurrence_lock_error4whatEv
000000033a5932c8 p .pdata$_ZNK9__gnu_cxx26__concurrence_unlock_error4whatEv
000000033a593748 p .pdata$_ZNKSs11_M_disjunctEPKc
000000033a5939ac p .pdata$_ZNKSs12find_last_ofEcy
000000033a5939a0 p .pdata$_ZNKSs12find_last_ofEPKcy
000000033a593988 p .pdata$_ZNKSs12find_last_ofEPKcyy
000000033a593994 p .pdata$_ZNKSs12find_last_ofERKSsy
000000033a59397c p .pdata$_ZNKSs13find_first_ofEcy
000000033a593970 p .pdata$_ZNKSs13find_first_ofEPKcy
000000033a593958 p .pdata$_ZNKSs13find_first_ofEPKcyy
000000033a593964 p .pdata$_ZNKSs13find_first_ofERKSsy
000000033a5938ec p .pdata$_ZNKSs13get_allocatorEv
000000033a593730 p .pdata$_ZNKSs15_M_check_lengthEyyPKc
000000033a593a0c p .pdata$_ZNKSs16find_last_not_ofEcy
000000033a593a00 p .pdata$_ZNKSs16find_last_not_ofEPKcy
000000033a5939e8 p .pdata$_ZNKSs16find_last_not_ofEPKcyy
000000033a5939f4 p .pdata$_ZNKSs16find_last_not_ofERKSsy
000000033a5939dc p .pdata$_ZNKSs17find_first_not_ofEcy
000000033a5939d0 p .pdata$_ZNKSs17find_first_not_ofEPKcy
000000033a5939b8 p .pdata$_ZNKSs17find_first_not_ofEPKcyy
000000033a5939c4 p .pdata$_ZNKSs17find_first_not_ofERKSsy
000000033a593880 p .pdata$_ZNKSs2atEy
000000033a5937e4 p .pdata$_ZNKSs3endEv
000000033a593a6c p .pdata$_ZNKSs4_Rep12_M_is_leakedEv
000000033a593a78 p .pdata$_ZNKSs4_Rep12_M_is_sharedEv
000000033a593898 p .pdata$_ZNKSs4backEv
000000033a593814 p .pdata$_ZNKSs4cendEv
000000033a5938a4 p .pdata$_ZNKSs4copyEPcyy
000000033a5938e0 p .pdata$_ZNKSs4dataEv
000000033a59391c p .pdata$_ZNKSs4findEcy
000000033a593910 p .pdata$_ZNKSs4findEPKcy
000000033a5938f8 p .pdata$_ZNKSs4findEPKcyy
000000033a593904 p .pdata$_ZNKSs4findERKSsy
000000033a5937fc p .pdata$_ZNKSs4rendEv
000000033a593838 p .pdata$_ZNKSs4sizeEv
000000033a5937d8 p .pdata$_ZNKSs5beginEv
000000033a5938d4 p .pdata$_ZNKSs5c_strEv
000000033a59382c p .pdata$_ZNKSs5crendEv
000000033a593868 p .pdata$_ZNKSs5emptyEv
000000033a59388c p .pdata$_ZNKSs5frontEv
000000033a59394c p .pdata$_ZNKSs5rfindEcy
000000033a593940 p .pdata$_ZNKSs5rfindEPKcy
000000033a593928 p .pdata$_ZNKSs5rfindEPKcyy
000000033a593934 p .pdata$_ZNKSs5rfindERKSsy
000000033a593700 p .pdata$_ZNKSs6_M_repEv
000000033a593808 p .pdata$_ZNKSs6cbeginEv
000000033a593844 p .pdata$_ZNKSs6lengthEv
000000033a5937f0 p .pdata$_ZNKSs6rbeginEv
000000033a593ee0 p .pdata$_ZNKSs6substrEyy
000000033a5936e8 p .pdata$_ZNKSs7_M_dataEv
000000033a593718 p .pdata$_ZNKSs7_M_iendEv
000000033a593a3c p .pdata$_ZNKSs7compareEPKc
000000033a593a18 p .pdata$_ZNKSs7compareERKSs
000000033a593a48 p .pdata$_ZNKSs7compareEyyPKc
000000033a593a54 p .pdata$_ZNKSs7compareEyyPKcy
000000033a593a24 p .pdata$_ZNKSs7compareEyyRKSs
000000033a593a30 p .pdata$_ZNKSs7compareEyyRKSsyy
000000033a593820 p .pdata$_ZNKSs7crbeginEv
000000033a593724 p .pdata$_ZNKSs8_M_checkEyPKc
000000033a59373c p .pdata$_ZNKSs8_M_limitEyy
000000033a59385c p .pdata$_ZNKSs8capacityEv
000000033a593850 p .pdata$_ZNKSs8max_sizeEv
000000033a59370c p .pdata$_ZNKSs9_M_ibeginEv
000000033a593874 p .pdata$_ZNKSsixEy
000000033a591c84 p .pdata$_ZNKSt10_HashtableIiiSaIiENSt8__detail9_IdentityESt8equal_toIiESt4hashIiENS1_18_Mod_range_hashingENS1_20_Default_ranged_hashENS1_20_Prime_rehash_policyENS1_17_Hashtable_traitsILb0ELb1ELb1EEEE21_M_uses_single_bucketEPPNS1_15_Hash_node_baseE
000000033a591a74 p .pdata$_ZNKSt10_HashtableIiiSaIiENSt8__detail9_IdentityESt8equal_toIiESt4hashIiENS1_18_Mod_range_hashingENS1_20_Default_ranged_hashENS1_20_Prime_rehash_policyENS1_17_Hashtable_traitsILb0ELb1ELb1EEEE8_M_beginEv
000000033a591e94 p .pdata$_ZNKSt10_Select1stISt4pairIKhiEEclERKS2_
000000033a592fbc p .pdata$_ZNKSt10bad_typeid4whatEv
000000033a592f38 p .pdata$_ZNKSt10error_code23default_error_conditionEv
000000033a593448 p .pdata$_ZNKSt11logic_error4whatEv
000000033a591150 p .pdata$_ZNKSt12_Vector_baseIhSaIhEE19_M_get_Tp_allocatorEv
000000033a591858 p .pdata$_ZNKSt12_Vector_baseIiSaIiEE19_M_get_Tp_allocatorEv
000000033a59178c p .pdata$_ZNKSt12_Vector_baseIP4dataSaIS1_EE19_M_get_Tp_allocatorEv
000000033a591e88 p .pdata$_ZNKSt13_Rb_tree_nodeISt4pairIKhiEE9_M_valptrEv
000000033a5933b8 p .pdata$_ZNKSt13bad_exception4whatEv
000000033a59256c p .pdata$_ZNKSt13random_device13_M_getentropyEv
000000033a591978 p .pdata$_ZNKSt17_Rb_tree_iteratorISt4pairIKhiEEdeEv
000000033a592f74 p .pdata$_ZNKSt20bad_array_new_length4whatEv
000000033a591d44 p .pdata$_ZNKSt23_Rb_tree_const_iteratorISt4pairIKhiEE13_M_const_castEv
000000033a591b1c p .pdata$_ZNKSt24uniform_int_distributionIyE10param_type1aEv
000000033a591b10 p .pdata$_ZNKSt24uniform_int_distributionIyE10param_type1bEv
000000033a592ef0 p .pdata$_ZNKSt3_V214error_category10_M_messageB5cxx11Ei
000000033a5936dc p .pdata$_ZNKSt3_V214error_category10_M_messageEi
000000033a592e6c p .pdata$_ZNKSt3_V214error_category10equivalentEiRKSt15error_condition
000000033a592e78 p .pdata$_ZNKSt3_V214error_category10equivalentERKSt10error_codei
000000033a592e60 p .pdata$_ZNKSt3_V214error_category23default_error_conditionEi
000000033a59196c p .pdata$_ZNKSt3mapIhiSt4lessIhESaISt4pairIKhiEEE8key_compEv
000000033a591984 p .pdata$_ZNKSt4lessIhEclERKhS2_
000000033a591180 p .pdata$_ZNKSt6vectorIhSaIhEE12_M_check_lenEyPKc
000000033a591138 p .pdata$_ZNKSt6vectorIhSaIhEE4sizeEv
000000033a591144 p .pdata$_ZNKSt6vectorIhSaIhEE8max_sizeEv
000000033a59187c p .pdata$_ZNKSt6vectorIiSaIiEE12_M_check_lenEyPKc
000000033a591870 p .pdata$_ZNKSt6vectorIiSaIiEE4sizeEv
000000033a59184c p .pdata$_ZNKSt6vectorIiSaIiEE8max_sizeEv
000000033a5917a4 p .pdata$_ZNKSt6vectorIP4dataSaIS1_EE12_M_check_lenEyPKc
000000033a591804 p .pdata$_ZNKSt6vectorIP4dataSaIS1_EE14_M_range_checkEy
000000033a5915dc p .pdata$_ZNKSt6vectorIP4dataSaIS1_EE4sizeEv
000000033a591780 p .pdata$_ZNKSt6vectorIP4dataSaIS1_EE8max_sizeEv
000000033a5925f0 p .pdata$_ZNKSt7__cxx1112basic_stringIcSt11char_traitsIcESaIcEE11_M_disjunctEPKc
000000033a591588 p .pdata$_ZNKSt7__cxx1112basic_stringIcSt11char_traitsIcESaIcEE11_M_is_localEv
000000033a592bb4 p .pdata$_ZNKSt7__cxx1112basic_stringIcSt11char_traitsIcESaIcEE12find_last_ofEcy
000000033a592ba8 p .pdata$_ZNKSt7__cxx1112basic_stringIcSt11char_traitsIcESaIcEE12find_last_ofEPKcy
000000033a592b90 p .pdata$_ZNKSt7__cxx1112basic_stringIcSt11char_traitsIcESaIcEE12find_last_ofEPKcyy
000000033a592b9c p .pdata$_ZNKSt7__cxx1112basic_stringIcSt11char_traitsIcESaIcEE12find_last_ofERKS4_y
000000033a591708 p .pdata$_ZNKSt7__cxx1112basic_stringIcSt11char_traitsIcESaIcEE13_M_local_dataEv
000000033a592b84 p .pdata$_ZNKSt7__cxx1112basic_stringIcSt11char_traitsIcESaIcEE13find_first_ofEcy
000000033a592b78 p .pdata$_ZNKSt7__cxx1112basic_stringIcSt11char_traitsIcESaIcEE13find_first_ofEPKcy
000000033a592b60 p .pdata$_ZNKSt7__cxx1112basic_stringIcSt11char_traitsIcESaIcEE13find_first_ofEPKcyy
000000033a592b6c p .pdata$_ZNKSt7__cxx1112basic_stringIcSt11char_traitsIcESaIcEE13find_first_ofERKS4_y
000000033a592af4 p .pdata$_ZNKSt7__cxx1112basic_stringIcSt11char_traitsIcESaIcEE13get_allocatorEv
000000033a5925d8 p .pdata$_ZNKSt7__cxx1112basic_stringIcSt11char_traitsIcESaIcEE15_M_check_lengthEyyPKc
000000033a591c18 p .pdata$_ZNKSt7__cxx1112basic_stringIcSt11char_traitsIcESaIcEE16_M_get_allocatorEv
000000033a592c14 p .pdata$_ZNKSt7__cxx1112basic_stringIcSt11char_traitsIcESaIcEE16find_last_not_ofEcy
000000033a592c08 p .pdata$_ZNKSt7__cxx1112basic_stringIcSt11char_traitsIcESaIcEE16find_last_not_ofEPKcy
000000033a592bf0 p .pdata$_ZNKSt7__cxx1112basic_stringIcSt11char_traitsIcESaIcEE16find_last_not_ofEPKcyy
000000033a592bfc p .pdata$_ZNKSt7__cxx1112basic_stringIcSt11char_traitsIcESaIcEE16find_last_not_ofERKS4_y
000000033a592be4 p .pdata$_ZNKSt7__cxx1112basic_stringIcSt11char_traitsIcESaIcEE17find_first_not_ofEcy
000000033a592bd8 p .pdata$_ZNKSt7__cxx1112basic_stringIcSt11char_traitsIcESaIcEE17find_first_not_ofEPKcy
000000033a592bc0 p .pdata$_ZNKSt7__cxx1112basic_stringIcSt11char_traitsIcESaIcEE17find_first_not_ofEPKcyy
000000033a592bcc p .pdata$_ZNKSt7__cxx1112basic_stringIcSt11char_traitsIcESaIcEE17find_first_not_ofERKS4_y
000000033a59280c p .pdata$_ZNKSt7__cxx1112basic_stringIcSt11char_traitsIcESaIcEE2atEy
000000033a592728 p .pdata$_ZNKSt7__cxx1112basic_stringIcSt11char_traitsIcESaIcEE3endEv
000000033a592848 p .pdata$_ZNKSt7__cxx1112basic_stringIcSt11char_traitsIcESaIcEE4backEv
000000033a592770 p .pdata$_ZNKSt7__cxx1112basic_stringIcSt11char_traitsIcESaIcEE4cendEv
000000033a592ad0 p .pdata$_ZNKSt7__cxx1112basic_stringIcSt11char_traitsIcESaIcEE4copyEPcyy
000000033a592ae8 p .pdata$_ZNKSt7__cxx1112basic_stringIcSt11char_traitsIcESaIcEE4dataEv
000000033a592b24 p .pdata$_ZNKSt7__cxx1112basic_stringIcSt11char_traitsIcESaIcEE4findEcy
000000033a592b18 p .pdata$_ZNKSt7__cxx1112basic_stringIcSt11char_traitsIcESaIcEE4findEPKcy
000000033a592b00 p .pdata$_ZNKSt7__cxx1112basic_stringIcSt11char_traitsIcESaIcEE4findEPKcyy
000000033a592b0c p .pdata$_ZNKSt7__cxx1112basic_stringIcSt11char_traitsIcESaIcEE4findERKS4_y
000000033a592758 p .pdata$_ZNKSt7__cxx1112basic_stringIcSt11char_traitsIcESaIcEE4rendEv
000000033a592794 p .pdata$_ZNKSt7__cxx1112basic_stringIcSt11char_traitsIcESaIcEE4sizeEv
000000033a592710 p .pdata$_ZNKSt7__cxx1112basic_stringIcSt11char_traitsIcESaIcEE5beginEv
000000033a591558 p .pdata$_ZNKSt7__cxx1112basic_stringIcSt11char_traitsIcESaIcEE5c_strEv
000000033a592788 p .pdata$_ZNKSt7__cxx1112basic_stringIcSt11char_traitsIcESaIcEE5crendEv
000000033a5927e8 p .pdata$_ZNKSt7__cxx1112basic_stringIcSt11char_traitsIcESaIcEE5emptyEv
000000033a592830 p .pdata$_ZNKSt7__cxx1112basic_stringIcSt11char_traitsIcESaIcEE5frontEv
000000033a592b54 p .pdata$_ZNKSt7__cxx1112basic_stringIcSt11char_traitsIcESaIcEE5rfindEcy
000000033a592b48 p .pdata$_ZNKSt7__cxx1112basic_stringIcSt11char_traitsIcESaIcEE5rfindEPKcy
000000033a592b30 p .pdata$_ZNKSt7__cxx1112basic_stringIcSt11char_traitsIcESaIcEE5rfindEPKcyy
000000033a592b3c p .pdata$_ZNKSt7__cxx1112basic_stringIcSt11char_traitsIcESaIcEE5rfindERKS4_y
000000033a592764 p .pdata$_ZNKSt7__cxx1112basic_stringIcSt11char_traitsIcESaIcEE6cbeginEv
000000033a5927a0 p .pdata$_ZNKSt7__cxx1112basic_stringIcSt11char_traitsIcESaIcEE6lengthEv
000000033a592740 p .pdata$_ZNKSt7__cxx1112basic_stringIcSt11char_traitsIcESaIcEE6rbeginEv
000000033a592de8 p .pdata$_ZNKSt7__cxx1112basic_stringIcSt11char_traitsIcESaIcEE6substrEyy
000000033a59154c p .pdata$_ZNKSt7__cxx1112basic_stringIcSt11char_traitsIcESaIcEE7_M_dataEv
000000033a592c44 p .pdata$_ZNKSt7__cxx1112basic_stringIcSt11char_traitsIcESaIcEE7compareEPKc
000000033a592c20 p .pdata$_ZNKSt7__cxx1112basic_stringIcSt11char_traitsIcESaIcEE7compareERKS4_
000000033a592c50 p .pdata$_ZNKSt7__cxx1112basic_stringIcSt11char_traitsIcESaIcEE7compareEyyPKc
000000033a592c5c p .pdata$_ZNKSt7__cxx1112basic_stringIcSt11char_traitsIcESaIcEE7compareEyyPKcy
000000033a592c2c p .pdata$_ZNKSt7__cxx1112basic_stringIcSt11char_traitsIcESaIcEE7compareEyyRKS4_
000000033a592c38 p .pdata$_ZNKSt7__cxx1112basic_stringIcSt11char_traitsIcESaIcEE7compareEyyRKS4_yy
000000033a59277c p .pdata$_ZNKSt7__cxx1112basic_stringIcSt11char_traitsIcESaIcEE7crbeginEv
000000033a5925cc p .pdata$_ZNKSt7__cxx1112basic_stringIcSt11char_traitsIcESaIcEE8_M_checkEyPKc
000000033a5925e4 p .pdata$_ZNKSt7__cxx1112basic_stringIcSt11char_traitsIcESaIcEE8_M_limitEyy
000000033a5927ac p .pdata$_ZNKSt7__cxx1112basic_stringIcSt11char_traitsIcESaIcEE8capacityEv
000000033a591c24 p .pdata$_ZNKSt7__cxx1112basic_stringIcSt11char_traitsIcESaIcEE8max_sizeEv
000000033a5927f4 p .pdata$_ZNKSt7__cxx1112basic_stringIcSt11char_traitsIcESaIcEEixEy
000000033a591c6c p .pdata$_ZNKSt8__detail10_Hash_nodeIiLb0EE7_M_nextEv
000000033a591c00 p .pdata$_ZNKSt8_Rb_treeIhSt4pairIKhiESt10_Select1stIS2_ESt4lessIhESaIS2_EE10_Auto_node6_M_keyEv
000000033a591d50 p .pdata$_ZNKSt8_Rb_treeIhSt4pairIKhiESt10_Select1stIS2_ESt4lessIhESaIS2_EE4sizeEv
000000033a591b94 p .pdata$_ZNKSt8_Rb_treeIhSt4pairIKhiESt10_Select1stIS2_ESt4lessIhESaIS2_EE8key_compEv
000000033a591a14 p .pdata$_ZNKSt8_Rb_treeIhSt4pairIKhiESt10_Select1stIS2_ESt4lessIhESaIS2_EE9_M_mbeginEv
000000033a592f98 p .pdata$_ZNKSt8bad_cast4whatEv
000000033a592f50 p .pdata$_ZNKSt9bad_alloc4whatEv
000000033a5933ac p .pdata$_ZNKSt9exception4whatEv
000000033a59238c p .pdata$_ZNKSt9type_info10__do_catchEPKS_PPvj
000000033a592374 p .pdata$_ZNKSt9type_info11__do_upcastEPKN10__cxxabiv117__class_type_infoEPPv
000000033a592368 p .pdata$_ZNKSt9type_info14__is_pointer_pEv
000000033a592398 p .pdata$_ZNKSt9type_infoeqERKS_
000000033a5937a8 p .pdata$_ZNSs10_S_compareEyy
000000033a593e50 p .pdata$_ZNSs12_Alloc_hiderC1EPcRKSaIcE
000000033a593e44 p .pdata$_ZNSs12_Alloc_hiderC2EPcRKSaIcE
000000033a593b74 p .pdata$_ZNSs12_M_leak_hardEv
000000033a593ac0 p .pdata$_ZNSs12_S_constructEycRKSaIcE
000000033a593e80 p .pdata$_ZNSs12_S_constructIN9__gnu_cxx17__normal_iteratorIPcSsEEEES2_T_S4_RKSaIcESt20forward_iterator_tag
000000033a593ea4 p .pdata$_ZNSs12_S_constructIPcEES0_T_S1_RKSaIcESt20forward_iterator_tag
000000033a593f1c p .pdata$_ZNSs12_S_constructIPKcEEPcT_S3_RKSaIcESt20forward_iterator_tag
000000033a593598 p .pdata$_ZNSs12_S_constructIPKcEEPcT_S3_RKSaIcESt20forward_iterator_tag.isra.0
000000033a5937b4 p .pdata$_ZNSs12_S_empty_repEv
000000033a593784 p .pdata$_ZNSs13_S_copy_charsEPcN9__gnu_cxx17__normal_iteratorIPKcSsEES4_
000000033a593778 p .pdata$_ZNSs13_S_copy_charsEPcN9__gnu_cxx17__normal_iteratorIS_SsEES2_
000000033a59379c p .pdata$_ZNSs13_S_copy_charsEPcPKcS1_
000000033a593790 p .pdata$_ZNSs13_S_copy_charsEPcS_S_
000000033a593de4 p .pdata$_ZNSs13shrink_to_fitEv
000000033a593c1c p .pdata$_ZNSs14_M_replace_auxEyyyc
000000033a593c7c p .pdata$_ZNSs15_M_replace_safeEyyPKcy
000000033a593b14 p .pdata$_ZNSs18_S_construct_aux_2EycRKSaIcE
000000033a593be0 p .pdata$_ZNSs2atEy
000000033a593bbc p .pdata$_ZNSs3endEv
000000033a593b38 p .pdata$_ZNSs4_Rep10_M_destroyERKSaIcE
000000033a593b44 p .pdata$_ZNSs4_Rep10_M_disposeERKSaIcE
000000033a593d18 p .pdata$_ZNSs4_Rep10_M_refcopyEv
000000033a593aa8 p .pdata$_ZNSs4_Rep10_M_refdataEv
000000033a593a60 p .pdata$_ZNSs4_Rep12_S_empty_repEv
000000033a593a84 p .pdata$_ZNSs4_Rep13_M_set_leakedEv
000000033a593a90 p .pdata$_ZNSs4_Rep15_M_set_sharableEv
000000033a593a9c p .pdata$_ZNSs4_Rep26_M_set_length_and_sharableEy
000000033a593df0 p .pdata$_ZNSs4_Rep7_M_grabERKSaIcES2_
000000033a593d24 p .pdata$_ZNSs4_Rep8_M_cloneERKSaIcEy
000000033a593ab4 p .pdata$_ZNSs4_Rep9_S_createEyyRKSaIcE
000000033a593bd4 p .pdata$_ZNSs4backEv
000000033a593ba4 p .pdata$_ZNSs4rendEv
000000033a5938b0 p .pdata$_ZNSs4swapERSs
000000033a593b98 p .pdata$_ZNSs5beginEv
000000033a593bec p .pdata$_ZNSs5clearEv
000000033a593c04 p .pdata$_ZNSs5eraseEN9__gnu_cxx17__normal_iteratorIPcSsEE
000000033a593c10 p .pdata$_ZNSs5eraseEN9__gnu_cxx17__normal_iteratorIPcSsEES2_
000000033a593bf8 p .pdata$_ZNSs5eraseEyy
000000033a593b8c p .pdata$_ZNSs5frontEv
000000033a593d78 p .pdata$_ZNSs6appendEPKc
000000033a593d60 p .pdata$_ZNSs6appendEPKcy
000000033a593d3c p .pdata$_ZNSs6appendERKSs
000000033a593d54 p .pdata$_ZNSs6appendERKSsyy
000000033a593d84 p .pdata$_ZNSs6appendESt16initializer_listIcE
000000033a593d9c p .pdata$_ZNSs6appendEyc
000000033a5938c8 p .pdata$_ZNSs6assignEOSs
000000033a593cac p .pdata$_ZNSs6assignEPKc
000000033a593c88 p .pdata$_ZNSs6assignEPKcy
000000033a593e2c p .pdata$_ZNSs6assignERKSs
000000033a593ca0 p .pdata$_ZNSs6assignERKSsyy
000000033a593cb8 p .pdata$_ZNSs6assignESt16initializer_listIcE
000000033a593c28 p .pdata$_ZNSs6assignEyc
000000033a593c40 p .pdata$_ZNSs6insertEN9__gnu_cxx17__normal_iteratorIPcSsEEc
000000033a593cdc p .pdata$_ZNSs6insertEN9__gnu_cxx17__normal_iteratorIPcSsEESt16initializer_listIcE
000000033a593c64 p .pdata$_ZNSs6insertEN9__gnu_cxx17__normal_iteratorIPcSsEEyc
000000033a593cf4 p .pdata$_ZNSs6insertEyPKc
000000033a593cd0 p .pdata$_ZNSs6insertEyPKcy
000000033a593d00 p .pdata$_ZNSs6insertEyRKSs
000000033a593ce8 p .pdata$_ZNSs6insertEyRKSsyy
000000033a593c34 p .pdata$_ZNSs6insertEyyc
000000033a593bc8 p .pdata$_ZNSs6rbeginEv
000000033a593db4 p .pdata$_ZNSs6resizeEy
000000033a593da8 p .pdata$_ZNSs6resizeEyc
000000033a593754 p .pdata$_ZNSs7_M_copyEPcPKcy
000000033a5936f4 p .pdata$_ZNSs7_M_dataEPc
000000033a593b80 p .pdata$_ZNSs7_M_leakEv
000000033a593760 p .pdata$_ZNSs7_M_moveEPcPKcy
000000033a593fb8 p .pdata$_ZNSs7replaceEN9__gnu_cxx17__normal_iteratorIPcSsEES2_NS0_IPKcSsEES5_
000000033a593f88 p .pdata$_ZNSs7replaceEN9__gnu_cxx17__normal_iteratorIPcSsEES2_PKc
000000033a593fa0 p .pdata$_ZNSs7replaceEN9__gnu_cxx17__normal_iteratorIPcSsEES2_PKcS4_
000000033a593f70 p .pdata$_ZNSs7replaceEN9__gnu_cxx17__normal_iteratorIPcSsEES2_PKcy
000000033a593f7c p .pdata$_ZNSs7replaceEN9__gnu_cxx17__normal_iteratorIPcSsEES2_RKSs
000000033a593f94 p .pdata$_ZNSs7replaceEN9__gnu_cxx17__normal_iteratorIPcSsEES2_S1_S1_
000000033a593fac p .pdata$_ZNSs7replaceEN9__gnu_cxx17__normal_iteratorIPcSsEES2_S2_S2_
000000033a593fc4 p .pdata$_ZNSs7replaceEN9__gnu_cxx17__normal_iteratorIPcSsEES2_St16initializer_listIcE
000000033a593c58 p .pdata$_ZNSs7replaceEN9__gnu_cxx17__normal_iteratorIPcSsEES2_yc
000000033a593f64 p .pdata$_ZNSs7replaceEyyPKc
000000033a593f40 p .pdata$_ZNSs7replaceEyyPKcy
000000033a593f4c p .pdata$_ZNSs7replaceEyyRKSs
000000033a593f58 p .pdata$_ZNSs7replaceEyyRKSsyy
000000033a593c4c p .pdata$_ZNSs7replaceEyyyc
000000033a593dd8 p .pdata$_ZNSs7reserveEv
000000033a593d30 p .pdata$_ZNSs7reserveEy
000000033a593d0c p .pdata$_ZNSs8pop_backEv
000000033a59376c p .pdata$_ZNSs9_M_assignEPcyc
000000033a593b68 p .pdata$_ZNSs9_M_mutateEyyy
000000033a593dc0 p .pdata$_ZNSs9push_backEc
000000033a593c70 p .pdata$_ZNSsaSEc
000000033a5938bc p .pdata$_ZNSsaSEOSs
000000033a593cc4 p .pdata$_ZNSsaSEPKc
000000033a593e38 p .pdata$_ZNSsaSERKSs
000000033a593c94 p .pdata$_ZNSsaSESt16initializer_listIcE
000000033a5937cc p .pdata$_ZNSsC1EOSs
000000033a593b2c p .pdata$_ZNSsC1EOSsRKSaIcE
000000033a593fdc p .pdata$_ZNSsC1EPKcRKSaIcE
000000033a593f34 p .pdata$_ZNSsC1EPKcyRKSaIcE
000000033a593af0 p .pdata$_ZNSsC1ERKSaIcE
000000033a593e08 p .pdata$_ZNSsC1ERKSs
000000033a593e20 p .pdata$_ZNSsC1ERKSsRKSaIcE
000000033a593ebc p .pdata$_ZNSsC1ERKSsyRKSaIcE
000000033a593ed4 p .pdata$_ZNSsC1ERKSsyy
000000033a593ef8 p .pdata$_ZNSsC1ERKSsyyRKSaIcE
000000033a593ff4 p .pdata$_ZNSsC1ESt16initializer_listIcERKSaIcE
000000033a593ad8 p .pdata$_ZNSsC1Ev
000000033a593b08 p .pdata$_ZNSsC1EycRKSaIcE
000000033a593e8c p .pdata$_ZNSsC1IN9__gnu_cxx17__normal_iteratorIPcSsEEEET_S4_RKSaIcE
000000033a593f10 p .pdata$_ZNSsC1IPcEET_S1_RKSaIcE
000000033a59400c p .pdata$_ZNSsC1IPKcEET_S2_RKSaIcE
000000033a5937c0 p .pdata$_ZNSsC2EOSs
000000033a593b20 p .pdata$_ZNSsC2EOSsRKSaIcE
000000033a593fd0 p .pdata$_ZNSsC2EPKcRKSaIcE
000000033a593f28 p .pdata$_ZNSsC2EPKcyRKSaIcE
000000033a593ae4 p .pdata$_ZNSsC2ERKSaIcE
000000033a593dfc p .pdata$_ZNSsC2ERKSs
000000033a593e14 p .pdata$_ZNSsC2ERKSsRKSaIcE
000000033a593eb0 p .pdata$_ZNSsC2ERKSsyRKSaIcE
000000033a593ec8 p .pdata$_ZNSsC2ERKSsyy
000000033a593eec p .pdata$_ZNSsC2ERKSsyyRKSaIcE
000000033a593fe8 p .pdata$_ZNSsC2ESt16initializer_listIcERKSaIcE
000000033a593acc p .pdata$_ZNSsC2Ev
000000033a593afc p .pdata$_ZNSsC2EycRKSaIcE
000000033a593e98 p .pdata$_ZNSsC2IN9__gnu_cxx17__normal_iteratorIPcSsEEEET_S4_RKSaIcE
000000033a593f04 p .pdata$_ZNSsC2IPcEET_S1_RKSaIcE
000000033a594000 p .pdata$_ZNSsC2IPKcEET_S2_RKSaIcE
000000033a593b5c p .pdata$_ZNSsD1Ev
000000033a593b50 p .pdata$_ZNSsD2Ev
000000033a593bb0 p .pdata$_ZNSsixEy
000000033a593dcc p .pdata$_ZNSspLEc
000000033a593d90 p .pdata$_ZNSspLEPKc
000000033a593d48 p .pdata$_ZNSspLERKSs
000000033a593d6c p .pdata$_ZNSspLESt16initializer_listIcE
000000033a591a8c p .pdata$_ZNSt10_HashtableIiiSaIiENSt8__detail9_IdentityESt8equal_toIiESt4hashIiENS1_18_Mod_range_hashingENS1_20_Default_ranged_hashENS1_20_Prime_rehash_policyENS1_17_Hashtable_traitsILb0ELb1ELb1EEEE21_M_deallocate_bucketsEPPNS1_15_Hash_node_baseEy
000000033a591828 p .pdata$_ZNSt10_HashtableIiiSaIiENSt8__detail9_IdentityESt8equal_toIiESt4hashIiENS1_18_Mod_range_hashingENS1_20_Default_ranged_hashENS1_20_Prime_rehash_policyENS1_17_Hashtable_traitsILb0ELb1ELb1EEEE21_M_deallocate_bucketsEv
000000033a59181c p .pdata$_ZNSt10_HashtableIiiSaIiENSt8__detail9_IdentityESt8equal_toIiESt4hashIiENS1_18_Mod_range_hashingENS1_20_Default_ranged_hashENS1_20_Prime_rehash_policyENS1_17_Hashtable_traitsILb0ELb1ELb1EEEE5clearEv
000000033a5914c8 p .pdata$_ZNSt10_HashtableIiiSaIiENSt8__detail9_IdentityESt8equal_toIiESt4hashIiENS1_18_Mod_range_hashingENS1_20_Default_ranged_hashENS1_20_Prime_rehash_policyENS1_17_Hashtable_traitsILb0ELb1ELb1EEEEC1Ev
000000033a591618 p .pdata$_ZNSt10_HashtableIiiSaIiENSt8__detail9_IdentityESt8equal_toIiESt4hashIiENS1_18_Mod_range_hashingENS1_20_Default_ranged_hashENS1_20_Prime_rehash_policyENS1_17_Hashtable_traitsILb0ELb1ELb1EEEED1Ev
000000033a592134 p .pdata$_ZNSt10_Head_baseILy0EOhLb0EE7_M_headERS1_
000000033a591eac p .pdata$_ZNSt10_Head_baseILy0EOhLb0EEC2IhEEOT_
000000033a592fd4 p .pdata$_ZNSt10bad_typeidD0Ev
000000033a592fc8 p .pdata$_ZNSt10bad_typeidD2Ev
000000033a5921ac p .pdata$_ZNSt11__copy_moveILb0ELb0ESt26random_access_iterator_tagE12__assign_oneIiiEEvPT_PT0_
000000033a592194 p .pdata$_ZNSt11__copy_moveILb0ELb0ESt26random_access_iterator_tagE8__copy_mIPiS3_EET0_T_S5_S4_
000000033a5921a0 p .pdata$_ZNSt11__copy_moveILb0ELb1ESt26random_access_iterator_tagE8__copy_mIiiEEPT0_PT_S6_S4_
000000033a592128 p .pdata$_ZNSt11_Tuple_implILy0EJOhEE7_M_headERS1_
000000033a5920f8 p .pdata$_ZNSt11_Tuple_implILy0EJOhEEC2EOS1_
000000033a591d2c p .pdata$_ZNSt11_Tuple_implILy0EJOhEEC2IhEEOT_
000000033a591318 p .pdata$_ZNSt11char_traitsIcE4copyEPcPKcy
000000033a591300 p .pdata$_ZNSt11char_traitsIcE6assignERcRKc
000000033a59130c p .pdata$_ZNSt11char_traitsIcE6lengthEPKc
000000033a5935c8 p .pdata$_ZNSt11logic_erroraSEOS_
000000033a5935b0 p .pdata$_ZNSt11logic_erroraSERKS_
000000033a5935bc p .pdata$_ZNSt11logic_errorC2EOS_
000000033a593604 p .pdata$_ZNSt11logic_errorC2EPKc
000000033a594048 p .pdata$_ZNSt11logic_errorC2ERKNSt7__cxx1112basic_stringIcSt11char_traitsIcESaIcEEE
000000033a5935a4 p .pdata$_ZNSt11logic_errorC2ERKS_
000000033a59352c p .pdata$_ZNSt11logic_errorC2ERKSs
000000033a5934f0 p .pdata$_ZNSt11logic_errorD0Ev
000000033a593460 p .pdata$_ZNSt11logic_errorD2Ev
000000033a59364c p .pdata$_ZNSt11range_errorC2EPKc
000000033a594090 p .pdata$_ZNSt11range_errorC2ERKNSt7__cxx1112basic_stringIcSt11char_traitsIcESaIcEEE
000000033a593574 p .pdata$_ZNSt11range_errorC2ERKSs
000000033a59349c p .pdata$_ZNSt11range_errorD0Ev
000000033a59346c p .pdata$_ZNSt11range_errorD2Ev
000000033a5936d0 p .pdata$_ZNSt12__cow_stringaSEOS_
000000033a5936ac p .pdata$_ZNSt12__cow_stringaSERKS_
000000033a5936c4 p .pdata$_ZNSt12__cow_stringC2EOS_
000000033a593694 p .pdata$_ZNSt12__cow_stringC2EPKcy
000000033a5940b4 p .pdata$_ZNSt12__cow_stringC2ERKNSt7__cxx1112basic_stringIcSt11char_traitsIcESaIcEEE
000000033a5936a0 p .pdata$_ZNSt12__cow_stringC2ERKS_
000000033a593688 p .pdata$_ZNSt12__cow_stringC2ERKSs
000000033a59367c p .pdata$_ZNSt12__cow_stringC2Ev
000000033a5936b8 p .pdata$_ZNSt12__cow_stringD2Ev
000000033a594114 p .pdata$_ZNSt12__sso_stringaSEOS_
000000033a5940f0 p .pdata$_ZNSt12__sso_stringaSERKS_
000000033a594108 p .pdata$_ZNSt12__sso_stringC2EOS_
000000033a5940d8 p .pdata$_ZNSt12__sso_stringC2EPKcy
000000033a5940cc p .pdata$_ZNSt12__sso_stringC2ERKNSt7__cxx1112basic_stringIcSt11char_traitsIcESaIcEEE
000000033a5940e4 p .pdata$_ZNSt12__sso_stringC2ERKS_
000000033a593670 p .pdata$_ZNSt12__sso_stringC2ERKSs
000000033a5940c0 p .pdata$_ZNSt12__sso_stringC2Ev
000000033a5940fc p .pdata$_ZNSt12__sso_stringD2Ev
000000033a591c9c p .pdata$_ZNSt12_Destroy_auxILb0EE9__destroyIPiEEvT_S3_
000000033a591ca8 p .pdata$_ZNSt12_Destroy_auxILb1EE9__destroyIPiEEvT_S3_
000000033a5924d0 p .pdata$_ZNSt12_GLOBAL__N_112__x86_rdrandEPv
000000033a5924e8 p .pdata$_ZNSt12_GLOBAL__N_112__x86_rdseedEPv
000000033a5924dc p .pdata$_ZNSt12_GLOBAL__N_114__winxp_rand_sEPv
000000033a592500 p .pdata$_ZNSt12_GLOBAL__N_119__x86_rdseed_rdrandEPv
000000033a591204 p .pdata$_ZNSt12_Vector_baseIhSaIhEE11_M_allocateEy
000000033a59106c p .pdata$_ZNSt12_Vector_baseIhSaIhEE12_Vector_implC1EvQ26is_default_constructible_vIN9__gnu_cxx14__alloc_traitsIT0_NS5_10value_typeEE6rebindIT_E5otherEE
000000033a591078 p .pdata$_ZNSt12_Vector_baseIhSaIhEE17_Vector_impl_dataC2Ev
000000033a591228 p .pdata$_ZNSt12_Vector_baseIhSaIhEE19_M_get_Tp_allocatorEv
000000033a591084 p .pdata$_ZNSt12_Vector_baseIhSaIhEEC2Ev
000000033a591abc p .pdata$_ZNSt12_Vector_baseIiSaIiEE11_M_allocateEy
000000033a591924 p .pdata$_ZNSt12_Vector_baseIiSaIiEE12_Vector_implC1ERKS0_
000000033a5914f8 p .pdata$_ZNSt12_Vector_baseIiSaIiEE12_Vector_implD1Ev
000000033a591834 p .pdata$_ZNSt12_Vector_baseIiSaIiEE13_M_deallocateEPiy
000000033a5914ec p .pdata$_ZNSt12_Vector_baseIiSaIiEE17_Vector_impl_dataC2Ev
000000033a591840 p .pdata$_ZNSt12_Vector_baseIiSaIiEE19_M_get_Tp_allocatorEv
000000033a591930 p .pdata$_ZNSt12_Vector_baseIiSaIiEEC2ERKS0_
000000033a591624 p .pdata$_ZNSt12_Vector_baseIiSaIiEED2Ev
000000033a591a44 p .pdata$_ZNSt12_Vector_baseIP4dataSaIS1_EE11_M_allocateEy
000000033a5913e4 p .pdata$_ZNSt12_Vector_baseIP4dataSaIS1_EE12_Vector_implC1EvQ26is_default_constructible_vIN9__gnu_cxx14__alloc_traitsIT0_NS7_10value_typeEE6rebindIT_E5otherEE
000000033a5913f0 p .pdata$_ZNSt12_Vector_baseIP4dataSaIS1_EE17_Vector_impl_dataC2Ev
000000033a591a68 p .pdata$_ZNSt12_Vector_baseIP4dataSaIS1_EE19_M_get_Tp_allocatorEv
000000033a5913fc p .pdata$_ZNSt12_Vector_baseIP4dataSaIS1_EEC2Ev
000000033a593610 p .pdata$_ZNSt12domain_errorC2EPKc
000000033a594060 p .pdata$_ZNSt12domain_errorC2ERKNSt7__cxx1112basic_stringIcSt11char_traitsIcESaIcEEE
000000033a593538 p .pdata$_ZNSt12domain_errorC2ERKSs
000000033a5934fc p .pdata$_ZNSt12domain_errorD0Ev
000000033a5934c0 p .pdata$_ZNSt12domain_errorD2Ev
000000033a593628 p .pdata$_ZNSt12length_errorC2EPKc
000000033a594078 p .pdata$_ZNSt12length_errorC2ERKNSt7__cxx1112basic_stringIcSt11char_traitsIcESaIcEEE
000000033a593550 p .pdata$_ZNSt12length_errorC2ERKSs
000000033a593514 p .pdata$_ZNSt12length_errorD0Ev
000000033a5934d8 p .pdata$_ZNSt12length_errorD2Ev
000000033a593634 p .pdata$_ZNSt12out_of_rangeC2EPKc
000000033a594084 p .pdata$_ZNSt12out_of_rangeC2ERKNSt7__cxx1112basic_stringIcSt11char_traitsIcESaIcEEE
000000033a59355c p .pdata$_ZNSt12out_of_rangeC2ERKSs
000000033a593520 p .pdata$_ZNSt12out_of_rangeD0Ev
000000033a5934e4 p .pdata$_ZNSt12out_of_rangeD2Ev
000000033a59250c p .pdata$_ZNSt12system_errorC1ESt10error_codePKc
000000033a592eb4 p .pdata$_ZNSt12system_errorD0Ev
000000033a592ea8 p .pdata$_ZNSt12system_errorD2Ev
000000033a591ba0 p .pdata$_ZNSt13_Rb_tree_nodeISt4pairIKhiEE9_M_valptrEv
000000033a5933d0 p .pdata$_ZNSt13bad_exceptionD0Ev
000000033a5933a0 p .pdata$_ZNSt13bad_exceptionD2Ev
000000033a592530 p .pdata$_ZNSt13random_device14_M_init_pretr1ERKNSt7__cxx1112basic_stringIcSt11char_traitsIcESaIcEEE
000000033a59403c p .pdata$_ZNSt13random_device14_M_init_pretr1ERKSs
000000033a592560 p .pdata$_ZNSt13random_device16_M_getval_pretr1Ev
000000033a592548 p .pdata$_ZNSt13random_device7_M_finiEv
000000033a59253c p .pdata$_ZNSt13random_device7_M_initEPKcy
000000033a592524 p .pdata$_ZNSt13random_device7_M_initERKNSt7__cxx1112basic_stringIcSt11char_traitsIcESaIcEEE
000000033a594030 p .pdata$_ZNSt13random_device7_M_initERKSs
000000033a592554 p .pdata$_ZNSt13random_device9_M_getvalEv
000000033a591390 p .pdata$_ZNSt13random_deviceC1Ev
000000033a5913a8 p .pdata$_ZNSt13random_deviceclEv
000000033a59139c p .pdata$_ZNSt13random_deviceD1Ev
000000033a5935f8 p .pdata$_ZNSt13runtime_erroraSEOS_
000000033a5935e0 p .pdata$_ZNSt13runtime_erroraSERKS_
000000033a5935ec p .pdata$_ZNSt13runtime_errorC2EOS_
000000033a593640 p .pdata$_ZNSt13runtime_errorC2EPKc
000000033a594054 p .pdata$_ZNSt13runtime_errorC2ERKNSt7__cxx1112basic_stringIcSt11char_traitsIcESaIcEEE
000000033a5935d4 p .pdata$_ZNSt13runtime_errorC2ERKS_
000000033a593568 p .pdata$_ZNSt13runtime_errorC2ERKSs
000000033a593490 p .pdata$_ZNSt13runtime_errorD0Ev
000000033a593454 p .pdata$_ZNSt13runtime_errorD2Ev
000000033a5914d4 p .pdata$_ZNSt13unordered_setIiSt4hashIiESt8equal_toIiESaIiEEC1Ev
000000033a5914e0 p .pdata$_ZNSt13unordered_setIiSt4hashIiESt8equal_toIiESaIiEED1Ev
000000033a593658 p .pdata$_ZNSt14overflow_errorC2EPKc
000000033a59409c p .pdata$_ZNSt14overflow_errorC2ERKNSt7__cxx1112basic_stringIcSt11char_traitsIcESaIcEEE
000000033a593580 p .pdata$_ZNSt14overflow_errorC2ERKSs
000000033a5934a8 p .pdata$_ZNSt14overflow_errorD0Ev
000000033a593478 p .pdata$_ZNSt14overflow_errorD2Ev
000000033a591ef4 p .pdata$_ZNSt15__new_allocatorIcE10deallocateEPcy
000000033a591fcc p .pdata$_ZNSt15__new_allocatorIcE8allocateEyPKv
000000033a591240 p .pdata$_ZNSt15__new_allocatorIhE10deallocateEPhy
000000033a591270 p .pdata$_ZNSt15__new_allocatorIhE8allocateEyPKv
000000033a591e28 p .pdata$_ZNSt15__new_allocatorIiE10deallocateEPiy
000000033a591f6c p .pdata$_ZNSt15__new_allocatorIiE8allocateEyPKv
000000033a5920bc p .pdata$_ZNSt15__new_allocatorINSt8__detail10_Hash_nodeIiLb0EEEE10deallocateEPS2_y
000000033a591dd4 p .pdata$_ZNSt15__new_allocatorIP4dataE10deallocateEPS1_y
000000033a591f0c p .pdata$_ZNSt15__new_allocatorIP4dataE8allocateEyPKv
000000033a592038 p .pdata$_ZNSt15__new_allocatorIPNSt8__detail15_Hash_node_baseEE10deallocateEPS2_y
000000033a591fd8 p .pdata$_ZNSt15__new_allocatorISt13_Rb_tree_nodeISt4pairIKhiEEE10deallocateEPS4_y
000000033a5920ec p .pdata$_ZNSt15__new_allocatorISt13_Rb_tree_nodeISt4pairIKhiEEE8allocateEyPKv
000000033a59136c p .pdata$_ZNSt15_Rb_tree_header8_M_resetEv
000000033a591360 p .pdata$_ZNSt15_Rb_tree_headerC2Ev
000000033a593664 p .pdata$_ZNSt15underflow_errorC2EPKc
000000033a5940a8 p .pdata$_ZNSt15underflow_errorC2ERKNSt7__cxx1112basic_stringIcSt11char_traitsIcESaIcEEE
000000033a59358c p .pdata$_ZNSt15underflow_errorC2ERKSs
000000033a5934b4 p .pdata$_ZNSt15underflow_errorD0Ev
000000033a593484 p .pdata$_ZNSt15underflow_errorD2Ev
000000033a59361c p .pdata$_ZNSt16invalid_argumentC2EPKc
000000033a59406c p .pdata$_ZNSt16invalid_argumentC2ERKNSt7__cxx1112basic_stringIcSt11char_traitsIcESaIcEEE
000000033a593544 p .pdata$_ZNSt16invalid_argumentC2ERKSs
000000033a593508 p .pdata$_ZNSt16invalid_argumentD0Ev
000000033a5934cc p .pdata$_ZNSt16invalid_argumentD2Ev
000000033a591b7c p .pdata$_ZNSt17_Rb_tree_iteratorISt4pairIKhiEEC1EPSt18_Rb_tree_node_base
000000033a591d98 p .pdata$_ZNSt17_Rb_tree_iteratorISt4pairIKhiEEmmEv
000000033a591da4 p .pdata$_ZNSt17_Rb_tree_iteratorISt4pairIKhiEEppEv
000000033a591330 p .pdata$_ZNSt19__ptr_traits_ptr_toIPccLb0EE10pointer_toERc
000000033a5919d8 p .pdata$_ZNSt19__ptr_traits_ptr_toIPKcS0_Lb0EE10pointer_toERS0_
000000033a591f54 p .pdata$_ZNSt19__ptr_traits_ptr_toIPNSt8__detail10_Hash_nodeIiLb0EEES2_Lb0EE10pointer_toERS2_
000000033a591e1c p .pdata$_ZNSt19__ptr_traits_ptr_toIPPNSt8__detail15_Hash_node_baseES2_Lb0EE10pointer_toERS2_
000000033a591e7c p .pdata$_ZNSt20__uninitialized_copyILb1EE13__uninit_copyIN9__gnu_cxx17__normal_iteratorIPiSt6vectorIiSaIiEEEES4_EET0_T_SA_S9_
000000033a59175c p .pdata$_ZNSt20_Rb_tree_key_compareISt4lessIhEEC2Ev
000000033a592f8c p .pdata$_ZNSt20bad_array_new_lengthD0Ev
000000033a592f80 p .pdata$_ZNSt20bad_array_new_lengthD2Ev
000000033a59199c p .pdata$_ZNSt23_Rb_tree_const_iteratorISt4pairIKhiEEC1ERKSt17_Rb_tree_iteratorIS2_E
000000033a591cf0 p .pdata$_ZNSt23mersenne_twister_engineIjLy32ELy624ELy397ELy31ELj2567483615ELy11ELj4294967295ELy7ELj2636928640ELy15ELj4022730752ELy18ELj1812433253EE11_M_gen_randEv
000000033a5918b8 p .pdata$_ZNSt23mersenne_twister_engineIjLy32ELy624ELy397ELy31ELj2567483615ELy11ELj4294967295ELy7ELj2636928640ELy15ELj4022730752ELy18ELj1812433253EE4seedEj
000000033a591648 p .pdata$_ZNSt23mersenne_twister_engineIjLy32ELy624ELy397ELy31ELj2567483615ELy11ELj4294967295ELy7ELj2636928640ELy15ELj4022730752ELy18ELj1812433253EEC1Ej
000000033a591b34 p .pdata$_ZNSt23mersenne_twister_engineIjLy32ELy624ELy397ELy31ELj2567483615ELy11ELj4294967295ELy7ELj2636928640ELy15ELj4022730752ELy18ELj1812433253EEclEv
000000033a59190c p .pdata$_ZNSt24uniform_int_distributionIyE10param_typeC1Eyy
000000033a591b28 p .pdata$_ZNSt24uniform_int_distributionIyE5_S_ndIySt23mersenne_twister_engineIjLy32ELy624ELy397ELy31ELj2567483615ELy11ELj4294967295ELy7ELj2636928640ELy15ELj4022730752ELy18ELj1812433253EEjEET1_RT0_S4_
000000033a591900 p .pdata$_ZNSt24uniform_int_distributionIyEC1Ev
000000033a5918c4 p .pdata$_ZNSt24uniform_int_distributionIyEC1Eyy
000000033a5918dc p .pdata$_ZNSt24uniform_int_distributionIyEclISt23mersenne_twister_engineIjLy32ELy624ELy397ELy31ELj2567483615ELy11ELj4294967295ELy7ELj2636928640ELy15ELj4022730752ELy18ELj1812433253EEEEyRT_
000000033a591918 p .pdata$_ZNSt24uniform_int_distributionIyEclISt23mersenne_twister_engineIjLy32ELy624ELy397ELy31ELj2567483615ELy11ELj4294967295ELy7ELj2636928640ELy15ELj4022730752ELy18ELj1812433253EEEEyRT_RKNS0_10param_typeE
000000033a592f14 p .pdata$_ZNSt3_V214error_categoryD0Ev
000000033a592f08 p .pdata$_ZNSt3_V214error_categoryD2Ev
000000033a592f20 p .pdata$_ZNSt3_V215system_categoryEv
000000033a592f2c p .pdata$_ZNSt3_V216generic_categoryEv
000000033a591960 p .pdata$_ZNSt3mapIhiSt4lessIhESaISt4pairIKhiEEE11lower_boundERS3_
000000033a5916b4 p .pdata$_ZNSt3mapIhiSt4lessIhESaISt4pairIKhiEEE3endEv
000000033a5916a8 p .pdata$_ZNSt3mapIhiSt4lessIhESaISt4pairIKhiEEE4findERS3_
000000033a5913cc p .pdata$_ZNSt3mapIhiSt4lessIhESaISt4pairIKhiEEEC1Ev
000000033a5913d8 p .pdata$_ZNSt3mapIhiSt4lessIhESaISt4pairIKhiEEED1Ev
000000033a5916cc p .pdata$_ZNSt3mapIhiSt4lessIhESaISt4pairIKhiEEEixEOh
000000033a592140 p .pdata$_ZNSt4pairIKhiEC1IJOhEJEEESt21piecewise_construct_tSt5tupleIJDpT_EES5_IJDpT0_EE
000000033a592104 p .pdata$_ZNSt4pairIKhiEC1IJOhEJLy0EEJEJEEERSt5tupleIJDpT_EERS4_IJDpT1_EESt12_Index_tupleIJXspT0_EEESD_IJXspT2_EEE
000000033a591d68 p .pdata$_ZNSt4pairIPSt18_Rb_tree_node_baseS1_EC1ERKS1_S4_Qcl16_S_constructibleIRKT_RKT0_EE
000000033a591edc p .pdata$_ZNSt4pairIPSt18_Rb_tree_node_baseS1_EC1IRPSt13_Rb_tree_nodeIS_IKhiEERS1_EEOT_OT0_
000000033a591d8c p .pdata$_ZNSt4pairIPSt18_Rb_tree_node_baseS1_EC1IRS1_S4_EEOT_OT0_
000000033a591ce4 p .pdata$_ZNSt4pairIyyEC1IyyEEOT_OT0_
000000033a59208c p .pdata$_ZNSt5tupleIJOhEEC1EOS1_
000000033a591bac p .pdata$_ZNSt5tupleIJOhEEC1IJhEEEDpOT_
000000033a59115c p .pdata$_ZNSt6vectorIhSaIhEE11_S_max_sizeERKS0_
000000033a59121c p .pdata$_ZNSt6vectorIhSaIhEE11_S_relocateEPhS2_S2_RS0_
000000033a5911d4 p .pdata$_ZNSt6vectorIhSaIhEE17_M_realloc_appendIJRKhEEEvDpOT_
000000033a59118c p .pdata$_ZNSt6vectorIhSaIhEE3endEv
000000033a5911b0 p .pdata$_ZNSt6vectorIhSaIhEE5beginEv
000000033a59112c p .pdata$_ZNSt6vectorIhSaIhEE9push_backERKh
000000033a591090 p .pdata$_ZNSt6vectorIhSaIhEEC1Ev
000000033a591864 p .pdata$_ZNSt6vectorIiSaIiEE11_S_max_sizeERKS0_
000000033a591ad4 p .pdata$_ZNSt6vectorIiSaIiEE11_S_relocateEPiS2_S2_RS0_
000000033a5918ac p .pdata$_ZNSt6vectorIiSaIiEE17_M_realloc_appendIJRKiEEEvDpOT_
000000033a591b40 p .pdata$_ZNSt6vectorIiSaIiEE17_S_check_init_lenEyRKS0_
000000033a59193c p .pdata$_ZNSt6vectorIiSaIiEE19_M_range_initializeIN9__gnu_cxx17__normal_iteratorIPiS1_EEEEvT_S7_St20forward_iterator_tag
000000033a591660 p .pdata$_ZNSt6vectorIiSaIiEE3endEv
000000033a591654 p .pdata$_ZNSt6vectorIiSaIiEE5beginEv
000000033a59163c p .pdata$_ZNSt6vectorIiSaIiEE9push_backERKi
000000033a591690 p .pdata$_ZNSt6vectorIiSaIiEEC1IN9__gnu_cxx17__normal_iteratorIPiS1_EEvEET_S7_RKS0_
000000033a591630 p .pdata$_ZNSt6vectorIiSaIiEED1Ev
000000033a591798 p .pdata$_ZNSt6vectorIP4dataSaIS1_EE11_S_max_sizeERKS2_
000000033a591a5c p .pdata$_ZNSt6vectorIP4dataSaIS1_EE11_S_relocateEPS1_S4_S4_RS2_
000000033a5917f8 p .pdata$_ZNSt6vectorIP4dataSaIS1_EE17_M_realloc_appendIJRKS1_EEEvDpOT_
000000033a5915e8 p .pdata$_ZNSt6vectorIP4dataSaIS1_EE2atEy
000000033a5917b0 p .pdata$_ZNSt6vectorIP4dataSaIS1_EE3endEv
000000033a5917d4 p .pdata$_ZNSt6vectorIP4dataSaIS1_EE5beginEv
000000033a5915d0 p .pdata$_ZNSt6vectorIP4dataSaIS1_EE9push_backERKS1_
000000033a591408 p .pdata$_ZNSt6vectorIP4dataSaIS1_EEC1Ev
000000033a591810 p .pdata$_ZNSt6vectorIP4dataSaIS1_EEixEy
000000033a5919b4 p .pdata$_ZNSt7__cxx1112basic_stringIcSt11char_traitsIcESaIcEE10_M_destroyEy
000000033a5916fc p .pdata$_ZNSt7__cxx1112basic_stringIcSt11char_traitsIcESaIcEE10_M_disposeEv
000000033a592944 p .pdata$_ZNSt7__cxx1112basic_stringIcSt11char_traitsIcESaIcEE10_M_replaceEyyPKcy
000000033a592638 p .pdata$_ZNSt7__cxx1112basic_stringIcSt11char_traitsIcESaIcEE10_S_compareEyy
000000033a591720 p .pdata$_ZNSt7__cxx1112basic_stringIcSt11char_traitsIcESaIcEE11_M_capacityEy
000000033a591c30 p .pdata$_ZNSt7__cxx1112basic_stringIcSt11char_traitsIcESaIcEE11_S_allocateERS3_y
000000033a592c80 p .pdata$_ZNSt7__cxx1112basic_stringIcSt11char_traitsIcESaIcEE12_Alloc_hiderC1EPcOS3_
000000033a591594 p .pdata$_ZNSt7__cxx1112basic_stringIcSt11char_traitsIcESaIcEE12_Alloc_hiderC1EPcRKS3_
000000033a592c74 p .pdata$_ZNSt7__cxx1112basic_stringIcSt11char_traitsIcESaIcEE12_Alloc_hiderC2EPcOS3_
000000033a592c68 p .pdata$_ZNSt7__cxx1112basic_stringIcSt11char_traitsIcESaIcEE12_Alloc_hiderC2EPcRKS3_
000000033a591354 p .pdata$_ZNSt7__cxx1112basic_stringIcSt11char_traitsIcESaIcEE12_Alloc_hiderD1Ev
000000033a59259c p .pdata$_ZNSt7__cxx1112basic_stringIcSt11char_traitsIcESaIcEE12_M_constructEyc
000000033a592cb0 p .pdata$_ZNSt7__cxx1112basic_stringIcSt11char_traitsIcESaIcEE12_M_constructIN9__gnu_cxx17__normal_iteratorIPcS4_EEEEvT_SA_St20forward_iterator_tag
000000033a592cd4 p .pdata$_ZNSt7__cxx1112basic_stringIcSt11char_traitsIcESaIcEE12_M_constructIN9__gnu_cxx17__normal_iteratorIPKcS4_EEEEvT_SB_St20forward_iterator_tag
000000033a592cf8 p .pdata$_ZNSt7__cxx1112basic_stringIcSt11char_traitsIcESaIcEE12_M_constructIPcEEvT_S7_St20forward_iterator_tag
000000033a591744 p .pdata$_ZNSt7__cxx1112basic_stringIcSt11char_traitsIcESaIcEE12_M_constructIPKcEEvT_S8_St20forward_iterator_tag
000000033a592ec0 p .pdata$_ZNSt7__cxx1112basic_stringIcSt11char_traitsIcESaIcEE12_M_constructIPKcEEvT_S8_St20forward_iterator_tag.isra.0
000000033a5924f4 p .pdata$_ZNSt7__cxx1112basic_stringIcSt11char_traitsIcESaIcEE12_M_constructIPKcEEvT_S8_St20forward_iterator_tag.isra.0
000000033a591324 p .pdata$_ZNSt7__cxx1112basic_stringIcSt11char_traitsIcESaIcEE13_M_local_dataEv
000000033a591564 p .pdata$_ZNSt7__cxx1112basic_stringIcSt11char_traitsIcESaIcEE13_M_set_lengthEy
000000033a592620 p .pdata$_ZNSt7__cxx1112basic_stringIcSt11char_traitsIcESaIcEE13_S_copy_charsEPcN9__gnu_cxx17__normal_iteratorIPKcS4_EESA_
000000033a592614 p .pdata$_ZNSt7__cxx1112basic_stringIcSt11char_traitsIcESaIcEE13_S_copy_charsEPcN9__gnu_cxx17__normal_iteratorIS5_S4_EES8_
000000033a5919e4 p .pdata$_ZNSt7__cxx1112basic_stringIcSt11char_traitsIcESaIcEE13_S_copy_charsEPcPKcS7_
000000033a59262c p .pdata$_ZNSt7__cxx1112basic_stringIcSt11char_traitsIcESaIcEE13_S_copy_charsEPcS5_S5_
000000033a5927d0 p .pdata$_ZNSt7__cxx1112basic_stringIcSt11char_traitsIcESaIcEE13shrink_to_fitEv
000000033a5928b4 p .pdata$_ZNSt7__cxx1112basic_stringIcSt11char_traitsIcESaIcEE14_M_replace_auxEyyyc
000000033a592938 p .pdata$_ZNSt7__cxx1112basic_stringIcSt11char_traitsIcESaIcEE15_M_replace_coldEPcyPKcyy
000000033a59157c p .pdata$_ZNSt7__cxx1112basic_stringIcSt11char_traitsIcESaIcEE16_M_get_allocatorEv
000000033a5925b4 p .pdata$_ZNSt7__cxx1112basic_stringIcSt11char_traitsIcESaIcEE17_M_init_local_bufEv
000000033a5925c0 p .pdata$_ZNSt7__cxx1112basic_stringIcSt11char_traitsIcESaIcEE17_M_use_local_dataEv
000000033a5925a8 p .pdata$_ZNSt7__cxx1112basic_stringIcSt11char_traitsIcESaIcEE18_M_construct_aux_2Eyc
000000033a592818 p .pdata$_ZNSt7__cxx1112basic_stringIcSt11char_traitsIcESaIcEE2atEy
000000033a59271c p .pdata$_ZNSt7__cxx1112basic_stringIcSt11char_traitsIcESaIcEE3endEv
000000033a59283c p .pdata$_ZNSt7__cxx1112basic_stringIcSt11char_traitsIcESaIcEE4backEv
000000033a59274c p .pdata$_ZNSt7__cxx1112basic_stringIcSt11char_traitsIcESaIcEE4rendEv
000000033a592adc p .pdata$_ZNSt7__cxx1112basic_stringIcSt11char_traitsIcESaIcEE4swapERS4_
000000033a592704 p .pdata$_ZNSt7__cxx1112basic_stringIcSt11char_traitsIcESaIcEE5beginEv
000000033a5927dc p .pdata$_ZNSt7__cxx1112basic_stringIcSt11char_traitsIcESaIcEE5clearEv
000000033a592890 p .pdata$_ZNSt7__cxx1112basic_stringIcSt11char_traitsIcESaIcEE5eraseEN9__gnu_cxx17__normal_iteratorIPKcS4_EE
000000033a59289c p .pdata$_ZNSt7__cxx1112basic_stringIcSt11char_traitsIcESaIcEE5eraseEN9__gnu_cxx17__normal_iteratorIPKcS4_EES9_
000000033a592884 p .pdata$_ZNSt7__cxx1112basic_stringIcSt11char_traitsIcESaIcEE5eraseEyy
000000033a592824 p .pdata$_ZNSt7__cxx1112basic_stringIcSt11char_traitsIcESaIcEE5frontEv
000000033a592a7c p .pdata$_ZNSt7__cxx1112basic_stringIcSt11char_traitsIcESaIcEE6appendEPKc
000000033a592a70 p .pdata$_ZNSt7__cxx1112basic_stringIcSt11char_traitsIcESaIcEE6appendEPKcy
000000033a592aa0 p .pdata$_ZNSt7__cxx1112basic_stringIcSt11char_traitsIcESaIcEE6appendERKS4_
000000033a592ac4 p .pdata$_ZNSt7__cxx1112basic_stringIcSt11char_traitsIcESaIcEE6appendERKS4_yy
000000033a592ab8 p .pdata$_ZNSt7__cxx1112basic_stringIcSt11char_traitsIcESaIcEE6appendESt16initializer_listIcE
000000033a5928c0 p .pdata$_ZNSt7__cxx1112basic_stringIcSt11char_traitsIcESaIcEE6appendEyc
000000033a592878 p .pdata$_ZNSt7__cxx1112basic_stringIcSt11char_traitsIcESaIcEE6assignEOS4_
000000033a592968 p .pdata$_ZNSt7__cxx1112basic_stringIcSt11char_traitsIcESaIcEE6assignEPKc
000000033a59295c p .pdata$_ZNSt7__cxx1112basic_stringIcSt11char_traitsIcESaIcEE6assignEPKcy
000000033a59286c p .pdata$_ZNSt7__cxx1112basic_stringIcSt11char_traitsIcESaIcEE6assignERKS4_
000000033a592950 p .pdata$_ZNSt7__cxx1112basic_stringIcSt11char_traitsIcESaIcEE6assignERKS4_yy
000000033a592ddc p .pdata$_ZNSt7__cxx1112basic_stringIcSt11char_traitsIcESaIcEE6assignESt16initializer_listIcE
000000033a5928cc p .pdata$_ZNSt7__cxx1112basic_stringIcSt11char_traitsIcESaIcEE6assignEyc
000000033a592a34 p .pdata$_ZNSt7__cxx1112basic_stringIcSt11char_traitsIcESaIcEE6insertEN9__gnu_cxx17__normal_iteratorIPcS4_EESt16initializer_listIcE
000000033a5928e4 p .pdata$_ZNSt7__cxx1112basic_stringIcSt11char_traitsIcESaIcEE6insertEN9__gnu_cxx17__normal_iteratorIPKcS4_EEc
000000033a592a40 p .pdata$_ZNSt7__cxx1112basic_stringIcSt11char_traitsIcESaIcEE6insertEN9__gnu_cxx17__normal_iteratorIPKcS4_EESt16initializer_listIcE
000000033a592914 p .pdata$_ZNSt7__cxx1112basic_stringIcSt11char_traitsIcESaIcEE6insertEN9__gnu_cxx17__normal_iteratorIPKcS4_EEyc
000000033a5929bc p .pdata$_ZNSt7__cxx1112basic_stringIcSt11char_traitsIcESaIcEE6insertEyPKc
000000033a592998 p .pdata$_ZNSt7__cxx1112basic_stringIcSt11char_traitsIcESaIcEE6insertEyPKcy
000000033a5929a4 p .pdata$_ZNSt7__cxx1112basic_stringIcSt11char_traitsIcESaIcEE6insertEyRKS4_
000000033a592a4c p .pdata$_ZNSt7__cxx1112basic_stringIcSt11char_traitsIcESaIcEE6insertEyRKS4_yy
000000033a5928d8 p .pdata$_ZNSt7__cxx1112basic_stringIcSt11char_traitsIcESaIcEE6insertEyyc
000000033a592734 p .pdata$_ZNSt7__cxx1112basic_stringIcSt11char_traitsIcESaIcEE6rbeginEv
000000033a59292c p .pdata$_ZNSt7__cxx1112basic_stringIcSt11char_traitsIcESaIcEE6resizeEy
000000033a592920 p .pdata$_ZNSt7__cxx1112basic_stringIcSt11char_traitsIcESaIcEE6resizeEyc
000000033a591714 p .pdata$_ZNSt7__cxx1112basic_stringIcSt11char_traitsIcESaIcEE7_M_dataEPc
000000033a5919cc p .pdata$_ZNSt7__cxx1112basic_stringIcSt11char_traitsIcESaIcEE7_S_copyEPcPKcy
000000033a5925fc p .pdata$_ZNSt7__cxx1112basic_stringIcSt11char_traitsIcESaIcEE7_S_moveEPcPKcy
000000033a592a1c p .pdata$_ZNSt7__cxx1112basic_stringIcSt11char_traitsIcESaIcEE7replaceEN9__gnu_cxx17__normal_iteratorIPKcS4_EES9_NS6_IPcS4_EESB_
000000033a5929e0 p .pdata$_ZNSt7__cxx1112basic_stringIcSt11char_traitsIcESaIcEE7replaceEN9__gnu_cxx17__normal_iteratorIPKcS4_EES9_PcSA_
000000033a5929f8 p .pdata$_ZNSt7__cxx1112basic_stringIcSt11char_traitsIcESaIcEE7replaceEN9__gnu_cxx17__normal_iteratorIPKcS4_EES9_RKS4_
000000033a592a10 p .pdata$_ZNSt7__cxx1112basic_stringIcSt11char_traitsIcESaIcEE7replaceEN9__gnu_cxx17__normal_iteratorIPKcS4_EES9_S8_
000000033a5929ec p .pdata$_ZNSt7__cxx1112basic_stringIcSt11char_traitsIcESaIcEE7replaceEN9__gnu_cxx17__normal_iteratorIPKcS4_EES9_S8_S8_
000000033a5929d4 p .pdata$_ZNSt7__cxx1112basic_stringIcSt11char_traitsIcESaIcEE7replaceEN9__gnu_cxx17__normal_iteratorIPKcS4_EES9_S8_y
000000033a592a28 p .pdata$_ZNSt7__cxx1112basic_stringIcSt11char_traitsIcESaIcEE7replaceEN9__gnu_cxx17__normal_iteratorIPKcS4_EES9_S9_S9_
000000033a592a04 p .pdata$_ZNSt7__cxx1112basic_stringIcSt11char_traitsIcESaIcEE7replaceEN9__gnu_cxx17__normal_iteratorIPKcS4_EES9_St16initializer_listIcE
000000033a5928fc p .pdata$_ZNSt7__cxx1112basic_stringIcSt11char_traitsIcESaIcEE7replaceEN9__gnu_cxx17__normal_iteratorIPKcS4_EES9_yc
000000033a5929c8 p .pdata$_ZNSt7__cxx1112basic_stringIcSt11char_traitsIcESaIcEE7replaceEyyPKc
000000033a592974 p .pdata$_ZNSt7__cxx1112basic_stringIcSt11char_traitsIcESaIcEE7replaceEyyPKcy
000000033a5929b0 p .pdata$_ZNSt7__cxx1112basic_stringIcSt11char_traitsIcESaIcEE7replaceEyyRKS4_
000000033a592a58 p .pdata$_ZNSt7__cxx1112basic_stringIcSt11char_traitsIcESaIcEE7replaceEyyRKS4_yy
000000033a5928f0 p .pdata$_ZNSt7__cxx1112basic_stringIcSt11char_traitsIcESaIcEE7replaceEyyyc
000000033a5927c4 p .pdata$_ZNSt7__cxx1112basic_stringIcSt11char_traitsIcESaIcEE7reserveEv
000000033a5927b8 p .pdata$_ZNSt7__cxx1112basic_stringIcSt11char_traitsIcESaIcEE7reserveEy
000000033a59265c p .pdata$_ZNSt7__cxx1112basic_stringIcSt11char_traitsIcESaIcEE8_M_eraseEyy
000000033a5928a8 p .pdata$_ZNSt7__cxx1112basic_stringIcSt11char_traitsIcESaIcEE8pop_backEv
000000033a592a64 p .pdata$_ZNSt7__cxx1112basic_stringIcSt11char_traitsIcESaIcEE9_M_appendEPKcy
000000033a592644 p .pdata$_ZNSt7__cxx1112basic_stringIcSt11char_traitsIcESaIcEE9_M_assignERKS4_
000000033a5919c0 p .pdata$_ZNSt7__cxx1112basic_stringIcSt11char_traitsIcESaIcEE9_M_createERyy
000000033a5916f0 p .pdata$_ZNSt7__cxx1112basic_stringIcSt11char_traitsIcESaIcEE9_M_lengthEy
000000033a592650 p .pdata$_ZNSt7__cxx1112basic_stringIcSt11char_traitsIcESaIcEE9_M_mutateEyyPKcy
000000033a592608 p .pdata$_ZNSt7__cxx1112basic_stringIcSt11char_traitsIcESaIcEE9_S_assignEPcyc
000000033a592860 p .pdata$_ZNSt7__cxx1112basic_stringIcSt11char_traitsIcESaIcEE9push_backEc
000000033a592908 p .pdata$_ZNSt7__cxx1112basic_stringIcSt11char_traitsIcESaIcEEaSEc
000000033a5926f8 p .pdata$_ZNSt7__cxx1112basic_stringIcSt11char_traitsIcESaIcEEaSEOS4_
000000033a59298c p .pdata$_ZNSt7__cxx1112basic_stringIcSt11char_traitsIcESaIcEEaSEPKc
000000033a5926ec p .pdata$_ZNSt7__cxx1112basic_stringIcSt11char_traitsIcESaIcEEaSERKS4_
000000033a592980 p .pdata$_ZNSt7__cxx1112basic_stringIcSt11char_traitsIcESaIcEEaSESt16initializer_listIcE
000000033a5926bc p .pdata$_ZNSt7__cxx1112basic_stringIcSt11char_traitsIcESaIcEEC1EOS4_
000000033a5926d4 p .pdata$_ZNSt7__cxx1112basic_stringIcSt11char_traitsIcESaIcEEC1EOS4_RKS3_
000000033a592da0 p .pdata$_ZNSt7__cxx1112basic_stringIcSt11char_traitsIcESaIcEEC1EPKcRKS3_
000000033a592d88 p .pdata$_ZNSt7__cxx1112basic_stringIcSt11char_traitsIcESaIcEEC1EPKcyRKS3_
000000033a59268c p .pdata$_ZNSt7__cxx1112basic_stringIcSt11char_traitsIcESaIcEEC1ERKS3_
000000033a592d10 p .pdata$_ZNSt7__cxx1112basic_stringIcSt11char_traitsIcESaIcEEC1ERKS4_
000000033a592cec p .pdata$_ZNSt7__cxx1112basic_stringIcSt11char_traitsIcESaIcEEC1ERKS4_RKS3_
000000033a592d40 p .pdata$_ZNSt7__cxx1112basic_stringIcSt11char_traitsIcESaIcEEC1ERKS4_yRKS3_
000000033a592d58 p .pdata$_ZNSt7__cxx1112basic_stringIcSt11char_traitsIcESaIcEEC1ERKS4_yy
000000033a592d70 p .pdata$_ZNSt7__cxx1112basic_stringIcSt11char_traitsIcESaIcEEC1ERKS4_yyRKS3_
000000033a592db8 p .pdata$_ZNSt7__cxx1112basic_stringIcSt11char_traitsIcESaIcEEC1ESt16initializer_listIcERKS3_
000000033a592674 p .pdata$_ZNSt7__cxx1112basic_stringIcSt11char_traitsIcESaIcEEC1Ev
000000033a5926a4 p .pdata$_ZNSt7__cxx1112basic_stringIcSt11char_traitsIcESaIcEEC1EycRKS3_
000000033a592cc8 p .pdata$_ZNSt7__cxx1112basic_stringIcSt11char_traitsIcESaIcEEC1IN9__gnu_cxx17__normal_iteratorIPcS4_EEvEET_SA_RKS3_
000000033a592d28 p .pdata$_ZNSt7__cxx1112basic_stringIcSt11char_traitsIcESaIcEEC1IPcvEET_S7_RKS3_
000000033a592dd0 p .pdata$_ZNSt7__cxx1112basic_stringIcSt11char_traitsIcESaIcEEC1IPKcvEET_S8_RKS3_
000000033a5915ac p .pdata$_ZNSt7__cxx1112basic_stringIcSt11char_traitsIcESaIcEEC1IS3_EEPKcRKS3_
000000033a5926b0 p .pdata$_ZNSt7__cxx1112basic_stringIcSt11char_traitsIcESaIcEEC2EOS4_
000000033a5926c8 p .pdata$_ZNSt7__cxx1112basic_stringIcSt11char_traitsIcESaIcEEC2EOS4_RKS3_
000000033a592d94 p .pdata$_ZNSt7__cxx1112basic_stringIcSt11char_traitsIcESaIcEEC2EPKcRKS3_
000000033a592d7c p .pdata$_ZNSt7__cxx1112basic_stringIcSt11char_traitsIcESaIcEEC2EPKcyRKS3_
000000033a592680 p .pdata$_ZNSt7__cxx1112basic_stringIcSt11char_traitsIcESaIcEEC2ERKS3_
000000033a592d04 p .pdata$_ZNSt7__cxx1112basic_stringIcSt11char_traitsIcESaIcEEC2ERKS4_
000000033a592ce0 p .pdata$_ZNSt7__cxx1112basic_stringIcSt11char_traitsIcESaIcEEC2ERKS4_RKS3_
000000033a592d34 p .pdata$_ZNSt7__cxx1112basic_stringIcSt11char_traitsIcESaIcEEC2ERKS4_yRKS3_
000000033a592d4c p .pdata$_ZNSt7__cxx1112basic_stringIcSt11char_traitsIcESaIcEEC2ERKS4_yy
000000033a592d64 p .pdata$_ZNSt7__cxx1112basic_stringIcSt11char_traitsIcESaIcEEC2ERKS4_yyRKS3_
000000033a592dac p .pdata$_ZNSt7__cxx1112basic_stringIcSt11char_traitsIcESaIcEEC2ESt16initializer_listIcERKS3_
000000033a592668 p .pdata$_ZNSt7__cxx1112basic_stringIcSt11char_traitsIcESaIcEEC2Ev
000000033a592698 p .pdata$_ZNSt7__cxx1112basic_stringIcSt11char_traitsIcESaIcEEC2EycRKS3_
000000033a592cbc p .pdata$_ZNSt7__cxx1112basic_stringIcSt11char_traitsIcESaIcEEC2IN9__gnu_cxx17__normal_iteratorIPcS4_EEvEET_SA_RKS3_
000000033a592d1c p .pdata$_ZNSt7__cxx1112basic_stringIcSt11char_traitsIcESaIcEEC2IPcvEET_S7_RKS3_
000000033a592dc4 p .pdata$_ZNSt7__cxx1112basic_stringIcSt11char_traitsIcESaIcEEC2IPKcvEET_S8_RKS3_
000000033a591570 p .pdata$_ZNSt7__cxx1112basic_stringIcSt11char_traitsIcESaIcEED1Ev
000000033a5926e0 p .pdata$_ZNSt7__cxx1112basic_stringIcSt11char_traitsIcESaIcEED2Ev
000000033a592800 p .pdata$_ZNSt7__cxx1112basic_stringIcSt11char_traitsIcESaIcEEixEy
000000033a592854 p .pdata$_ZNSt7__cxx1112basic_stringIcSt11char_traitsIcESaIcEEpLEc
000000033a592a88 p .pdata$_ZNSt7__cxx1112basic_stringIcSt11char_traitsIcESaIcEEpLEPKc
000000033a592aac p .pdata$_ZNSt7__cxx1112basic_stringIcSt11char_traitsIcESaIcEEpLERKS4_
000000033a592a94 p .pdata$_ZNSt7__cxx1112basic_stringIcSt11char_traitsIcESaIcEEpLESt16initializer_listIcE
000000033a59148c p .pdata$_ZNSt8__detail15_Hash_code_baseIiiNS_9_IdentityESt4hashIiENS_18_Mod_range_hashingENS_20_Default_ranged_hashELb0EEC2Ev
000000033a591378 p .pdata$_ZNSt8__detail15_Hash_node_baseC1Ev
000000033a591498 p .pdata$_ZNSt8__detail15_Hashtable_baseIiiNS_9_IdentityESt8equal_toIiESt4hashIiENS_18_Mod_range_hashingENS_20_Default_ranged_hashENS_17_Hashtable_traitsILb0ELb1ELb1EEEEC2Ev
000000033a591e04 p .pdata$_ZNSt8__detail16_Hashtable_allocISaINS_10_Hash_nodeIiLb0EEEEE17_M_node_allocatorEv
000000033a591c78 p .pdata$_ZNSt8__detail16_Hashtable_allocISaINS_10_Hash_nodeIiLb0EEEEE18_M_deallocate_nodeEPS2_
000000033a591a80 p .pdata$_ZNSt8__detail16_Hashtable_allocISaINS_10_Hash_nodeIiLb0EEEEE19_M_deallocate_nodesEPS2_
000000033a591c90 p .pdata$_ZNSt8__detail16_Hashtable_allocISaINS_10_Hash_nodeIiLb0EEEEE21_M_deallocate_bucketsEPPNS_15_Hash_node_baseEy
000000033a591e10 p .pdata$_ZNSt8__detail16_Hashtable_allocISaINS_10_Hash_nodeIiLb0EEEEE22_M_deallocate_node_ptrEPS2_
000000033a5914b0 p .pdata$_ZNSt8__detail16_Hashtable_allocISaINS_10_Hash_nodeIiLb0EEEEEC2Ev
000000033a5914bc p .pdata$_ZNSt8__detail16_Hashtable_allocISaINS_10_Hash_nodeIiLb0EEEEED2Ev
000000033a591384 p .pdata$_ZNSt8__detail20_Prime_rehash_policyC1Ef
000000033a591f30 p .pdata$_ZNSt8__detail21_Hashtable_ebo_helperILi0ESaINS_10_Hash_nodeIiLb0EEEELb1EE6_M_getEv
000000033a59160c p .pdata$_ZNSt8__detail21_Hashtable_ebo_helperILi0ESaINS_10_Hash_nodeIiLb0EEEELb1EEC2Ev
000000033a5914a4 p .pdata$_ZNSt8__detail21_Hashtable_ebo_helperILi0ESaINS_10_Hash_nodeIiLb0EEEELb1EED2Ev
000000033a591600 p .pdata$_ZNSt8__detail21_Hashtable_ebo_helperILi0ESt8equal_toIiELb1EEC2Ev
000000033a5915f4 p .pdata$_ZNSt8__detail21_Hashtable_ebo_helperILi1ESt4hashIiELb1EEC2Ev
000000033a591cc0 p .pdata$_ZNSt8__detail4_ModIjLj0ELj1ELj0ELb1ELb0EE6__calcEj
000000033a591ccc p .pdata$_ZNSt8__detail4_ModIjLj624ELj1ELj0ELb1ELb1EE6__calcEj
000000033a591ae0 p .pdata$_ZNSt8__detail5__modIjLj0ELj1ELj0EEET_S1_
000000033a591aec p .pdata$_ZNSt8__detail5__modIjLj624ELj1ELj0EEET_S1_
000000033a591c0c p .pdata$_ZNSt8_Rb_treeIhSt4pairIKhiESt10_Select1stIS2_ESt4lessIhESaIS2_EE10_Auto_node9_M_insertES0_IPSt18_Rb_tree_node_baseSB_E
000000033a591bdc p .pdata$_ZNSt8_Rb_treeIhSt4pairIKhiESt10_Select1stIS2_ESt4lessIhESaIS2_EE10_Auto_nodeC1IJRKSt21piecewise_construct_tSt5tupleIJOhEESE_IJEEEEERS8_DpOT_
000000033a591be8 p .pdata$_ZNSt8_Rb_treeIhSt4pairIKhiESt10_Select1stIS2_ESt4lessIhESaIS2_EE10_Auto_nodeD1Ev
000000033a591eb8 p .pdata$_ZNSt8_Rb_treeIhSt4pairIKhiESt10_Select1stIS2_ESt4lessIhESaIS2_EE11_M_get_nodeEv
000000033a591d80 p .pdata$_ZNSt8_Rb_treeIhSt4pairIKhiESt10_Select1stIS2_ESt4lessIhESaIS2_EE11_M_leftmostEv
000000033a591c54 p .pdata$_ZNSt8_Rb_treeIhSt4pairIKhiESt10_Select1stIS2_ESt4lessIhESaIS2_EE11_M_put_nodeEPSt13_Rb_tree_nodeIS2_E
000000033a591b88 p .pdata$_ZNSt8_Rb_treeIhSt4pairIKhiESt10_Select1stIS2_ESt4lessIhESaIS2_EE11lower_boundERS1_
000000033a591a08 p .pdata$_ZNSt8_Rb_treeIhSt4pairIKhiESt10_Select1stIS2_ESt4lessIhESaIS2_EE12_M_drop_nodeEPSt13_Rb_tree_nodeIS2_E
000000033a591d5c p .pdata$_ZNSt8_Rb_treeIhSt4pairIKhiESt10_Select1stIS2_ESt4lessIhESaIS2_EE12_M_rightmostEv
000000033a5915b8 p .pdata$_ZNSt8_Rb_treeIhSt4pairIKhiESt10_Select1stIS2_ESt4lessIhESaIS2_EE13_Rb_tree_implIS6_Lb1EEC1Ev
000000033a5913b4 p .pdata$_ZNSt8_Rb_treeIhSt4pairIKhiESt10_Select1stIS2_ESt4lessIhESaIS2_EE13_Rb_tree_implIS6_Lb1EED1Ev
000000033a591d38 p .pdata$_ZNSt8_Rb_treeIhSt4pairIKhiESt10_Select1stIS2_ESt4lessIhESaIS2_EE14_M_create_nodeIJRKSt21piecewise_construct_tSt5tupleIJOhEESD_IJEEEEEPSt13_Rb_tree_nodeIS2_EDpOT_
000000033a591db0 p .pdata$_ZNSt8_Rb_treeIhSt4pairIKhiESt10_Select1stIS2_ESt4lessIhESaIS2_EE14_M_insert_nodeEPSt18_Rb_tree_node_baseSA_PSt13_Rb_tree_nodeIS2_E
000000033a591b64 p .pdata$_ZNSt8_Rb_treeIhSt4pairIKhiESt10_Select1stIS2_ESt4lessIhESaIS2_EE14_M_lower_boundEPSt13_Rb_tree_nodeIS2_EPSt18_Rb_tree_node_baseRS1_
000000033a591c48 p .pdata$_ZNSt8_Rb_treeIhSt4pairIKhiESt10_Select1stIS2_ESt4lessIhESaIS2_EE15_M_destroy_nodeEPSt13_Rb_tree_nodeIS2_E
000000033a591ec4 p .pdata$_ZNSt8_Rb_treeIhSt4pairIKhiESt10_Select1stIS2_ESt4lessIhESaIS2_EE17_M_construct_nodeIJRKSt21piecewise_construct_tSt5tupleIJOhEESD_IJEEEEEvPSt13_Rb_tree_nodeIS2_EDpOT_
000000033a591dc8 p .pdata$_ZNSt8_Rb_treeIhSt4pairIKhiESt10_Select1stIS2_ESt4lessIhESaIS2_EE21_M_get_Node_allocatorEv
000000033a5919a8 p .pdata$_ZNSt8_Rb_treeIhSt4pairIKhiESt10_Select1stIS2_ESt4lessIhESaIS2_EE22_M_emplace_hint_uniqueIJRKSt21piecewise_construct_tSt5tupleIJOhEESD_IJEEEEESt17_Rb_tree_iteratorIS2_ESt23_Rb_tree_const_iteratorIS2_EDpOT_
000000033a591d74 p .pdata$_ZNSt8_Rb_treeIhSt4pairIKhiESt10_Select1stIS2_ESt4lessIhESaIS2_EE24_M_get_insert_unique_posERS1_
000000033a591bf4 p .pdata$_ZNSt8_Rb_treeIhSt4pairIKhiESt10_Select1stIS2_ESt4lessIhESaIS2_EE29_M_get_insert_hint_unique_posESt23_Rb_tree_const_iteratorIS2_ERS1_
000000033a591954 p .pdata$_ZNSt8_Rb_treeIhSt4pairIKhiESt10_Select1stIS2_ESt4lessIhESaIS2_EE3endEv
000000033a591948 p .pdata$_ZNSt8_Rb_treeIhSt4pairIKhiESt10_Select1stIS2_ESt4lessIhESaIS2_EE4findERS1_
000000033a591ed0 p .pdata$_ZNSt8_Rb_treeIhSt4pairIKhiESt10_Select1stIS2_ESt4lessIhESaIS2_EE5beginEv
000000033a591b58 p .pdata$_ZNSt8_Rb_treeIhSt4pairIKhiESt10_Select1stIS2_ESt4lessIhESaIS2_EE6_M_endEv
000000033a591d14 p .pdata$_ZNSt8_Rb_treeIhSt4pairIKhiESt10_Select1stIS2_ESt4lessIhESaIS2_EE6_S_keyEPKSt13_Rb_tree_nodeIS2_E
000000033a591b70 p .pdata$_ZNSt8_Rb_treeIhSt4pairIKhiESt10_Select1stIS2_ESt4lessIhESaIS2_EE6_S_keyEPKSt18_Rb_tree_node_base
000000033a5919fc p .pdata$_ZNSt8_Rb_treeIhSt4pairIKhiESt10_Select1stIS2_ESt4lessIhESaIS2_EE7_S_leftEPSt18_Rb_tree_node_base
000000033a591774 p .pdata$_ZNSt8_Rb_treeIhSt4pairIKhiESt10_Select1stIS2_ESt4lessIhESaIS2_EE8_M_beginEv
000000033a591768 p .pdata$_ZNSt8_Rb_treeIhSt4pairIKhiESt10_Select1stIS2_ESt4lessIhESaIS2_EE8_M_eraseEPSt13_Rb_tree_nodeIS2_E
000000033a5919f0 p .pdata$_ZNSt8_Rb_treeIhSt4pairIKhiESt10_Select1stIS2_ESt4lessIhESaIS2_EE8_S_rightEPSt18_Rb_tree_node_base
000000033a5913c0 p .pdata$_ZNSt8_Rb_treeIhSt4pairIKhiESt10_Select1stIS2_ESt4lessIhESaIS2_EEC1Ev
000000033a5915c4 p .pdata$_ZNSt8_Rb_treeIhSt4pairIKhiESt10_Select1stIS2_ESt4lessIhESaIS2_EED1Ev
000000033a592fb0 p .pdata$_ZNSt8bad_castD0Ev
000000033a592fa4 p .pdata$_ZNSt8bad_castD2Ev
000000033a592f68 p .pdata$_ZNSt9bad_allocD0Ev
000000033a592f5c p .pdata$_ZNSt9bad_allocD2Ev
000000033a5933c4 p .pdata$_ZNSt9exceptionD0Ev
000000033a593394 p .pdata$_ZNSt9exceptionD2Ev
000000033a592380 p .pdata$_ZNSt9type_infoD0Ev
000000033a59235c p .pdata$_ZNSt9type_infoD2Ev
000000033a592314 p .pdata$_Znwy
000000033a591060 p .pdata$_ZnwyPv
000000033a591e70 p .pdata$_ZSt10_ConstructIiJRiEEvPT_DpOT0_
000000033a5912e8 p .pdata$_ZSt10destroy_atIhEvPT_
000000033a591f48 p .pdata$_ZSt10destroy_atIiEvPT_
000000033a592164 p .pdata$_ZSt10destroy_atIP4dataEvPT_
000000033a591f00 p .pdata$_ZSt10destroy_atISt4pairIKhiEEvPT_
000000033a591348 p .pdata$_ZSt11__addressofIcEPT_RS0_
000000033a5912ac p .pdata$_ZSt11__addressofIhEPT_RS0_
000000033a591e34 p .pdata$_ZSt11__addressofIiEPT_RS0_
000000033a591dbc p .pdata$_ZSt11__addressofIKcEPT_RS1_
000000033a5920b0 p .pdata$_ZSt11__addressofINSt8__detail10_Hash_nodeIiLb0EEEEPT_RS3_
000000033a591ffc p .pdata$_ZSt11__addressofIP4dataEPT_RS2_
000000033a59202c p .pdata$_ZSt11__addressofIPNSt8__detail15_Hash_node_baseEEPT_RS3_
000000033a59211c p .pdata$_ZSt12__get_helperILy0EOhJEERT0_RSt11_Tuple_implIXT_EJS1_DpT1_EE
000000033a592068 p .pdata$_ZSt12__miter_baseIN9__gnu_cxx17__normal_iteratorIPiSt6vectorIiSaIiEEEEET_S7_
000000033a59124c p .pdata$_ZSt12__niter_baseIPhET_S1_
000000033a591e4c p .pdata$_ZSt12__niter_baseIPiET_S1_
000000033a5920c8 p .pdata$_ZSt12__niter_baseIPiSt6vectorIiSaIiEEET_N9__gnu_cxx17__normal_iteratorIS4_T0_EE
000000033a591de0 p .pdata$_ZSt12__niter_baseIPP4dataET_S3_
000000033a5920e0 p .pdata$_ZSt12__niter_wrapIPiET_RKS1_S1_
000000033a591234 p .pdata$_ZSt12__relocate_aIPhS0_SaIhEET0_T_S3_S2_RT1_
000000033a591cb4 p .pdata$_ZSt12__relocate_aIPiS0_SaIiEET0_T_S3_S2_RT1_
000000033a591c60 p .pdata$_ZSt12__relocate_aIPP4dataS2_SaIS1_EET0_T_S5_S4_RT1_
000000033a591210 p .pdata$_ZSt12__to_addressIhEPT_S1_
000000033a591ac8 p .pdata$_ZSt12__to_addressIiEPT_S1_
000000033a591a50 p .pdata$_ZSt12__to_addressIP4dataEPT_S3_
000000033a591528 p .pdata$_ZSt12construct_atIcJRKcEEDTgsnwcvPvLi0E_T_pispcl7declvalIT0_EEEEPS3_DpOS4_
000000033a5912dc p .pdata$_ZSt12construct_atIhJhEEDTgsnwcvPvLi0E_T_pispcl7declvalIT0_EEEEPS1_DpOS2_
000000033a5911ec p .pdata$_ZSt12construct_atIhJRKhEEDTgsnwcvPvLi0E_T_pispcl7declvalIT0_EEEEPS3_DpOS4_
000000033a592170 p .pdata$_ZSt12construct_atIiJiEEDTgsnwcvPvLi0E_T_pispcl7declvalIT0_EEEEPS1_DpOS2_
000000033a591f9c p .pdata$_ZSt12construct_atIiJRiEEDTgsnwcvPvLi0E_T_pispcl7declvalIT0_EEEEPS2_DpOS3_
000000033a591ab0 p .pdata$_ZSt12construct_atIiJRKiEEDTgsnwcvPvLi0E_T_pispcl7declvalIT0_EEEEPS3_DpOS4_
000000033a591a2c p .pdata$_ZSt12construct_atIP4dataJRKS1_EEDTgsnwcvPvLi0E_T_pispcl7declvalIT0_EEEEPS5_DpOS6_
000000033a592158 p .pdata$_ZSt12construct_atIP4dataJS1_EEDTgsnwcvPvLi0E_T_pispcl7declvalIT0_EEEEPS3_DpOS4_
000000033a592098 p .pdata$_ZSt12construct_atISt4pairIKhiEJRKSt21piecewise_construct_tSt5tupleIJOhEES6_IJEEEEDTgsnwcvPvLi0E_T_pispcl7declvalIT0_EEEEPSB_DpOSC_
000000033a592074 p .pdata$_ZSt13__copy_move_aILb0EN9__gnu_cxx17__normal_iteratorIPiSt6vectorIiSaIiEEEES2_ET1_T0_S8_S7_
000000033a5922c0 p .pdata$_ZSt13get_terminatev
000000033a5922b4 p .pdata$_ZSt13set_terminatePFvvE
000000033a5920d4 p .pdata$_ZSt14__copy_move_a1ILb0EPiS0_ET1_T0_S2_S1_
000000033a59217c p .pdata$_ZSt14__copy_move_a2ILb0EPiS0_ET1_T0_S2_S1_
000000033a591264 p .pdata$_ZSt14__relocate_a_1IhhENSt9enable_ifIXsrSt24__is_bitwise_relocatableIT_vE5valueEPS2_E4typeES4_S4_S4_RSaIT0_E
000000033a591e64 p .pdata$_ZSt14__relocate_a_1IiiENSt9enable_ifIXsrSt24__is_bitwise_relocatableIT_vE5valueEPS2_E4typeES4_S4_S4_RSaIT0_E
000000033a591df8 p .pdata$_ZSt14__relocate_a_1IP4dataS1_ENSt9enable_ifIXsrSt24__is_bitwise_relocatableIT_vE5valueEPS4_E4typeES6_S6_S6_RSaIT0_E
000000033a59127c p .pdata$_ZSt14__relocate_a_1IPhN9__gnu_cxx17__normal_iteratorIS0_vEESaIhEET0_T_S6_S5_RT1_
000000033a591f78 p .pdata$_ZSt14__relocate_a_1IPiN9__gnu_cxx17__normal_iteratorIS0_vEESaIiEET0_T_S6_S5_RT1_
000000033a591f18 p .pdata$_ZSt14__relocate_a_1IPP4dataN9__gnu_cxx17__normal_iteratorIS2_vEESaIS1_EET0_T_S8_S7_RT1_
000000033a5922d8 p .pdata$_ZSt14get_unexpectedv
000000033a5922cc p .pdata$_ZSt14set_unexpectedPFvvE
000000033a59343c p .pdata$_ZSt15get_new_handlerv
000000033a593430 p .pdata$_ZSt15set_new_handlerPFvvE
000000033a591cfc p .pdata$_ZSt16__do_uninit_copyIN9__gnu_cxx17__normal_iteratorIPiSt6vectorIiSaIiEEEES2_ET0_T_S8_S7_
000000033a591990 p .pdata$_ZSt16forward_as_tupleIJhEESt5tupleIJDpOT_EES3_
000000033a5923d4 p .pdata$_ZSt18_Rb_tree_decrementPKSt18_Rb_tree_node_base
000000033a5923c8 p .pdata$_ZSt18_Rb_tree_decrementPSt18_Rb_tree_node_base
000000033a5923bc p .pdata$_ZSt18_Rb_tree_incrementPKSt18_Rb_tree_node_base
000000033a5923b0 p .pdata$_ZSt18_Rb_tree_incrementPSt18_Rb_tree_node_base
000000033a5921f4 p .pdata$_ZSt18uncaught_exceptionv
000000033a591d08 p .pdata$_ZSt18uninitialized_copyIN9__gnu_cxx17__normal_iteratorIPiSt6vectorIiSaIiEEEES2_ET0_T_S8_S7_
000000033a5912b8 p .pdata$_ZSt19__relocate_object_aIhhSaIhEEvPT_PT0_RT1_
000000033a59205c p .pdata$_ZSt19__relocate_object_aIiiSaIiEEvPT_PT0_RT1_
000000033a592008 p .pdata$_ZSt19__relocate_object_aIP4dataS1_SaIS1_EEvPT_PT0_RT1_
000000033a592200 p .pdata$_ZSt19uncaught_exceptionsv
000000033a592410 p .pdata$_ZSt20_Rb_tree_black_countPKSt18_Rb_tree_node_baseS1_
000000033a5923e0 p .pdata$_ZSt20_Rb_tree_rotate_leftPSt18_Rb_tree_node_baseRS0_
000000033a5923ec p .pdata$_ZSt21_Rb_tree_rotate_rightPSt18_Rb_tree_node_baseRS0_
000000033a591054 p .pdata$_ZSt21is_constant_evaluatedv
000000033a5918f4 p .pdata$_ZSt22__gen_two_uniform_intsIyRSt23mersenne_twister_engineIjLy32ELy624ELy397ELy31ELj2567483615ELy11ELj4294967295ELy7ELj2636928640ELy15ELj4022730752ELy18ELj1812433253EEESt4pairIT_S4_ES4_S4_OT0_
000000033a591b4c p .pdata$_ZSt22__uninitialized_copy_aIN9__gnu_cxx17__normal_iteratorIPiSt6vectorIiSaIiEEEES2_iET0_T_S8_S7_RSaIT1_E
000000033a592404 p .pdata$_ZSt28_Rb_tree_rebalance_for_erasePSt18_Rb_tree_node_baseRS_
000000033a5923f8 p .pdata$_ZSt29_Rb_tree_insert_and_rebalancebPSt18_Rb_tree_node_baseS0_RS_
000000033a592110 p .pdata$_ZSt3getILy0EJOhEERNSt13tuple_elementIXT_ESt5tupleIJDpT0_EEE4typeERS5_
000000033a591174 p .pdata$_ZSt3maxIyERKT_S2_S2_
000000033a591168 p .pdata$_ZSt3minIyERKT_S2_S2_
000000033a591fa8 p .pdata$_ZSt4copyIN9__gnu_cxx17__normal_iteratorIPiSt6vectorIiSaIiEEEES2_ET0_T_S8_S7_
000000033a5912c4 p .pdata$_ZSt4moveIRhEONSt16remove_referenceIT_E4typeEOS2_
000000033a591cd8 p .pdata$_ZSt4moveIRiEONSt16remove_referenceIT_E4typeEOS2_
000000033a5920a4 p .pdata$_ZSt4moveIRP4dataEONSt16remove_referenceIT_E4typeEOS4_
000000033a591af8 p .pdata$_ZSt4swapIiENSt9enable_ifIXsrSt6__and_IJSt6__not_ISt15__is_tuple_likeIT_EESt21is_move_constructibleIS4_ESt18is_move_assignableIS4_EEE5valueEvE4typeERS4_SE_
000000033a5912d0 p .pdata$_ZSt7forwardIhEOT_RNSt16remove_referenceIS0_E4typeE
000000033a5915a0 p .pdata$_ZSt7forwardIiEOT_RNSt16remove_referenceIS0_E4typeE
000000033a592188 p .pdata$_ZSt7forwardIOhEOT_RNSt16remove_referenceIS1_E4typeE
000000033a59214c p .pdata$_ZSt7forwardIP4dataEOT_RNSt16remove_referenceIS2_E4typeE
000000033a591f90 p .pdata$_ZSt7forwardIRiEOT_RNSt16remove_referenceIS1_E4typeE
000000033a5916d8 p .pdata$_ZSt7forwardIRKcEOT_RNSt16remove_referenceIS2_E4typeE
000000033a5911e0 p .pdata$_ZSt7forwardIRKhEOT_RNSt16remove_referenceIS2_E4typeE
000000033a591aa4 p .pdata$_ZSt7forwardIRKiEOT_RNSt16remove_referenceIS2_E4typeE
000000033a591a20 p .pdata$_ZSt7forwardIRKP4dataEOT_RNSt16remove_referenceIS4_E4typeE
000000033a591bb8 p .pdata$_ZSt7forwardIRKSt21piecewise_construct_tEOT_RNSt16remove_referenceIS3_E4typeE
000000033a591fc0 p .pdata$_ZSt7forwardIRPSt13_Rb_tree_nodeISt4pairIKhiEEEOT_RNSt16remove_referenceIS7_E4typeE
000000033a591ee8 p .pdata$_ZSt7forwardIRPSt18_Rb_tree_node_baseEOT_RNSt16remove_referenceIS3_E4typeE
000000033a591bd0 p .pdata$_ZSt7forwardISt5tupleIJEEEOT_RNSt16remove_referenceIS2_E4typeE
000000033a591bc4 p .pdata$_ZSt7forwardISt5tupleIJOhEEEOT_RNSt16remove_referenceIS3_E4typeE
000000033a591750 p .pdata$_ZSt7forwardIyEOT_RNSt16remove_referenceIS0_E4typeE
000000033a591684 p .pdata$_ZSt7shuffleIN9__gnu_cxx17__normal_iteratorIPiSt6vectorIiSaIiEEEERSt23mersenne_twister_engineIjLy32ELy624ELy397ELy31ELj2567483615ELy11ELj4294967295ELy7ELj2636928640ELy15ELj4022730752ELy18ELj1812433253EEEvT_SA_OT0_
000000033a591e40 p .pdata$_ZSt8_DestroyIiEvPT_
000000033a591a98 p .pdata$_ZSt8_DestroyIPiEvT_S1_
000000033a59133c p .pdata$_ZSt9addressofIcEPT_RS0_
000000033a591c3c p .pdata$_ZSt9addressofIKcEPT_RS1_
000000033a592020 p .pdata$_ZSt9addressofINSt8__detail10_Hash_nodeIiLb0EEEEPT_RS3_
000000033a591f60 p .pdata$_ZSt9addressofIPNSt8__detail15_Hash_node_baseEEPT_RS3_
000000033a5918e8 p .pdata$_ZSt9iter_swapIN9__gnu_cxx17__normal_iteratorIPiSt6vectorIiSaIiEEEES6_EvT_T0_
000000033a591b04 p .pdata$_ZSt9make_pairIyyESt4pairINSt25__strip_reference_wrapperINSt5decayIT_E4typeEE6__typeENS1_INS2_IT0_E4typeEE6__typeEEOS3_OS8_
000000033a5916c0 p .pdata$_ZSteqRKSt17_Rb_tree_iteratorISt4pairIKhiEES5_
000000033a592c8c p .pdata$_ZStplIcSt11char_traitsIcESaIcEENSt7__cxx1112basic_stringIT_T0_T1_EEPKS5_RKS8_
000000033a592ca4 p .pdata$_ZStplIcSt11char_traitsIcESaIcEENSt7__cxx1112basic_stringIT_T0_T1_EERKS8_SA_
000000033a592c98 p .pdata$_ZStplIcSt11char_traitsIcESaIcEENSt7__cxx1112basic_stringIT_T0_T1_EES5_RKS8_
000000033a593e5c p .pdata$_ZStplIcSt11char_traitsIcESaIcEESbIT_T0_T1_EPKS3_RKS6_
000000033a593e74 p .pdata$_ZStplIcSt11char_traitsIcESaIcEESbIT_T0_T1_ERKS6_S8_
000000033a593e68 p .pdata$_ZStplIcSt11char_traitsIcESaIcEESbIT_T0_T1_ES3_RKS6_
000000033a5911bc p .pdata$_ZZNSt6vectorIhSaIhEE17_M_realloc_appendIJRKhEEEvDpOT_EN6_GuardC1EPhyRS0_
000000033a5911c8 p .pdata$_ZZNSt6vectorIhSaIhEE17_M_realloc_appendIJRKhEEEvDpOT_EN6_GuardD1Ev
000000033a591894 p .pdata$_ZZNSt6vectorIiSaIiEE17_M_realloc_appendIJRKiEEEvDpOT_EN6_GuardC1EPiyRS0_
000000033a5918a0 p .pdata$_ZZNSt6vectorIiSaIiEE17_M_realloc_appendIJRKiEEEvDpOT_EN6_GuardD1Ev
000000033a5917e0 p .pdata$_ZZNSt6vectorIP4dataSaIS1_EE17_M_realloc_appendIJRKS1_EEEvDpOT_EN6_GuardC1EPS1_yRS2_
000000033a5917ec p .pdata$_ZZNSt6vectorIP4dataSaIS1_EE17_M_realloc_appendIJRKS1_EEEvDpOT_EN6_GuardD1Ev
000000033a59172c p .pdata$_ZZNSt7__cxx1112basic_stringIcSt11char_traitsIcESaIcEE12_M_constructIPKcEEvT_S8_St20forward_iterator_tagEN6_GuardC1EPS4_
000000033a591738 p .pdata$_ZZNSt7__cxx1112basic_stringIcSt11char_traitsIcESaIcEE12_M_constructIPKcEEvT_S8_St20forward_iterator_tagEN6_GuardD1Ev
000000033a594378 p .pdata.startup
000000033a594588 p .pdata.startup
000000033a59337c p .pdata.startup._GLOBAL__sub_I__ZN9__gnu_cxx9__freeresEv
000000033a592f44 p .pdata.startup._GLOBAL__sub_I__ZSt20__throw_system_errori
000000033a5932b0 p .pdata.unlikely
000000033a593388 p .pdata.unlikely.__cxa_call_terminate
000000033a592578 p .pdata.unlikely._ZN9__gnu_cxx26__throw_insufficient_spaceEPKcS1_
000000033a593340 p .pdata.unlikely._ZN9__gnu_cxx9__freeresEv
000000033a592518 p .pdata.unlikely._ZNSt12_GLOBAL__N_114__throw_syserrEiPKc
000000033a5922a8 p .pdata.unlikely._ZSt10unexpectedv
000000033a592440 p .pdata.unlikely._ZSt16__throw_bad_castv
000000033a592428 p .pdata.unlikely._ZSt17__throw_bad_allocv
000000033a59244c p .pdata.unlikely._ZSt18__throw_bad_typeidv
000000033a592458 p .pdata.unlikely._ZSt19__throw_logic_errorPKc
000000033a5924ac p .pdata.unlikely._ZSt19__throw_range_errorPKc
000000033a592464 p .pdata.unlikely._ZSt20__throw_domain_errorPKc
000000033a59247c p .pdata.unlikely._ZSt20__throw_length_errorPKc
000000033a592488 p .pdata.unlikely._ZSt20__throw_out_of_rangePKc
000000033a592efc p .pdata.unlikely._ZSt20__throw_system_errori
000000033a59241c p .pdata.unlikely._ZSt21__throw_bad_exceptionv
000000033a5924a0 p .pdata.unlikely._ZSt21__throw_runtime_errorPKc
000000033a5924b8 p .pdata.unlikely._ZSt22__throw_overflow_errorPKc
000000033a5924c4 p .pdata.unlikely._ZSt23__throw_underflow_errorPKc
000000033a592470 p .pdata.unlikely._ZSt24__throw_invalid_argumentPKc
000000033a592494 p .pdata.unlikely._ZSt24__throw_out_of_range_fmtPKcz
000000033a592434 p .pdata.unlikely._ZSt28__throw_bad_array_new_lengthv
000000033a592290 p .pdata.unlikely._ZSt9terminatev
000000033a58e010 r .rdata
000000033a58e670 r .rdata
000000033a58e440 r .rdata
000000033a58c3d0 r .rdata
000000033a58b000 r .rdata
000000033a58b360 r .rdata
000000033a58e860 r .rdata
000000033a58e280 r .rdata
000000033a58b7d0 r .rdata
000000033a58c400 r .rdata
000000033a58e460 r .rdata
000000033a58e2e0 r .rdata
000000033a58b020 r .rdata
000000033a58e070 r .rdata
000000033a58b400 r .rdata
000000033a58c420 r .rdata
000000033a58e4a0 r .rdata
000000033a58b580 r .rdata
000000033a58e230 r .rdata
000000033a58e700 r .rdata
000000033a58b600 r .rdata
000000033a58c3e0 r .rdata
000000033a58df80 r .rdata
000000033a58e4e0 r .rdata
000000033a58e040 r .rdata
000000033a58c410 r .rdata
000000033a58b320 r .rdata
000000033a58eaa0 r .rdata$.refptr.__CTOR_LIST__
000000033a58eae0 r .rdata$.refptr.__dyn_tls_init_callback
000000033a58eab0 r .rdata$.refptr.__ImageBase
000000033a58eaf0 r .rdata$.refptr.__mingw_app_type
000000033a58eb00 r .rdata$.refptr.__native_dllmain_reason
000000033a58eb10 r .rdata$.refptr.__native_startup_lock
000000033a58eb20 r .rdata$.refptr.__native_startup_state
000000033a58ead0 r .rdata$.refptr.__RUNTIME_PSEUDO_RELOC_LIST__
000000033a58eac0 r .rdata$.refptr.__RUNTIME_PSEUDO_RELOC_LIST_END__
000000033a58eb30 r .rdata$.refptr.__stack_chk_guard
000000033a58eb40 r .rdata$.refptr.__tens_D2A
000000033a58eb50 r .rdata$.refptr.__xc_a
000000033a58eb60 r .rdata$.refptr.__xc_z
000000033a58eb70 r .rdata$.refptr.__xi_a
000000033a58eb80 r .rdata$.refptr.__xi_z
000000033a58e880 r .rdata$.refptr._CRT_MT
000000033a58e890 r .rdata$.refptr._ZN10__cxxabiv119__terminate_handlerE
000000033a58e8a0 r .rdata$.refptr._ZN10__cxxabiv120__unexpected_handlerE
000000033a58e8b0 r .rdata$.refptr._ZN9__gnu_cxx27__verbose_terminate_handlerEv
000000033a58e8c0 r .rdata$.refptr._ZNSt10bad_typeidD1Ev
000000033a58e8d0 r .rdata$.refptr._ZNSt11logic_errorD1Ev
000000033a58e8e0 r .rdata$.refptr._ZNSt11range_errorD1Ev
000000033a58e8f0 r .rdata$.refptr._ZNSt12domain_errorD1Ev
000000033a58e900 r .rdata$.refptr._ZNSt12length_errorD1Ev
000000033a58e910 r .rdata$.refptr._ZNSt12out_of_rangeD1Ev
000000033a58e920 r .rdata$.refptr._ZNSt12system_errorD1Ev
000000033a58e930 r .rdata$.refptr._ZNSt13bad_exceptionD1Ev
000000033a58e940 r .rdata$.refptr._ZNSt13runtime_errorD1Ev
000000033a58e950 r .rdata$.refptr._ZNSt14overflow_errorD1Ev
000000033a58e960 r .rdata$.refptr._ZNSt15underflow_errorD1Ev
000000033a58e970 r .rdata$.refptr._ZNSt16invalid_argumentD1Ev
000000033a58e980 r .rdata$.refptr._ZNSt20bad_array_new_lengthD1Ev
000000033a58e990 r .rdata$.refptr._ZNSt8bad_castD1Ev
000000033a58e9a0 r .rdata$.refptr._ZNSt9bad_allocD1Ev
000000033a58e9b0 r .rdata$.refptr._ZTVSt10bad_typeid
000000033a58e9c0 r .rdata$.refptr._ZTVSt11logic_error
000000033a58e9d0 r .rdata$.refptr._ZTVSt11range_error
000000033a58e9e0 r .rdata$.refptr._ZTVSt12domain_error
000000033a58e9f0 r .rdata$.refptr._ZTVSt12length_error
000000033a58ea00 r .rdata$.refptr._ZTVSt12out_of_range
000000033a58ea10 r .rdata$.refptr._ZTVSt12system_error
000000033a58ea20 r .rdata$.refptr._ZTVSt13bad_exception
000000033a58ea30 r .rdata$.refptr._ZTVSt13runtime_error
000000033a58ea40 r .rdata$.refptr._ZTVSt14overflow_error
000000033a58ea50 r .rdata$.refptr._ZTVSt15underflow_error
000000033a58ea60 r .rdata$.refptr._ZTVSt16invalid_argument
000000033a58ea70 r .rdata$.refptr._ZTVSt20bad_array_new_length
000000033a58ea80 r .rdata$.refptr._ZTVSt8bad_cast
000000033a58ea90 r .rdata$.refptr._ZTVSt9bad_alloc
000000033a58eb90 r .rdata$_ZNSs4_Rep11_S_max_sizeE
000000033a58eba0 r .rdata$_ZNSs4_Rep11_S_terminalE
000000033a58ebb0 r .rdata$_ZNSs4nposE
000000033a58ebc0 r .rdata$_ZNSt7__cxx1112basic_stringIcSt11char_traitsIcESaIcEE4nposE
000000033a58ebd0 r .rdata$_ZSt19piecewise_construct
000000033a58ebe0 r .rdata$_ZSt7nothrow
000000033a58ebf0 r .rdata$_ZTIN10__cxxabiv115__forced_unwindE
000000033a58ec00 r .rdata$_ZTIN10__cxxabiv117__class_type_infoE
000000033a58ec20 r .rdata$_ZTIN10__cxxabiv119__foreign_exceptionE
000000033a58ec30 r .rdata$_ZTIN10__cxxabiv120__si_class_type_infoE
000000033a58ec50 r .rdata$_ZTIN12_GLOBAL__N_121system_error_categoryE
000000033a58ec70 r .rdata$_ZTIN12_GLOBAL__N_122generic_error_categoryE
000000033a58ec90 r .rdata$_ZTIN9__gnu_cxx24__concurrence_lock_errorE
000000033a58ecb0 r .rdata$_ZTIN9__gnu_cxx26__concurrence_unlock_errorE
000000033a58ecd0 r .rdata$_ZTINSt3_V214error_categoryE
000000033a58ece0 r .rdata$_ZTISt10bad_typeid
000000033a58ed00 r .rdata$_ZTISt11logic_error
000000033a58ed20 r .rdata$_ZTISt11range_error
000000033a58ed40 r .rdata$_ZTISt12domain_error
000000033a58ed60 r .rdata$_ZTISt12length_error
000000033a58ed80 r .rdata$_ZTISt12out_of_range
000000033a58eda0 r .rdata$_ZTISt12system_error
000000033a58edc0 r .rdata$_ZTISt13bad_exception
000000033a58ede0 r .rdata$_ZTISt13runtime_error
000000033a58ee00 r .rdata$_ZTISt14overflow_error
000000033a58ee20 r .rdata$_ZTISt15underflow_error
000000033a58ee40 r .rdata$_ZTISt16invalid_argument
000000033a58ee60 r .rdata$_ZTISt20bad_array_new_length
000000033a58ee80 r .rdata$_ZTISt8bad_cast
000000033a58eea0 r .rdata$_ZTISt9bad_alloc
000000033a58eec0 r .rdata$_ZTISt9exception
000000033a58eed0 r .rdata$_ZTISt9type_info
000000033a58eee0 r .rdata$_ZTSN10__cxxabiv115__forced_unwindE
000000033a58ef00 r .rdata$_ZTSN10__cxxabiv117__class_type_infoE
000000033a58ef40 r .rdata$_ZTSN10__cxxabiv119__foreign_exceptionE
000000033a58ef80 r .rdata$_ZTSN10__cxxabiv120__si_class_type_infoE
000000033a58efc0 r .rdata$_ZTSN12_GLOBAL__N_121system_error_categoryE
000000033a58f000 r .rdata$_ZTSN12_GLOBAL__N_122generic_error_categoryE
000000033a58f040 r .rdata$_ZTSN9__gnu_cxx24__concurrence_lock_errorE
000000033a58f080 r .rdata$_ZTSN9__gnu_cxx26__concurrence_unlock_errorE
000000033a58f0c0 r .rdata$_ZTSNSt3_V214error_categoryE
000000033a58f0e0 r .rdata$_ZTSSt10bad_typeid
000000033a58f0f0 r .rdata$_ZTSSt11logic_error
000000033a58f100 r .rdata$_ZTSSt11range_error
000000033a58f110 r .rdata$_ZTSSt12domain_error
000000033a58f130 r .rdata$_ZTSSt12length_error
000000033a58f150 r .rdata$_ZTSSt12out_of_range
000000033a58f170 r .rdata$_ZTSSt12system_error
000000033a58f190 r .rdata$_ZTSSt13bad_exception
000000033a58f1b0 r .rdata$_ZTSSt13runtime_error
000000033a58f1d0 r .rdata$_ZTSSt14overflow_error
000000033a58f1f0 r .rdata$_ZTSSt15underflow_error
000000033a58f210 r .rdata$_ZTSSt16invalid_argument
000000033a58f230 r .rdata$_ZTSSt20bad_array_new_length
000000033a58f250 r .rdata$_ZTSSt8bad_cast
000000033a58f260 r .rdata$_ZTSSt9bad_alloc
000000033a58f270 r .rdata$_ZTSSt9exception
000000033a58f280 r .rdata$_ZTSSt9type_info
000000033a58f290 r .rdata$_ZTVN10__cxxabiv115__forced_unwindE
000000033a58f2c0 r .rdata$_ZTVN10__cxxabiv117__class_type_infoE
000000033a58f320 r .rdata$_ZTVN10__cxxabiv119__foreign_exceptionE
000000033a58f350 r .rdata$_ZTVN10__cxxabiv120__si_class_type_infoE
000000033a58f3b0 r .rdata$_ZTVN12_GLOBAL__N_121system_error_categoryE
000000033a58f400 r .rdata$_ZTVN12_GLOBAL__N_122generic_error_categoryE
000000033a58f450 r .rdata$_ZTVN9__gnu_cxx24__concurrence_lock_errorE
000000033a58f480 r .rdata$_ZTVN9__gnu_cxx26__concurrence_unlock_errorE
000000033a58f4b0 r .rdata$_ZTVNSt3_V214error_categoryE
000000033a58f500 r .rdata$_ZTVSt10bad_typeid
000000033a58f530 r .rdata$_ZTVSt11logic_error
000000033a58f560 r .rdata$_ZTVSt11range_error
000000033a58f590 r .rdata$_ZTVSt12domain_error
000000033a58f5c0 r .rdata$_ZTVSt12length_error
000000033a58f5f0 r .rdata$_ZTVSt12out_of_range
000000033a58f620 r .rdata$_ZTVSt12system_error
000000033a58f650 r .rdata$_ZTVSt13bad_exception
000000033a58f680 r .rdata$_ZTVSt13runtime_error
000000033a58f6b0 r .rdata$_ZTVSt14overflow_error
000000033a58f6e0 r .rdata$_ZTVSt15underflow_error
000000033a58f710 r .rdata$_ZTVSt16invalid_argument
000000033a58f740 r .rdata$_ZTVSt20bad_array_new_length
000000033a58f770 r .rdata$_ZTVSt8bad_cast
000000033a58f7a0 r .rdata$_ZTVSt9bad_alloc
000000033a58f7d0 r .rdata$_ZTVSt9exception
000000033a58f800 r .rdata$_ZTVSt9type_info
000000033a5903b0 r .rdata$zzz
000000033a58f990 r .rdata$zzz
000000033a5904a0 r .rdata$zzz
000000033a590020 r .rdata$zzz
000000033a590470 r .rdata$zzz
000000033a58fd20 r .rdata$zzz
000000033a5903e0 r .rdata$zzz
000000033a58ffc0 r .rdata$zzz
000000033a58fcf0 r .rdata$zzz
000000033a58fea0 r .rdata$zzz
000000033a58fa80 r .rdata$zzz
000000033a5900b0 r .rdata$zzz
000000033a58f960 r .rdata$zzz
000000033a58fe10 r .rdata$zzz
000000033a590050 r .rdata$zzz
000000033a58ff90 r .rdata$zzz
000000033a58fff0 r .rdata$zzz
000000033a58fdb0 r .rdata$zzz
000000033a58fab0 r .rdata$zzz
000000033a58f840 r .rdata$zzz
000000033a58fd50 r .rdata$zzz
000000033a58fe70 r .rdata$zzz
000000033a58fbd0 r .rdata$zzz
000000033a5900e0 r .rdata$zzz
000000033a58fb70 r .rdata$zzz
000000033a590410 r .rdata$zzz
000000033a58fae0 r .rdata$zzz
000000033a5904d0 r .rdata$zzz
000000033a58ff60 r .rdata$zzz
000000033a58fd80 r .rdata$zzz
000000033a58fe40 r .rdata$zzz
000000033a58fde0 r .rdata$zzz
000000033a590440 r .rdata$zzz
000000033a590380 r .rdata$zzz
000000033a58f8d0 r .rdata$zzz
000000033a590500 r .rdata$zzz
000000033a590080 r .rdata$zzz
000000033a590530 r .rdata$zzz
000000033a58fcc0 r .rdata$zzz
000000033a590350 r .rdata$zzz
000000033a58fc30 r .rdata$zzz
000000033a58ff00 r .rdata$zzz
000000033a58fba0 r .rdata$zzz
000000033a58f930 r .rdata$zzz
000000033a590110 r .rdata$zzz
000000033a58fb40 r .rdata$zzz
000000033a58f870 r .rdata$zzz
000000033a58f8a0 r .rdata$zzz
000000033a58fed0 r .rdata$zzz
000000033a58f9c0 r .rdata$zzz
000000033a58f9f0 r .rdata$zzz
000000033a590320 r .rdata$zzz
000000033a5902f0 r .rdata$zzz
000000033a5902c0 r .rdata$zzz
000000033a590290 r .rdata$zzz
000000033a590260 r .rdata$zzz
000000033a58fa50 r .rdata$zzz
000000033a58fb10 r .rdata$zzz
000000033a58fa20 r .rdata$zzz
000000033a58fc60 r .rdata$zzz
000000033a58ff30 r .rdata$zzz
000000033a590230 r .rdata$zzz
000000033a590200 r .rdata$zzz
000000033a5901d0 r .rdata$zzz
000000033a5901a0 r .rdata$zzz
000000033a590170 r .rdata$zzz
000000033a58fc00 r .rdata$zzz
000000033a590140 r .rdata$zzz
000000033a58f900 r .rdata$zzz
000000033a58fc90 r .rdata$zzz
000000033a58eaa0 R .refptr.__CTOR_LIST__
000000033a58eae0 R .refptr.__dyn_tls_init_callback
000000033a58eab0 R .refptr.__ImageBase
000000033a58eaf0 R .refptr.__mingw_app_type
000000033a58eb00 R .refptr.__native_dllmain_reason
000000033a58eb10 R .refptr.__native_startup_lock
000000033a58eb20 R .refptr.__native_startup_state
000000033a58ead0 R .refptr.__RUNTIME_PSEUDO_RELOC_LIST__
000000033a58eac0 R .refptr.__RUNTIME_PSEUDO_RELOC_LIST_END__
000000033a58eb30 R .refptr.__stack_chk_guard
000000033a58eb40 R .refptr.__tens_D2A
000000033a58eb50 R .refptr.__xc_a
000000033a58eb60 R .refptr.__xc_z
000000033a58eb70 R .refptr.__xi_a
000000033a58eb80 R .refptr.__xi_z
000000033a58e880 R .refptr._CRT_MT
000000033a58e890 R .refptr._ZN10__cxxabiv119__terminate_handlerE
000000033a58e8a0 R .refptr._ZN10__cxxabiv120__unexpected_handlerE
000000033a58e8b0 R .refptr._ZN9__gnu_cxx27__verbose_terminate_handlerEv
000000033a58e8c0 R .refptr._ZNSt10bad_typeidD1Ev
000000033a58e8d0 R .refptr._ZNSt11logic_errorD1Ev
000000033a58e8e0 R .refptr._ZNSt11range_errorD1Ev
000000033a58e8f0 R .refptr._ZNSt12domain_errorD1Ev
000000033a58e900 R .refptr._ZNSt12length_errorD1Ev
000000033a58e910 R .refptr._ZNSt12out_of_rangeD1Ev
000000033a58e920 R .refptr._ZNSt12system_errorD1Ev
000000033a58e930 R .refptr._ZNSt13bad_exceptionD1Ev
000000033a58e940 R .refptr._ZNSt13runtime_errorD1Ev
000000033a58e950 R .refptr._ZNSt14overflow_errorD1Ev
000000033a58e960 R .refptr._ZNSt15underflow_errorD1Ev
000000033a58e970 R .refptr._ZNSt16invalid_argumentD1Ev
000000033a58e980 R .refptr._ZNSt20bad_array_new_lengthD1Ev
000000033a58e990 R .refptr._ZNSt8bad_castD1Ev
000000033a58e9a0 R .refptr._ZNSt9bad_allocD1Ev
000000033a58e9b0 R .refptr._ZTVSt10bad_typeid
000000033a58e9c0 R .refptr._ZTVSt11logic_error
000000033a58e9d0 R .refptr._ZTVSt11range_error
000000033a58e9e0 R .refptr._ZTVSt12domain_error
000000033a58e9f0 R .refptr._ZTVSt12length_error
000000033a58ea00 R .refptr._ZTVSt12out_of_range
000000033a58ea10 R .refptr._ZTVSt12system_error
000000033a58ea20 R .refptr._ZTVSt13bad_exception
000000033a58ea30 R .refptr._ZTVSt13runtime_error
000000033a58ea40 R .refptr._ZTVSt14overflow_error
000000033a58ea50 R .refptr._ZTVSt15underflow_error
000000033a58ea60 R .refptr._ZTVSt16invalid_argument
000000033a58ea70 R .refptr._ZTVSt20bad_array_new_length
000000033a58ea80 R .refptr._ZTVSt8bad_cast
000000033a58ea90 R .refptr._ZTVSt9bad_alloc
000000033a5756e0 t .text
000000033a5756e8 t .text
000000033a5756f0 t .text
000000033a5756d0 t .text
000000033a575700 t .text
000000033a575700 t .text
000000033a575700 t .text
000000033a56e830 t .text
000000033a575710 t .text
000000033a575710 t .text
000000033a575710 t .text
000000033a575718 t .text
000000033a575720 t .text
000000033a575728 t .text
000000033a562200 t .text
000000033a5756d0 t .text
000000033a562200 t .text
000000033a5756c0 t .text
000000033a575730 t .text
000000033a575730 t .text
000000033a575658 t .text
000000033a575650 t .text
000000033a575648 t .text
000000033a562200 t .text
000000033a575730 t .text
000000033a575738 t .text
000000033a575740 t .text
000000033a575640 t .text
000000033a575638 t .text
000000033a562200 t .text
000000033a575740 t .text
000000033a5756b8 t .text
000000033a5756d8 t .text
000000033a561370 t .text
000000033a562200 t .text
000000033a575630 t .text
000000033a562200 t .text
000000033a5756d0 t .text
000000033a562200 t .text
000000033a575740 t .text
000000033a575750 t .text
000000033a562200 t .text
000000033a575750 t .text
000000033a562200 t .text
000000033a562200 t .text
000000033a5756b0 t .text
000000033a562200 t .text
000000033a575750 t .text
000000033a562200 t .text
000000033a575630 t .text
000000033a562200 t .text
000000033a562200 t .text
000000033a575758 t .text
000000033a56e740 t .text
000000033a562200 t .text
000000033a56e8e0 t .text
000000033a575630 t .text
000000033a562200 t .text
000000033a56ee40 t .text
000000033a5756a8 t .text
000000033a575890 t .text
000000033a56e8e0 t .text
000000033a575888 t .text
000000033a56f0e0 t .text
000000033a56e8e0 t .text
000000033a562200 t .text
000000033a575880 t .text
000000033a575878 t .text
000000033a56e740 t .text
000000033a56f0e0 t .text
000000033a575870 t .text
000000033a562200 t .text
000000033a5756a0 t .text
000000033a56f0e0 t .text
000000033a575868 t .text
000000033a562200 t .text
000000033a575760 t .text
000000033a575860 t .text
000000033a575858 t .text
000000033a56f4e0 t .text
000000033a575850 t .text
000000033a562200 t .text
000000033a575850 t .text
000000033a56f4f0 t .text
000000033a575850 t .text
000000033a56f530 t .text
000000033a575698 t .text
000000033a56f530 t .text
000000033a575840 t .text
000000033a56fc00 t .text
000000033a575838 t .text
000000033a56fec0 t .text
000000033a575830 t .text
000000033a575828 t .text
000000033a56fed0 t .text
000000033a575820 t .text
000000033a56fee0 t .text
000000033a575818 t .text
000000033a56e740 t .text
000000033a575810 t .text
000000033a575690 t .text
000000033a56ff30 t .text
000000033a575808 t .text
000000033a575800 t .text
000000033a56ff80 t .text
000000033a5757f8 t .text
000000033a5757f0 t .text
000000033a56ff80 t .text
000000033a5757e8 t .text
000000033a5757e0 t .text
000000033a570000 t .text
000000033a5757d8 t .text
000000033a5757d0 t .text
000000033a5757c8 t .text
000000033a575688 t .text
000000033a5757c0 t .text
000000033a5757b8 t .text
000000033a562200 t .text
000000033a5757b0 t .text
000000033a56e740 t .text
000000033a570020 t .text
000000033a575770 t .text
000000033a570080 t .text
000000033a575770 t .text
000000033a575770 t .text
000000033a56e740 t .text
000000033a5614c0 t .text
000000033a572940 t .text
000000033a575680 t .text
000000033a575660 t .text
000000033a56e740 t .text
000000033a572c40 t .text
000000033a574640 t .text
000000033a5747c0 t .text
000000033a56e740 t .text
000000033a56e740 t .text
000000033a56e740 t .text
000000033a56e740 t .text
000000033a56e830 t .text
000000033a575680 t .text
000000033a575620 t .text
000000033a575580 t .text
000000033a561350 t .text
000000033a562200 t .text
000000033a575668 t .text
000000033a561000 t .text
000000033a575618 t .text
000000033a575610 t .text
000000033a56e740 t .text
000000033a575608 t .text
000000033a575600 t .text
000000033a575680 t .text
000000033a5755f8 t .text
000000033a5755f0 t .text
000000033a56e740 t .text
000000033a5755f0 t .text
000000033a5755f0 t .text
000000033a5755e0 t .text
000000033a575670 t .text
000000033a562200 t .text
000000033a562200 t .text
000000033a5755b0 t .text
000000033a588ae0 t .text$__cxa_allocate_dependent_exception
000000033a588b50 t .text$__cxa_allocate_exception
000000033a588bc0 t .text$__cxa_begin_catch
000000033a588c40 t .text$__cxa_call_unexpected
000000033a588d80 t .text$__cxa_current_exception_type
000000033a588db0 t .text$__cxa_end_catch
000000033a588e40 t .text$__cxa_free_dependent_exception
000000033a588e70 t .text$__cxa_free_exception
000000033a588eb0 t .text$__cxa_get_exception_ptr
000000033a588ec0 t .text$__cxa_get_globals
000000033a588ed0 t .text$__cxa_get_globals_fast
000000033a588ee0 t .text$__cxa_init_primary_exception
000000033a588f40 t .text$__cxa_rethrow
000000033a588f90 t .text$__cxa_throw
000000033a588fe0 t .text$__gxx_personality_seh0
000000033a589010 t .text$__tcf_0
000000033a589000 t .text$__tcf_0
000000033a589030 t .text$__tcf_1
000000033a588a20 t .text$_ZdlPv
000000033a588a30 t .text$_ZdlPvS_
000000033a588a40 t .text$_ZdlPvy
000000033a575890 t .text$_ZGTtNKSt13bad_exceptionD1Ev
000000033a5758a0 t .text$_ZGTtNKSt9exceptionD1Ev
000000033a5758b0 t .text$_ZL16get_adjusted_ptrPKSt9type_infoS1_PPv
000000033a575940 t .text$_ZL17parse_lsda_headerP15_Unwind_ContextPKhP16lsda_header_info
000000033a575a40 t .text$_ZL20check_exception_specP16lsda_header_infoPKSt9type_infoPvx
000000033a575ba0 t .text$_ZL21base_of_encoded_valuehP15_Unwind_Context
000000033a575c10 t .text$_ZL23__gxx_exception_cleanup19_Unwind_Reason_CodeP17_Unwind_Exception
000000033a575c60 t .text$_ZL28read_encoded_value_with_basehyPKhPy
000000033a575de0 t .text$_ZN10__cxxabiv111__terminateEPFvvE
000000033a575e00 t .text$_ZN10__cxxabiv112__unexpectedEPFvvE
000000033a575e10 t .text$_ZN10__cxxabiv115__forced_unwindD0Ev
000000033a575e20 t .text$_ZN10__cxxabiv115__forced_unwindD2Ev
000000033a575e30 t .text$_ZN10__cxxabiv117__class_type_infoD0Ev
000000033a575e60 t .text$_ZN10__cxxabiv117__class_type_infoD2Ev
000000033a575e70 t .text$_ZN10__cxxabiv119__foreign_exceptionD0Ev
000000033a575e80 t .text$_ZN10__cxxabiv119__foreign_exceptionD2Ev
000000033a575e90 t .text$_ZN10__cxxabiv120__si_class_type_infoD0Ev
000000033a575ec0 t .text$_ZN10__cxxabiv120__si_class_type_infoD2Ev
000000033a575ee0 t .text$_ZN10__cxxabiv1L21__gxx_personality_impEiiyP17_Unwind_ExceptionP15_Unwind_Context
000000033a576680 t .text$_ZN12_GLOBAL__N_121system_error_categoryD0Ev
000000033a576690 t .text$_ZN12_GLOBAL__N_121system_error_categoryD2Ev
000000033a5766a0 t .text$_ZN12_GLOBAL__N_122generic_error_categoryD0Ev
000000033a5766b0 t .text$_ZN12_GLOBAL__N_122generic_error_categoryD2Ev
000000033a5766c0 t .text$_ZN12_GLOBAL__N_14pool4freeEPv.constprop.0
000000033a5767e0 t .text$_ZN12_GLOBAL__N_14pool8allocateEy.constprop.0
000000033a5768c0 t .text$_ZN9__gnu_cxx11char_traitsIcE2eqERKcS3_
000000033a5768f0 t .text$_ZN9__gnu_cxx11char_traitsIcE4copyEPcPKcy
000000033a576980 t .text$_ZN9__gnu_cxx11char_traitsIcE6lengthEPKc
000000033a576a00 t .text$_ZN9__gnu_cxx15__concat_size_tEPcyy
000000033a576b00 t .text$_ZN9__gnu_cxx15__snprintf_liteEPcyPKcS0_
000000033a576c20 t .text$_ZN9__gnu_cxx16__aligned_bufferIiE6_M_ptrEv
000000033a576c40 t .text$_ZN9__gnu_cxx16__aligned_bufferIiE7_M_addrEv
000000033a576c50 t .text$_ZN9__gnu_cxx16__aligned_membufISt4pairIKhiEE6_M_ptrEv
000000033a576c70 t .text$_ZN9__gnu_cxx16__aligned_membufISt4pairIKhiEE7_M_addrEv
000000033a576ce0 t .text$_ZN9__gnu_cxx17__normal_iteratorIPhSt6vectorIhSaIhEEEC1ERKS1_
000000033a576d00 t .text$_ZN9__gnu_cxx17__normal_iteratorIPhvEC1ERKS1_
000000033a576d20 t .text$_ZN9__gnu_cxx17__normal_iteratorIPhvEppEv
000000033a576d40 t .text$_ZN9__gnu_cxx17__normal_iteratorIPiSt6vectorIiSaIiEEEC1ERKS1_
000000033a576d60 t .text$_ZN9__gnu_cxx17__normal_iteratorIPiSt6vectorIiSaIiEEEppEi
000000033a576da0 t .text$_ZN9__gnu_cxx17__normal_iteratorIPiSt6vectorIiSaIiEEEppEv
000000033a576dc0 t .text$_ZN9__gnu_cxx17__normal_iteratorIPivEC1ERKS1_
000000033a576de0 t .text$_ZN9__gnu_cxx17__normal_iteratorIPivEppEv
000000033a576c80 t .text$_ZN9__gnu_cxx17__normal_iteratorIPP4dataSt6vectorIS2_SaIS2_EEEC1ERKS3_
000000033a576ca0 t .text$_ZN9__gnu_cxx17__normal_iteratorIPP4datavEC1ERKS3_
000000033a576cc0 t .text$_ZN9__gnu_cxx17__normal_iteratorIPP4datavEppEv
000000033a576e00 t .text$_ZN9__gnu_cxx24__concurrence_lock_errorD0Ev
000000033a576e30 t .text$_ZN9__gnu_cxx24__concurrence_lock_errorD1Ev
000000033a576e40 t .text$_ZN9__gnu_cxx26__concurrence_unlock_errorD0Ev
000000033a576e70 t .text$_ZN9__gnu_cxx26__concurrence_unlock_errorD1Ev
000000033a576e80 t .text$_ZN9__gnu_cxx27__verbose_terminate_handlerEv
000000033a577080 t .text$_ZN9__gnu_cxx30__throw_concurrence_lock_errorEv
000000033a5770b0 t .text$_ZN9__gnu_cxx32__throw_concurrence_unlock_errorEv
000000033a577100 t .text$_ZN9__gnu_cxxeqIPcNSt7__cxx1112basic_stringIcSt11char_traitsIcESaIcEEEEEbRKNS_17__normal_iteratorIT_T0_EESD_
000000033a577110 t .text$_ZN9__gnu_cxxeqIPcSsEEbRKNS_17__normal_iteratorIT_T0_EES7_
000000033a577120 t .text$_ZN9__gnu_cxxeqIPiSt6vectorIiSaIiEEEEbRKNS_17__normal_iteratorIT_T0_EESA_QrqXeqcldtfL0p_4baseEcldtfL0p0_4baseERSt14convertible_toIbEE
000000033a5770e0 t .text$_ZN9__gnu_cxxeqIPKcNSt7__cxx1112basic_stringIcSt11char_traitsIcESaIcEEEEEbRKNS_17__normal_iteratorIT_T0_EESE_
000000033a5770f0 t .text$_ZN9__gnu_cxxeqIPKcSsEEbRKNS_17__normal_iteratorIT_T0_EES8_
000000033a5771b0 t .text$_ZN9__gnu_cxxmiIPhSt6vectorIhSaIhEEEENS_17__normal_iteratorIT_T0_E15difference_typeERKS8_SB_
000000033a577200 t .text$_ZN9__gnu_cxxmiIPiSt6vectorIiSaIiEEEENS_17__normal_iteratorIT_T0_E15difference_typeERKS8_SB_
000000033a577160 t .text$_ZN9__gnu_cxxmiIPP4dataSt6vectorIS2_SaIS2_EEEENS_17__normal_iteratorIT_T0_E15difference_typeERKSA_SD_
000000033a577250 t .text$_ZNK10__cxxabiv117__class_type_info10__do_catchEPKSt9type_infoPPvj
000000033a5772a0 t .text$_ZNK10__cxxabiv117__class_type_info11__do_upcastEPKS0_PKvRNS0_15__upcast_resultE
000000033a5772d0 t .text$_ZNK10__cxxabiv117__class_type_info11__do_upcastEPKS0_PPv
000000033a577350 t .text$_ZNK10__cxxabiv117__class_type_info12__do_dyncastExNS0_10__sub_kindEPKS0_PKvS3_S5_RNS0_16__dyncast_resultE
000000033a5773d0 t .text$_ZNK10__cxxabiv117__class_type_info20__do_find_public_srcExPKvPKS0_S2_
000000033a5773e0 t .text$_ZNK10__cxxabiv120__si_class_type_info11__do_upcastEPKNS_17__class_type_infoEPKvRNS1_15__upcast_resultE
000000033a577430 t .text$_ZNK10__cxxabiv120__si_class_type_info12__do_dyncastExNS_17__class_type_info10__sub_kindEPKS1_PKvS4_S6_RNS1_16__dyncast_resultE
000000033a577540 t .text$_ZNK10__cxxabiv120__si_class_type_info20__do_find_public_srcExPKvPKNS_17__class_type_infoES2_
000000033a5775b0 t .text$_ZNK12_GLOBAL__N_121system_error_category10equivalentEiRKSt15error_condition
000000033a577610 t .text$_ZNK12_GLOBAL__N_121system_error_category23default_error_conditionEi
000000033a577f30 t .text$_ZNK12_GLOBAL__N_121system_error_category4nameEv
000000033a577f40 t .text$_ZNK12_GLOBAL__N_121system_error_category7messageB5cxx11Ei
000000033a578060 t .text$_ZNK12_GLOBAL__N_122generic_error_category10equivalentEiRKSt15error_condition
000000033a578080 t .text$_ZNK12_GLOBAL__N_122generic_error_category4nameEv
000000033a578090 t .text$_ZNK12_GLOBAL__N_122generic_error_category7messageB5cxx11Ei
000000033a5780e0 t .text$_ZNK9__gnu_cxx16__aligned_membufISt4pairIKhiEE6_M_ptrEv
000000033a578100 t .text$_ZNK9__gnu_cxx16__aligned_membufISt4pairIKhiEE7_M_addrEv
000000033a578150 t .text$_ZNK9__gnu_cxx17__normal_iteratorIPhSt6vectorIhSaIhEEE4baseEv
000000033a578160 t .text$_ZNK9__gnu_cxx17__normal_iteratorIPhvE4baseEv
000000033a578170 t .text$_ZNK9__gnu_cxx17__normal_iteratorIPhvEdeEv
000000033a578190 t .text$_ZNK9__gnu_cxx17__normal_iteratorIPiSt6vectorIiSaIiEEE4baseEv
000000033a5781a0 t .text$_ZNK9__gnu_cxx17__normal_iteratorIPiSt6vectorIiSaIiEEEdeEv
000000033a5781c0 t .text$_ZNK9__gnu_cxx17__normal_iteratorIPiSt6vectorIiSaIiEEEplEx
000000033a578200 t .text$_ZNK9__gnu_cxx17__normal_iteratorIPivE4baseEv
000000033a578210 t .text$_ZNK9__gnu_cxx17__normal_iteratorIPivEdeEv
000000033a578110 t .text$_ZNK9__gnu_cxx17__normal_iteratorIPP4dataSt6vectorIS2_SaIS2_EEE4baseEv
000000033a578120 t .text$_ZNK9__gnu_cxx17__normal_iteratorIPP4datavE4baseEv
000000033a578130 t .text$_ZNK9__gnu_cxx17__normal_iteratorIPP4datavEdeEv
000000033a578230 t .text$_ZNK9__gnu_cxx24__concurrence_lock_error4whatEv
000000033a578240 t .text$_ZNK9__gnu_cxx26__concurrence_unlock_error4whatEv
000000033a578250 t .text$_ZNKSs11_M_disjunctEPKc
000000033a578330 t .text$_ZNKSs12find_last_ofEcy
000000033a578270 t .text$_ZNKSs12find_last_ofEPKcy
000000033a5782a0 t .text$_ZNKSs12find_last_ofEPKcyy
000000033a578320 t .text$_ZNKSs12find_last_ofERKSsy
000000033a578400 t .text$_ZNKSs13find_first_ofEcy
000000033a578340 t .text$_ZNKSs13find_first_ofEPKcy
000000033a578370 t .text$_ZNKSs13find_first_ofEPKcyy
000000033a5783f0 t .text$_ZNKSs13find_first_ofERKSsy
000000033a578410 t .text$_ZNKSs13get_allocatorEv
000000033a578420 t .text$_ZNKSs15_M_check_lengthEyyPKc
000000033a5784f0 t .text$_ZNKSs16find_last_not_ofEcy
000000033a578450 t .text$_ZNKSs16find_last_not_ofEPKcy
000000033a578480 t .text$_ZNKSs16find_last_not_ofEPKcyy
000000033a5784e0 t .text$_ZNKSs16find_last_not_ofERKSsy
000000033a5785e0 t .text$_ZNKSs17find_first_not_ofEcy
000000033a578530 t .text$_ZNKSs17find_first_not_ofEPKcy
000000033a578560 t .text$_ZNKSs17find_first_not_ofEPKcyy
000000033a5785d0 t .text$_ZNKSs17find_first_not_ofERKSsy
000000033a578610 t .text$_ZNKSs2atEy
000000033a578640 t .text$_ZNKSs3endEv
000000033a578650 t .text$_ZNKSs4_Rep12_M_is_leakedEv
000000033a578660 t .text$_ZNKSs4_Rep12_M_is_sharedEv
000000033a578670 t .text$_ZNKSs4backEv
000000033a578680 t .text$_ZNKSs4cendEv
000000033a578690 t .text$_ZNKSs4copyEPcyy
000000033a578700 t .text$_ZNKSs4dataEv
000000033a578820 t .text$_ZNKSs4findEcy
000000033a578710 t .text$_ZNKSs4findEPKcy
000000033a578740 t .text$_ZNKSs4findEPKcyy
000000033a578810 t .text$_ZNKSs4findERKSsy
000000033a578870 t .text$_ZNKSs4rendEv
000000033a578880 t .text$_ZNKSs4sizeEv
000000033a578890 t .text$_ZNKSs5beginEv
000000033a5788a0 t .text$_ZNKSs5c_strEv
000000033a5788b0 t .text$_ZNKSs5crendEv
000000033a5788c0 t .text$_ZNKSs5emptyEv
000000033a5788d0 t .text$_ZNKSs5frontEv
000000033a5789a0 t .text$_ZNKSs5rfindEcy
000000033a5788e0 t .text$_ZNKSs5rfindEPKcy
000000033a578910 t .text$_ZNKSs5rfindEPKcyy
000000033a578990 t .text$_ZNKSs5rfindERKSsy
000000033a578a00 t .text$_ZNKSs6_M_repEv
000000033a578a10 t .text$_ZNKSs6cbeginEv
000000033a578a20 t .text$_ZNKSs6lengthEv
000000033a578a30 t .text$_ZNKSs6rbeginEv
000000033a578a40 t .text$_ZNKSs6substrEyy
000000033a578a80 t .text$_ZNKSs7_M_dataEv
000000033a578a90 t .text$_ZNKSs7_M_iendEv
000000033a578aa0 t .text$_ZNKSs7compareEPKc
000000033a578b10 t .text$_ZNKSs7compareERKSs
000000033a578b70 t .text$_ZNKSs7compareEyyPKc
000000033a578c20 t .text$_ZNKSs7compareEyyPKcy
000000033a578cb0 t .text$_ZNKSs7compareEyyRKSs
000000033a578d40 t .text$_ZNKSs7compareEyyRKSsyy
000000033a578e10 t .text$_ZNKSs7crbeginEv
000000033a578e20 t .text$_ZNKSs8_M_checkEyPKc
000000033a578e50 t .text$_ZNKSs8_M_limitEyy
000000033a578e70 t .text$_ZNKSs8capacityEv
000000033a578e80 t .text$_ZNKSs8max_sizeEv
000000033a578e90 t .text$_ZNKSs9_M_ibeginEv
000000033a578ea0 t .text$_ZNKSsixEy
000000033a578eb0 t .text$_ZNKSt10_HashtableIiiSaIiENSt8__detail9_IdentityESt8equal_toIiESt4hashIiENS1_18_Mod_range_hashingENS1_20_Default_ranged_hashENS1_20_Prime_rehash_policyENS1_17_Hashtable_traitsILb0ELb1ELb1EEEE21_M_uses_single_bucketEPPNS1_15_Hash_node_baseE
000000033a578ee0 t .text$_ZNKSt10_HashtableIiiSaIiENSt8__detail9_IdentityESt8equal_toIiESt4hashIiENS1_18_Mod_range_hashingENS1_20_Default_ranged_hashENS1_20_Prime_rehash_policyENS1_17_Hashtable_traitsILb0ELb1ELb1EEEE8_M_beginEv
000000033a578f00 t .text$_ZNKSt10_Select1stISt4pairIKhiEEclERKS2_
000000033a578f20 t .text$_ZNKSt10bad_typeid4whatEv
000000033a578f30 t .text$_ZNKSt10error_code23default_error_conditionEv
000000033a578f80 t .text$_ZNKSt11logic_error4whatEv
000000033a578fa0 t .text$_ZNKSt12_Vector_baseIhSaIhEE19_M_get_Tp_allocatorEv
000000033a578fb0 t .text$_ZNKSt12_Vector_baseIiSaIiEE19_M_get_Tp_allocatorEv
000000033a578f90 t .text$_ZNKSt12_Vector_baseIP4dataSaIS1_EE19_M_get_Tp_allocatorEv
000000033a578fc0 t .text$_ZNKSt13_Rb_tree_nodeISt4pairIKhiEE9_M_valptrEv
000000033a578ff0 t .text$_ZNKSt13bad_exception4whatEv
000000033a579000 t .text$_ZNKSt13random_device13_M_getentropyEv
000000033a579050 t .text$_ZNKSt17_Rb_tree_iteratorISt4pairIKhiEEdeEv
000000033a579080 t .text$_ZNKSt20bad_array_new_length4whatEv
000000033a579090 t .text$_ZNKSt23_Rb_tree_const_iteratorISt4pairIKhiEE13_M_const_castEv
000000033a5790c0 t .text$_ZNKSt24uniform_int_distributionIyE10param_type1aEv
000000033a5790e0 t .text$_ZNKSt24uniform_int_distributionIyE10param_type1bEv
000000033a579100 t .text$_ZNKSt3_V214error_category10_M_messageB5cxx11Ei
000000033a579190 t .text$_ZNKSt3_V214error_category10_M_messageEi
000000033a579250 t .text$_ZNKSt3_V214error_category10equivalentEiRKSt15error_condition
000000033a579230 t .text$_ZNKSt3_V214error_category10equivalentERKSt10error_codei
000000033a5792b0 t .text$_ZNKSt3_V214error_category23default_error_conditionEi
000000033a5792c0 t .text$_ZNKSt3mapIhiSt4lessIhESaISt4pairIKhiEEE8key_compEv
000000033a5792e0 t .text$_ZNKSt4lessIhEclERKhS2_
000000033a5794a0 t .text$_ZNKSt6vectorIhSaIhEE12_M_check_lenEyPKc
000000033a579570 t .text$_ZNKSt6vectorIhSaIhEE4sizeEv
000000033a579590 t .text$_ZNKSt6vectorIhSaIhEE8max_sizeEv
000000033a5795c0 t .text$_ZNKSt6vectorIiSaIiEE12_M_check_lenEyPKc
000000033a579690 t .text$_ZNKSt6vectorIiSaIiEE4sizeEv
000000033a5796c0 t .text$_ZNKSt6vectorIiSaIiEE8max_sizeEv
000000033a579310 t .text$_ZNKSt6vectorIP4dataSaIS1_EE12_M_check_lenEyPKc
000000033a5793e0 t .text$_ZNKSt6vectorIP4dataSaIS1_EE14_M_range_checkEy
000000033a579440 t .text$_ZNKSt6vectorIP4dataSaIS1_EE4sizeEv
000000033a579470 t .text$_ZNKSt6vectorIP4dataSaIS1_EE8max_sizeEv
000000033a5796f0 t .text$_ZNKSt7__cxx1112basic_stringIcSt11char_traitsIcESaIcEE11_M_disjunctEPKc
000000033a579710 t .text$_ZNKSt7__cxx1112basic_stringIcSt11char_traitsIcESaIcEE11_M_is_localEv
000000033a579830 t .text$_ZNKSt7__cxx1112basic_stringIcSt11char_traitsIcESaIcEE12find_last_ofEcy
000000033a579770 t .text$_ZNKSt7__cxx1112basic_stringIcSt11char_traitsIcESaIcEE12find_last_ofEPKcy
000000033a5797a0 t .text$_ZNKSt7__cxx1112basic_stringIcSt11char_traitsIcESaIcEE12find_last_ofEPKcyy
000000033a579820 t .text$_ZNKSt7__cxx1112basic_stringIcSt11char_traitsIcESaIcEE12find_last_ofERKS4_y
000000033a579840 t .text$_ZNKSt7__cxx1112basic_stringIcSt11char_traitsIcESaIcEE13_M_local_dataEv
000000033a579930 t .text$_ZNKSt7__cxx1112basic_stringIcSt11char_traitsIcESaIcEE13find_first_ofEcy
000000033a579870 t .text$_ZNKSt7__cxx1112basic_stringIcSt11char_traitsIcESaIcEE13find_first_ofEPKcy
000000033a5798a0 t .text$_ZNKSt7__cxx1112basic_stringIcSt11char_traitsIcESaIcEE13find_first_ofEPKcyy
000000033a579920 t .text$_ZNKSt7__cxx1112basic_stringIcSt11char_traitsIcESaIcEE13find_first_ofERKS4_y
000000033a579940 t .text$_ZNKSt7__cxx1112basic_stringIcSt11char_traitsIcESaIcEE13get_allocatorEv
000000033a579950 t .text$_ZNKSt7__cxx1112basic_stringIcSt11char_traitsIcESaIcEE15_M_check_lengthEyyPKc
000000033a579980 t .text$_ZNKSt7__cxx1112basic_stringIcSt11char_traitsIcESaIcEE16_M_get_allocatorEv
000000033a579a40 t .text$_ZNKSt7__cxx1112basic_stringIcSt11char_traitsIcESaIcEE16find_last_not_ofEcy
000000033a579990 t .text$_ZNKSt7__cxx1112basic_stringIcSt11char_traitsIcESaIcEE16find_last_not_ofEPKcy
000000033a5799c0 t .text$_ZNKSt7__cxx1112basic_stringIcSt11char_traitsIcESaIcEE16find_last_not_ofEPKcyy
000000033a579a30 t .text$_ZNKSt7__cxx1112basic_stringIcSt11char_traitsIcESaIcEE16find_last_not_ofERKS4_y
000000033a579b40 t .text$_ZNKSt7__cxx1112basic_stringIcSt11char_traitsIcESaIcEE17find_first_not_ofEcy
000000033a579a80 t .text$_ZNKSt7__cxx1112basic_stringIcSt11char_traitsIcESaIcEE17find_first_not_ofEPKcy
000000033a579ab0 t .text$_ZNKSt7__cxx1112basic_stringIcSt11char_traitsIcESaIcEE17find_first_not_ofEPKcyy
000000033a579b30 t .text$_ZNKSt7__cxx1112basic_stringIcSt11char_traitsIcESaIcEE17find_first_not_ofERKS4_y
000000033a579b80 t .text$_ZNKSt7__cxx1112basic_stringIcSt11char_traitsIcESaIcEE2atEy
000000033a579bb0 t .text$_ZNKSt7__cxx1112basic_stringIcSt11char_traitsIcESaIcEE3endEv
000000033a579bc0 t .text$_ZNKSt7__cxx1112basic_stringIcSt11char_traitsIcESaIcEE4backEv
000000033a579bd0 t .text$_ZNKSt7__cxx1112basic_stringIcSt11char_traitsIcESaIcEE4cendEv
000000033a579be0 t .text$_ZNKSt7__cxx1112basic_stringIcSt11char_traitsIcESaIcEE4copyEPcyy
000000033a579c50 t .text$_ZNKSt7__cxx1112basic_stringIcSt11char_traitsIcESaIcEE4dataEv
000000033a579d70 t .text$_ZNKSt7__cxx1112basic_stringIcSt11char_traitsIcESaIcEE4findEcy
000000033a579c60 t .text$_ZNKSt7__cxx1112basic_stringIcSt11char_traitsIcESaIcEE4findEPKcy
000000033a579c90 t .text$_ZNKSt7__cxx1112basic_stringIcSt11char_traitsIcESaIcEE4findEPKcyy
000000033a579d60 t .text$_ZNKSt7__cxx1112basic_stringIcSt11char_traitsIcESaIcEE4findERKS4_y
000000033a579dc0 t .text$_ZNKSt7__cxx1112basic_stringIcSt11char_traitsIcESaIcEE4rendEv
000000033a579dd0 t .text$_ZNKSt7__cxx1112basic_stringIcSt11char_traitsIcESaIcEE4sizeEv
000000033a579de0 t .text$_ZNKSt7__cxx1112basic_stringIcSt11char_traitsIcESaIcEE5beginEv
000000033a579df0 t .text$_ZNKSt7__cxx1112basic_stringIcSt11char_traitsIcESaIcEE5c_strEv
000000033a579e10 t .text$_ZNKSt7__cxx1112basic_stringIcSt11char_traitsIcESaIcEE5crendEv
000000033a579e20 t .text$_ZNKSt7__cxx1112basic_stringIcSt11char_traitsIcESaIcEE5emptyEv
000000033a579e30 t .text$_ZNKSt7__cxx1112basic_stringIcSt11char_traitsIcESaIcEE5frontEv
000000033a579f20 t .text$_ZNKSt7__cxx1112basic_stringIcSt11char_traitsIcESaIcEE5rfindEcy
000000033a579e40 t .text$_ZNKSt7__cxx1112basic_stringIcSt11char_traitsIcESaIcEE5rfindEPKcy
000000033a579e70 t .text$_ZNKSt7__cxx1112basic_stringIcSt11char_traitsIcESaIcEE5rfindEPKcyy
000000033a579f00 t .text$_ZNKSt7__cxx1112basic_stringIcSt11char_traitsIcESaIcEE5rfindERKS4_y
000000033a579fa0 t .text$_ZNKSt7__cxx1112basic_stringIcSt11char_traitsIcESaIcEE6cbeginEv
000000033a579fb0 t .text$_ZNKSt7__cxx1112basic_stringIcSt11char_traitsIcESaIcEE6lengthEv
000000033a579fc0 t .text$_ZNKSt7__cxx1112basic_stringIcSt11char_traitsIcESaIcEE6rbeginEv
000000033a579fd0 t .text$_ZNKSt7__cxx1112basic_stringIcSt11char_traitsIcESaIcEE6substrEyy
000000033a57a030 t .text$_ZNKSt7__cxx1112basic_stringIcSt11char_traitsIcESaIcEE7_M_dataEv
000000033a57a050 t .text$_ZNKSt7__cxx1112basic_stringIcSt11char_traitsIcESaIcEE7compareEPKc
000000033a57a0c0 t .text$_ZNKSt7__cxx1112basic_stringIcSt11char_traitsIcESaIcEE7compareERKS4_
000000033a57a120 t .text$_ZNKSt7__cxx1112basic_stringIcSt11char_traitsIcESaIcEE7compareEyyPKc
000000033a57a1d0 t .text$_ZNKSt7__cxx1112basic_stringIcSt11char_traitsIcESaIcEE7compareEyyPKcy
000000033a57a260 t .text$_ZNKSt7__cxx1112basic_stringIcSt11char_traitsIcESaIcEE7compareEyyRKS4_
000000033a57a2f0 t .text$_ZNKSt7__cxx1112basic_stringIcSt11char_traitsIcESaIcEE7compareEyyRKS4_yy
000000033a57a3c0 t .text$_ZNKSt7__cxx1112basic_stringIcSt11char_traitsIcESaIcEE7crbeginEv
000000033a57a3d0 t .text$_ZNKSt7__cxx1112basic_stringIcSt11char_traitsIcESaIcEE8_M_checkEyPKc
000000033a57a400 t .text$_ZNKSt7__cxx1112basic_stringIcSt11char_traitsIcESaIcEE8_M_limitEyy
000000033a57a410 t .text$_ZNKSt7__cxx1112basic_stringIcSt11char_traitsIcESaIcEE8capacityEv
000000033a57a430 t .text$_ZNKSt7__cxx1112basic_stringIcSt11char_traitsIcESaIcEE8max_sizeEv
000000033a57a460 t .text$_ZNKSt7__cxx1112basic_stringIcSt11char_traitsIcESaIcEEixEy
000000033a57a4f0 t .text$_ZNKSt8__detail10_Hash_nodeIiLb0EE7_M_nextEv
000000033a57a470 t .text$_ZNKSt8_Rb_treeIhSt4pairIKhiESt10_Select1stIS2_ESt4lessIhESaIS2_EE10_Auto_node6_M_keyEv
000000033a57a4a0 t .text$_ZNKSt8_Rb_treeIhSt4pairIKhiESt10_Select1stIS2_ESt4lessIhESaIS2_EE4sizeEv
000000033a57a4c0 t .text$_ZNKSt8_Rb_treeIhSt4pairIKhiESt10_Select1stIS2_ESt4lessIhESaIS2_EE8key_compEv
000000033a57a4d0 t .text$_ZNKSt8_Rb_treeIhSt4pairIKhiESt10_Select1stIS2_ESt4lessIhESaIS2_EE9_M_mbeginEv
000000033a57a510 t .text$_ZNKSt8bad_cast4whatEv
000000033a57a520 t .text$_ZNKSt9bad_alloc4whatEv
000000033a57a530 t .text$_ZNKSt9exception4whatEv
000000033a57a540 t .text$_ZNKSt9type_info10__do_catchEPKS_PPvj
000000033a57a580 t .text$_ZNKSt9type_info11__do_upcastEPKN10__cxxabiv117__class_type_infoEPPv
000000033a57a590 t .text$_ZNKSt9type_info14__is_pointer_pEv
000000033a57a5a0 t .text$_ZNKSt9type_infoeqERKS_
000000033a57a5e0 t .text$_ZNSs10_S_compareEyy
000000033a57a610 t .text$_ZNSs12_Alloc_hiderC1EPcRKSaIcE
000000033a57a620 t .text$_ZNSs12_Alloc_hiderC2EPcRKSaIcE
000000033a57a630 t .text$_ZNSs12_M_leak_hardEv
000000033a57a680 t .text$_ZNSs12_S_constructEycRKSaIcE
000000033a57a6e0 t .text$_ZNSs12_S_constructIN9__gnu_cxx17__normal_iteratorIPcSsEEEES2_T_S4_RKSaIcESt20forward_iterator_tag
000000033a57a890 t .text$_ZNSs12_S_constructIPcEES0_T_S1_RKSaIcESt20forward_iterator_tag
000000033a57a750 t .text$_ZNSs12_S_constructIPKcEEPcT_S3_RKSaIcESt20forward_iterator_tag
000000033a57a7f0 t .text$_ZNSs12_S_constructIPKcEEPcT_S3_RKSaIcESt20forward_iterator_tag.isra.0
000000033a57a930 t .text$_ZNSs12_S_empty_repEv
000000033a57a940 t .text$_ZNSs13_S_copy_charsEPcN9__gnu_cxx17__normal_iteratorIPKcSsEES4_
000000033a57a960 t .text$_ZNSs13_S_copy_charsEPcN9__gnu_cxx17__normal_iteratorIS_SsEES2_
000000033a57a980 t .text$_ZNSs13_S_copy_charsEPcPKcS1_
000000033a57a9a0 t .text$_ZNSs13_S_copy_charsEPcS_S_
000000033a57a9c0 t .text$_ZNSs13shrink_to_fitEv
000000033a57a9d0 t .text$_ZNSs14_M_replace_auxEyyyc
000000033a57aa50 t .text$_ZNSs15_M_replace_safeEyyPKcy
000000033a57aac0 t .text$_ZNSs18_S_construct_aux_2EycRKSaIcE
000000033a57aad0 t .text$_ZNSs2atEy
000000033a57ab10 t .text$_ZNSs3endEv
000000033a57ab40 t .text$_ZNSs4_Rep10_M_destroyERKSaIcE
000000033a57ab50 t .text$_ZNSs4_Rep10_M_disposeERKSaIcE
000000033a57ab70 t .text$_ZNSs4_Rep10_M_refcopyEv
000000033a57ab80 t .text$_ZNSs4_Rep10_M_refdataEv
000000033a57ab90 t .text$_ZNSs4_Rep12_S_empty_repEv
000000033a57aba0 t .text$_ZNSs4_Rep13_M_set_leakedEv
000000033a57abb0 t .text$_ZNSs4_Rep15_M_set_sharableEv
000000033a57abc0 t .text$_ZNSs4_Rep26_M_set_length_and_sharableEy
000000033a57abd0 t .text$_ZNSs4_Rep7_M_grabERKSaIcES2_
000000033a57abf0 t .text$_ZNSs4_Rep8_M_cloneERKSaIcEy
000000033a57ac60 t .text$_ZNSs4_Rep9_S_createEyyRKSaIcE
000000033a57ace0 t .text$_ZNSs4backEv
000000033a57ad10 t .text$_ZNSs4rendEv
000000033a57ad40 t .text$_ZNSs4swapERSs
000000033a57ad70 t .text$_ZNSs5beginEv
000000033a57ad90 t .text$_ZNSs5clearEv
000000033a57adb0 t .text$_ZNSs5eraseEN9__gnu_cxx17__normal_iteratorIPcSsEE
000000033a57adf0 t .text$_ZNSs5eraseEN9__gnu_cxx17__normal_iteratorIPcSsEES2_
000000033a57ae40 t .text$_ZNSs5eraseEyy
000000033a57ae90 t .text$_ZNSs5frontEv
000000033a57aeb0 t .text$_ZNSs6appendEPKc
000000033a57aee0 t .text$_ZNSs6appendEPKcy
000000033a57afc0 t .text$_ZNSs6appendERKSs
000000033a57b050 t .text$_ZNSs6appendERKSsyy
000000033a57b110 t .text$_ZNSs6appendESt16initializer_listIcE
000000033a57b120 t .text$_ZNSs6appendEyc
000000033a57b1d0 t .text$_ZNSs6assignEOSs
000000033a57b1f0 t .text$_ZNSs6assignEPKc
000000033a57b220 t .text$_ZNSs6assignEPKcy
000000033a57b300 t .text$_ZNSs6assignERKSs
000000033a57b390 t .text$_ZNSs6assignERKSsyy
000000033a57b3e0 t .text$_ZNSs6assignESt16initializer_listIcE
000000033a57b3f0 t .text$_ZNSs6assignEyc
000000033a57b430 t .text$_ZNSs6insertEN9__gnu_cxx17__normal_iteratorIPcSsEEc
000000033a57b420 t .text$_ZNSs6insertEN9__gnu_cxx17__normal_iteratorIPcSsEESt16initializer_listIcE
000000033a57b470 t .text$_ZNSs6insertEN9__gnu_cxx17__normal_iteratorIPcSsEEyc
000000033a57b4a0 t .text$_ZNSs6insertEyPKc
000000033a57b4d0 t .text$_ZNSs6insertEyPKcy
000000033a57b620 t .text$_ZNSs6insertEyRKSs
000000033a57b630 t .text$_ZNSs6insertEyRKSsyy
000000033a57b680 t .text$_ZNSs6insertEyyc
000000033a57b6d0 t .text$_ZNSs6rbeginEv
000000033a57b710 t .text$_ZNSs6resizeEy
000000033a57b720 t .text$_ZNSs6resizeEyc
000000033a57b790 t .text$_ZNSs7_M_copyEPcPKcy
000000033a57b7b0 t .text$_ZNSs7_M_dataEPc
000000033a57b7c0 t .text$_ZNSs7_M_leakEv
000000033a57b7e0 t .text$_ZNSs7_M_moveEPcPKcy
000000033a57b800 t .text$_ZNSs7replaceEN9__gnu_cxx17__normal_iteratorIPcSsEES2_NS0_IPKcSsEES5_
000000033a57b820 t .text$_ZNSs7replaceEN9__gnu_cxx17__normal_iteratorIPcSsEES2_PKc
000000033a57b870 t .text$_ZNSs7replaceEN9__gnu_cxx17__normal_iteratorIPcSsEES2_PKcS4_
000000033a57b890 t .text$_ZNSs7replaceEN9__gnu_cxx17__normal_iteratorIPcSsEES2_PKcy
000000033a57b8b0 t .text$_ZNSs7replaceEN9__gnu_cxx17__normal_iteratorIPcSsEES2_RKSs
000000033a57b8e0 t .text$_ZNSs7replaceEN9__gnu_cxx17__normal_iteratorIPcSsEES2_S1_S1_
000000033a57b900 t .text$_ZNSs7replaceEN9__gnu_cxx17__normal_iteratorIPcSsEES2_S2_S2_
000000033a57b920 t .text$_ZNSs7replaceEN9__gnu_cxx17__normal_iteratorIPcSsEES2_St16initializer_listIcE
000000033a57b950 t .text$_ZNSs7replaceEN9__gnu_cxx17__normal_iteratorIPcSsEES2_yc
000000033a57b970 t .text$_ZNSs7replaceEyyPKc
000000033a57b9b0 t .text$_ZNSs7replaceEyyPKcy
000000033a57bbc0 t .text$_ZNSs7replaceEyyRKSs
000000033a57bbe0 t .text$_ZNSs7replaceEyyRKSsyy
000000033a57bc40 t .text$_ZNSs7replaceEyyyc
000000033a57bc90 t .text$_ZNSs7reserveEv
000000033a57bd70 t .text$_ZNSs7reserveEy
000000033a57be00 t .text$_ZNSs8pop_backEv
000000033a57be40 t .text$_ZNSs9_M_assignEPcyc
000000033a57be70 t .text$_ZNSs9_M_mutateEyyy
000000033a57c010 t .text$_ZNSs9push_backEc
000000033a57c9d0 t .text$_ZNSsaSEc
000000033a57c950 t .text$_ZNSsaSEOSs
000000033a57c970 t .text$_ZNSsaSEPKc
000000033a57c9a0 t .text$_ZNSsaSERKSs
000000033a57c9b0 t .text$_ZNSsaSESt16initializer_listIcE
000000033a57c070 t .text$_ZNSsC1EOSs
000000033a57c0a0 t .text$_ZNSsC1EOSsRKSaIcE
000000033a57c0c0 t .text$_ZNSsC1EPKcRKSaIcE
000000033a57c110 t .text$_ZNSsC1EPKcyRKSaIcE
000000033a57c140 t .text$_ZNSsC1ERKSaIcE
000000033a57c160 t .text$_ZNSsC1ERKSs
000000033a57c1c0 t .text$_ZNSsC1ERKSsRKSaIcE
000000033a57c210 t .text$_ZNSsC1ERKSsyRKSaIcE
000000033a57c260 t .text$_ZNSsC1ERKSsyy
000000033a57c2f0 t .text$_ZNSsC1ERKSsyyRKSaIcE
000000033a57c350 t .text$_ZNSsC1ESt16initializer_listIcERKSaIcE
000000033a57c380 t .text$_ZNSsC1Ev
000000033a57c3c0 t .text$_ZNSsC1EycRKSaIcE
000000033a57c3f0 t .text$_ZNSsC1IN9__gnu_cxx17__normal_iteratorIPcSsEEEET_S4_RKSaIcE
000000033a57c450 t .text$_ZNSsC1IPcEET_S1_RKSaIcE
000000033a57c420 t .text$_ZNSsC1IPKcEET_S2_RKSaIcE
000000033a57c480 t .text$_ZNSsC2EOSs
000000033a57c4b0 t .text$_ZNSsC2EOSsRKSaIcE
000000033a57c4d0 t .text$_ZNSsC2EPKcRKSaIcE
000000033a57c520 t .text$_ZNSsC2EPKcyRKSaIcE
000000033a57c550 t .text$_ZNSsC2ERKSaIcE
000000033a57c570 t .text$_ZNSsC2ERKSs
000000033a57c5d0 t .text$_ZNSsC2ERKSsRKSaIcE
000000033a57c620 t .text$_ZNSsC2ERKSsyRKSaIcE
000000033a57c670 t .text$_ZNSsC2ERKSsyy
000000033a57c700 t .text$_ZNSsC2ERKSsyyRKSaIcE
000000033a57c760 t .text$_ZNSsC2ESt16initializer_listIcERKSaIcE
000000033a57c790 t .text$_ZNSsC2Ev
000000033a57c7d0 t .text$_ZNSsC2EycRKSaIcE
000000033a57c800 t .text$_ZNSsC2IN9__gnu_cxx17__normal_iteratorIPcSsEEEET_S4_RKSaIcE
000000033a57c860 t .text$_ZNSsC2IPcEET_S1_RKSaIcE
000000033a57c830 t .text$_ZNSsC2IPKcEET_S2_RKSaIcE
000000033a57c890 t .text$_ZNSsD1Ev
000000033a57c8f0 t .text$_ZNSsD2Ev
000000033a57ca00 t .text$_ZNSsixEy
000000033a57ca80 t .text$_ZNSspLEc
000000033a57ca30 t .text$_ZNSspLEPKc
000000033a57ca60 t .text$_ZNSspLERKSs
000000033a57ca70 t .text$_ZNSspLESt16initializer_listIcE
000000033a57cae0 t .text$_ZNSt10_HashtableIiiSaIiENSt8__detail9_IdentityESt8equal_toIiESt4hashIiENS1_18_Mod_range_hashingENS1_20_Default_ranged_hashENS1_20_Prime_rehash_policyENS1_17_Hashtable_traitsILb0ELb1ELb1EEEE21_M_deallocate_bucketsEPPNS1_15_Hash_node_baseEy
000000033a57cb30 t .text$_ZNSt10_HashtableIiiSaIiENSt8__detail9_IdentityESt8equal_toIiESt4hashIiENS1_18_Mod_range_hashingENS1_20_Default_ranged_hashENS1_20_Prime_rehash_policyENS1_17_Hashtable_traitsILb0ELb1ELb1EEEE21_M_deallocate_bucketsEv
000000033a57cb70 t .text$_ZNSt10_HashtableIiiSaIiENSt8__detail9_IdentityESt8equal_toIiESt4hashIiENS1_18_Mod_range_hashingENS1_20_Default_ranged_hashENS1_20_Prime_rehash_policyENS1_17_Hashtable_traitsILb0ELb1ELb1EEEE5clearEv
000000033a57cbe0 t .text$_ZNSt10_HashtableIiiSaIiENSt8__detail9_IdentityESt8equal_toIiESt4hashIiENS1_18_Mod_range_hashingENS1_20_Default_ranged_hashENS1_20_Prime_rehash_policyENS1_17_Hashtable_traitsILb0ELb1ELb1EEEEC1Ev
000000033a57cc70 t .text$_ZNSt10_HashtableIiiSaIiENSt8__detail9_IdentityESt8equal_toIiESt4hashIiENS1_18_Mod_range_hashingENS1_20_Default_ranged_hashENS1_20_Prime_rehash_policyENS1_17_Hashtable_traitsILb0ELb1ELb1EEEED1Ev
000000033a57ccb0 t .text$_ZNSt10_Head_baseILy0EOhLb0EE7_M_headERS1_
000000033a57ccd0 t .text$_ZNSt10_Head_baseILy0EOhLb0EEC2IhEEOT_
000000033a57cd00 t .text$_ZNSt10bad_typeidD0Ev
000000033a57cd30 t .text$_ZNSt10bad_typeidD2Ev
000000033a57cdc0 t .text$_ZNSt11__copy_moveILb0ELb0ESt26random_access_iterator_tagE12__assign_oneIiiEEvPT_PT0_
000000033a57cde0 t .text$_ZNSt11__copy_moveILb0ELb0ESt26random_access_iterator_tagE8__copy_mIPiS3_EET0_T_S5_S4_
000000033a57ce40 t .text$_ZNSt11__copy_moveILb0ELb1ESt26random_access_iterator_tagE8__copy_mIiiEEPT0_PT_S6_S4_
000000033a57cd40 t .text$_ZNSt11_Tuple_implILy0EJOhEE7_M_headERS1_
000000033a57cd60 t .text$_ZNSt11_Tuple_implILy0EJOhEEC2EOS1_
000000033a57cd80 t .text$_ZNSt11_Tuple_implILy0EJOhEEC2IhEEOT_
000000033a57ced0 t .text$_ZNSt11char_traitsIcE4copyEPcPKcy
000000033a57cf40 t .text$_ZNSt11char_traitsIcE6assignERcRKc
000000033a57cf80 t .text$_ZNSt11char_traitsIcE6lengthEPKc
000000033a57d2c0 t .text$_ZNSt11logic_erroraSEOS_
000000033a57d2e0 t .text$_ZNSt11logic_erroraSERKS_
000000033a57cfc0 t .text$_ZNSt11logic_errorC2EOS_
000000033a57d000 t .text$_ZNSt11logic_errorC2EPKc
000000033a57d090 t .text$_ZNSt11logic_errorC2ERKNSt7__cxx1112basic_stringIcSt11char_traitsIcESaIcEEE
000000033a57d0e0 t .text$_ZNSt11logic_errorC2ERKS_
000000033a57d150 t .text$_ZNSt11logic_errorC2ERKSs
000000033a57d1e0 t .text$_ZNSt11logic_errorD0Ev
000000033a57d250 t .text$_ZNSt11logic_errorD2Ev
000000033a57d300 t .text$_ZNSt11range_errorC2EPKc
000000033a57d3a0 t .text$_ZNSt11range_errorC2ERKNSt7__cxx1112basic_stringIcSt11char_traitsIcESaIcEEE
000000033a57d400 t .text$_ZNSt11range_errorC2ERKSs
000000033a57d420 t .text$_ZNSt11range_errorD0Ev
000000033a57d490 t .text$_ZNSt11range_errorD2Ev
000000033a57de70 t .text$_ZNSt12__cow_stringaSEOS_
000000033a57de90 t .text$_ZNSt12__cow_stringaSERKS_
000000033a57dc10 t .text$_ZNSt12__cow_stringC2EOS_
000000033a57dc40 t .text$_ZNSt12__cow_stringC2EPKcy
000000033a57dd00 t .text$_ZNSt12__cow_stringC2ERKNSt7__cxx1112basic_stringIcSt11char_traitsIcESaIcEEE
000000033a57dd10 t .text$_ZNSt12__cow_stringC2ERKS_
000000033a57dd70 t .text$_ZNSt12__cow_stringC2ERKSs
000000033a57ddd0 t .text$_ZNSt12__cow_stringC2Ev
000000033a57de10 t .text$_ZNSt12__cow_stringD2Ev
000000033a57e230 t .text$_ZNSt12__sso_stringaSEOS_
000000033a57e310 t .text$_ZNSt12__sso_stringaSERKS_
000000033a57deb0 t .text$_ZNSt12__sso_stringC2EOS_
000000033a57dfb0 t .text$_ZNSt12__sso_stringC2EPKcy
000000033a57e080 t .text$_ZNSt12__sso_stringC2ERKNSt7__cxx1112basic_stringIcSt11char_traitsIcESaIcEEE
000000033a57e130 t .text$_ZNSt12__sso_stringC2ERKS_
000000033a57e1e0 t .text$_ZNSt12__sso_stringC2ERKSs
000000033a57e1f0 t .text$_ZNSt12__sso_stringC2Ev
000000033a57e210 t .text$_ZNSt12__sso_stringD2Ev
000000033a57d500 t .text$_ZNSt12_Destroy_auxILb0EE9__destroyIPiEEvT_S3_
000000033a57d540 t .text$_ZNSt12_Destroy_auxILb1EE9__destroyIPiEEvT_S3_
000000033a57d550 t .text$_ZNSt12_GLOBAL__N_112__x86_rdrandEPv
000000033a57d5c0 t .text$_ZNSt12_GLOBAL__N_112__x86_rdseedEPv
000000033a57d650 t .text$_ZNSt12_GLOBAL__N_114__winxp_rand_sEPv
000000033a57d6b0 t .text$_ZNSt12_GLOBAL__N_119__x86_rdseed_rdrandEPv
000000033a57d860 t .text$_ZNSt12_Vector_baseIhSaIhEE11_M_allocateEy
000000033a57d8f0 t .text$_ZNSt12_Vector_baseIhSaIhEE12_Vector_implC1EvQ26is_default_constructible_vIN9__gnu_cxx14__alloc_traitsIT0_NS5_10value_typeEE6rebindIT_E5otherEE
000000033a57d930 t .text$_ZNSt12_Vector_baseIhSaIhEE17_Vector_impl_dataC2Ev
000000033a57d960 t .text$_ZNSt12_Vector_baseIhSaIhEE19_M_get_Tp_allocatorEv
000000033a57d970 t .text$_ZNSt12_Vector_baseIhSaIhEEC2Ev
000000033a57d990 t .text$_ZNSt12_Vector_baseIiSaIiEE11_M_allocateEy
000000033a57da40 t .text$_ZNSt12_Vector_baseIiSaIiEE12_Vector_implC1ERKS0_
000000033a57da90 t .text$_ZNSt12_Vector_baseIiSaIiEE12_Vector_implD1Ev
000000033a57dab0 t .text$_ZNSt12_Vector_baseIiSaIiEE13_M_deallocateEPiy
000000033a57db40 t .text$_ZNSt12_Vector_baseIiSaIiEE17_Vector_impl_dataC2Ev
000000033a57db70 t .text$_ZNSt12_Vector_baseIiSaIiEE19_M_get_Tp_allocatorEv
000000033a57db80 t .text$_ZNSt12_Vector_baseIiSaIiEEC2ERKS0_
000000033a57dbb0 t .text$_ZNSt12_Vector_baseIiSaIiEED2Ev
000000033a57d710 t .text$_ZNSt12_Vector_baseIP4dataSaIS1_EE11_M_allocateEy
000000033a57d7c0 t .text$_ZNSt12_Vector_baseIP4dataSaIS1_EE12_Vector_implC1EvQ26is_default_constructible_vIN9__gnu_cxx14__alloc_traitsIT0_NS7_10value_typeEE6rebindIT_E5otherEE
000000033a57d800 t .text$_ZNSt12_Vector_baseIP4dataSaIS1_EE17_Vector_impl_dataC2Ev
000000033a57d830 t .text$_ZNSt12_Vector_baseIP4dataSaIS1_EE19_M_get_Tp_allocatorEv
000000033a57d840 t .text$_ZNSt12_Vector_baseIP4dataSaIS1_EEC2Ev
000000033a57e330 t .text$_ZNSt12domain_errorC2EPKc
000000033a57e3d0 t .text$_ZNSt12domain_errorC2ERKNSt7__cxx1112basic_stringIcSt11char_traitsIcESaIcEEE
000000033a57e430 t .text$_ZNSt12domain_errorC2ERKSs
000000033a57e450 t .text$_ZNSt12domain_errorD0Ev
000000033a57e4c0 t .text$_ZNSt12domain_errorD2Ev
000000033a57e530 t .text$_ZNSt12length_errorC2EPKc
000000033a57e5d0 t .text$_ZNSt12length_errorC2ERKNSt7__cxx1112basic_stringIcSt11char_traitsIcESaIcEEE
000000033a57e630 t .text$_ZNSt12length_errorC2ERKSs
000000033a57e650 t .text$_ZNSt12length_errorD0Ev
000000033a57e6c0 t .text$_ZNSt12length_errorD2Ev
000000033a57e730 t .text$_ZNSt12out_of_rangeC2EPKc
000000033a57e7d0 t .text$_ZNSt12out_of_rangeC2ERKNSt7__cxx1112basic_stringIcSt11char_traitsIcESaIcEEE
000000033a57e830 t .text$_ZNSt12out_of_rangeC2ERKSs
000000033a57e850 t .text$_ZNSt12out_of_rangeD0Ev
000000033a57e8c0 t .text$_ZNSt12out_of_rangeD2Ev
000000033a57e930 t .text$_ZNSt12system_errorC1ESt10error_codePKc
000000033a57ec20 t .text$_ZNSt12system_errorD0Ev
000000033a57ec50 t .text$_ZNSt12system_errorD2Ev
000000033a57ec60 t .text$_ZNSt13_Rb_tree_nodeISt4pairIKhiEE9_M_valptrEv
000000033a57ec90 t .text$_ZNSt13bad_exceptionD0Ev
000000033a57eca0 t .text$_ZNSt13bad_exceptionD2Ev
000000033a57ecb0 t .text$_ZNSt13random_device14_M_init_pretr1ERKNSt7__cxx1112basic_stringIcSt11char_traitsIcESaIcEEE
000000033a57eda0 t .text$_ZNSt13random_device14_M_init_pretr1ERKSs
000000033a57edb0 t .text$_ZNSt13random_device16_M_getval_pretr1Ev
000000033a57edc0 t .text$_ZNSt13random_device7_M_finiEv
000000033a57edd0 t .text$_ZNSt13random_device7_M_initEPKcy
000000033a57ee80 t .text$_ZNSt13random_device7_M_initERKNSt7__cxx1112basic_stringIcSt11char_traitsIcESaIcEEE
000000033a57f0c0 t .text$_ZNSt13random_device7_M_initERKSs
000000033a57f0d0 t .text$_ZNSt13random_device9_M_getvalEv
000000033a57f1c0 t .text$_ZNSt13random_deviceC1Ev
000000033a57f260 t .text$_ZNSt13random_deviceclEv
000000033a57f240 t .text$_ZNSt13random_deviceD1Ev
000000033a57f580 t .text$_ZNSt13runtime_erroraSEOS_
000000033a57f5a0 t .text$_ZNSt13runtime_erroraSERKS_
000000033a57f280 t .text$_ZNSt13runtime_errorC2EOS_
000000033a57f2c0 t .text$_ZNSt13runtime_errorC2EPKc
000000033a57f350 t .text$_ZNSt13runtime_errorC2ERKNSt7__cxx1112basic_stringIcSt11char_traitsIcESaIcEEE
000000033a57f3a0 t .text$_ZNSt13runtime_errorC2ERKS_
000000033a57f410 t .text$_ZNSt13runtime_errorC2ERKSs
000000033a57f4a0 t .text$_ZNSt13runtime_errorD0Ev
000000033a57f510 t .text$_ZNSt13runtime_errorD2Ev
000000033a57f5c0 t .text$_ZNSt13unordered_setIiSt4hashIiESt8equal_toIiESaIiEEC1Ev
000000033a57f5e0 t .text$_ZNSt13unordered_setIiSt4hashIiESt8equal_toIiESaIiEED1Ev
000000033a57f600 t .text$_ZNSt14overflow_errorC2EPKc
000000033a57f6a0 t .text$_ZNSt14overflow_errorC2ERKNSt7__cxx1112basic_stringIcSt11char_traitsIcESaIcEEE
000000033a57f700 t .text$_ZNSt14overflow_errorC2ERKSs
000000033a57f720 t .text$_ZNSt14overflow_errorD0Ev
000000033a57f790 t .text$_ZNSt14overflow_errorD2Ev
000000033a57fa60 t .text$_ZNSt15__new_allocatorIcE10deallocateEPcy
000000033a57fa90 t .text$_ZNSt15__new_allocatorIcE8allocateEyPKv
000000033a57faf0 t .text$_ZNSt15__new_allocatorIhE10deallocateEPhy
000000033a57fb20 t .text$_ZNSt15__new_allocatorIhE8allocateEyPKv
000000033a57fb80 t .text$_ZNSt15__new_allocatorIiE10deallocateEPiy
000000033a57fbc0 t .text$_ZNSt15__new_allocatorIiE8allocateEyPKv
000000033a57f870 t .text$_ZNSt15__new_allocatorINSt8__detail10_Hash_nodeIiLb0EEEE10deallocateEPS2_y
000000033a57f8b0 t .text$_ZNSt15__new_allocatorIP4dataE10deallocateEPS1_y
000000033a57f8f0 t .text$_ZNSt15__new_allocatorIP4dataE8allocateEyPKv
000000033a57f960 t .text$_ZNSt15__new_allocatorIPNSt8__detail15_Hash_node_baseEE10deallocateEPS2_y
000000033a57f9a0 t .text$_ZNSt15__new_allocatorISt13_Rb_tree_nodeISt4pairIKhiEEE10deallocateEPS4_y
000000033a57f9e0 t .text$_ZNSt15__new_allocatorISt13_Rb_tree_nodeISt4pairIKhiEEE8allocateEyPKv
000000033a57f800 t .text$_ZNSt15_Rb_tree_header8_M_resetEv
000000033a57f840 t .text$_ZNSt15_Rb_tree_headerC2Ev
000000033a57fc30 t .text$_ZNSt15underflow_errorC2EPKc
000000033a57fcd0 t .text$_ZNSt15underflow_errorC2ERKNSt7__cxx1112basic_stringIcSt11char_traitsIcESaIcEEE
000000033a57fd30 t .text$_ZNSt15underflow_errorC2ERKSs
000000033a57fd50 t .text$_ZNSt15underflow_errorD0Ev
000000033a57fdc0 t .text$_ZNSt15underflow_errorD2Ev
000000033a57fe30 t .text$_ZNSt16invalid_argumentC2EPKc
000000033a57fed0 t .text$_ZNSt16invalid_argumentC2ERKNSt7__cxx1112basic_stringIcSt11char_traitsIcESaIcEEE
000000033a57ff30 t .text$_ZNSt16invalid_argumentC2ERKSs
000000033a57ff50 t .text$_ZNSt16invalid_argumentD0Ev
000000033a57ffc0 t .text$_ZNSt16invalid_argumentD2Ev
000000033a580030 t .text$_ZNSt17_Rb_tree_iteratorISt4pairIKhiEEC1EPSt18_Rb_tree_node_base
000000033a580050 t .text$_ZNSt17_Rb_tree_iteratorISt4pairIKhiEEmmEv
000000033a580080 t .text$_ZNSt17_Rb_tree_iteratorISt4pairIKhiEEppEv
000000033a580110 t .text$_ZNSt19__ptr_traits_ptr_toIPccLb0EE10pointer_toERc
000000033a5800b0 t .text$_ZNSt19__ptr_traits_ptr_toIPKcS0_Lb0EE10pointer_toERS0_
000000033a5800d0 t .text$_ZNSt19__ptr_traits_ptr_toIPNSt8__detail10_Hash_nodeIiLb0EEES2_Lb0EE10pointer_toERS2_
000000033a5800f0 t .text$_ZNSt19__ptr_traits_ptr_toIPPNSt8__detail15_Hash_node_baseES2_Lb0EE10pointer_toERS2_
000000033a580140 t .text$_ZNSt20__uninitialized_copyILb1EE13__uninit_copyIN9__gnu_cxx17__normal_iteratorIPiSt6vectorIiSaIiEEEES4_EET0_T_SA_S9_
000000033a580130 t .text$_ZNSt20_Rb_tree_key_compareISt4lessIhEEC2Ev
000000033a580180 t .text$_ZNSt20bad_array_new_lengthD0Ev
000000033a5801b0 t .text$_ZNSt20bad_array_new_lengthD2Ev
000000033a5801c0 t .text$_ZNSt23_Rb_tree_const_iteratorISt4pairIKhiEEC1ERKSt17_Rb_tree_iteratorIS2_E
000000033a5801e0 t .text$_ZNSt23mersenne_twister_engineIjLy32ELy624ELy397ELy31ELj2567483615ELy11ELj4294967295ELy7ELj2636928640ELy15ELj4022730752ELy18ELj1812433253EE11_M_gen_randEv
000000033a580370 t .text$_ZNSt23mersenne_twister_engineIjLy32ELy624ELy397ELy31ELj2567483615ELy11ELj4294967295ELy7ELj2636928640ELy15ELj4022730752ELy18ELj1812433253EE4seedEj
000000033a580410 t .text$_ZNSt23mersenne_twister_engineIjLy32ELy624ELy397ELy31ELj2567483615ELy11ELj4294967295ELy7ELj2636928640ELy15ELj4022730752ELy18ELj1812433253EEC1Ej
000000033a580440 t .text$_ZNSt23mersenne_twister_engineIjLy32ELy624ELy397ELy31ELj2567483615ELy11ELj4294967295ELy7ELj2636928640ELy15ELj4022730752ELy18ELj1812433253EEclEv
000000033a5804d0 t .text$_ZNSt24uniform_int_distributionIyE10param_typeC1Eyy
000000033a580520 t .text$_ZNSt24uniform_int_distributionIyE5_S_ndIySt23mersenne_twister_engineIjLy32ELy624ELy397ELy31ELj2567483615ELy11ELj4294967295ELy7ELj2636928640ELy15ELj4022730752ELy18ELj1812433253EEjEET1_RT0_S4_
000000033a5805a0 t .text$_ZNSt24uniform_int_distributionIyEC1Ev
000000033a5805d0 t .text$_ZNSt24uniform_int_distributionIyEC1Eyy
000000033a580610 t .text$_ZNSt24uniform_int_distributionIyEclISt23mersenne_twister_engineIjLy32ELy624ELy397ELy31ELj2567483615ELy11ELj4294967295ELy7ELj2636928640ELy15ELj4022730752ELy18ELj1812433253EEEEyRT_
000000033a580640 t .text$_ZNSt24uniform_int_distributionIyEclISt23mersenne_twister_engineIjLy32ELy624ELy397ELy31ELj2567483615ELy11ELj4294967295ELy7ELj2636928640ELy15ELj4022730752ELy18ELj1812433253EEEEyRT_RKNS0_10param_typeE
000000033a580790 t .text$_ZNSt3_V214error_categoryD0Ev
000000033a5807a0 t .text$_ZNSt3_V214error_categoryD2Ev
000000033a5807b0 t .text$_ZNSt3_V215system_categoryEv
000000033a5807c0 t .text$_ZNSt3_V216generic_categoryEv
000000033a5807d0 t .text$_ZNSt3mapIhiSt4lessIhESaISt4pairIKhiEEE11lower_boundERS3_
000000033a580800 t .text$_ZNSt3mapIhiSt4lessIhESaISt4pairIKhiEEE3endEv
000000033a580820 t .text$_ZNSt3mapIhiSt4lessIhESaISt4pairIKhiEEE4findERS3_
000000033a580850 t .text$_ZNSt3mapIhiSt4lessIhESaISt4pairIKhiEEEC1Ev
000000033a580870 t .text$_ZNSt3mapIhiSt4lessIhESaISt4pairIKhiEEED1Ev
000000033a580890 t .text$_ZNSt3mapIhiSt4lessIhESaISt4pairIKhiEEEixEOh
000000033a580990 t .text$_ZNSt4pairIKhiEC1IJOhEJEEESt21piecewise_construct_tSt5tupleIJDpT_EES5_IJDpT0_EE
000000033a5809c0 t .text$_ZNSt4pairIKhiEC1IJOhEJLy0EEJEJEEERSt5tupleIJDpT_EERS4_IJDpT1_EESt12_Index_tupleIJXspT0_EEESD_IJXspT2_EEE
000000033a580a10 t .text$_ZNSt4pairIPSt18_Rb_tree_node_baseS1_EC1ERKS1_S4_Qcl16_S_constructibleIRKT_RKT0_EE
000000033a580a40 t .text$_ZNSt4pairIPSt18_Rb_tree_node_baseS1_EC1IRPSt13_Rb_tree_nodeIS_IKhiEERS1_EEOT_OT0_
000000033a580a90 t .text$_ZNSt4pairIPSt18_Rb_tree_node_baseS1_EC1IRS1_S4_EEOT_OT0_
000000033a580ae0 t .text$_ZNSt4pairIyyEC1IyyEEOT_OT0_
000000033a580b30 t .text$_ZNSt5tupleIJOhEEC1EOS1_
000000033a580b60 t .text$_ZNSt5tupleIJOhEEC1IJhEEEDpOT_
000000033a580f50 t .text$_ZNSt6vectorIhSaIhEE11_S_max_sizeERKS0_
000000033a580f90 t .text$_ZNSt6vectorIhSaIhEE11_S_relocateEPhS2_S2_RS0_
000000033a580fd0 t .text$_ZNSt6vectorIhSaIhEE17_M_realloc_appendIJRKhEEEvDpOT_
000000033a581170 t .text$_ZNSt6vectorIhSaIhEE3endEv
000000033a5811a0 t .text$_ZNSt6vectorIhSaIhEE5beginEv
000000033a5811d0 t .text$_ZNSt6vectorIhSaIhEE9push_backERKh
000000033a581260 t .text$_ZNSt6vectorIhSaIhEEC1Ev
000000033a581280 t .text$_ZNSt6vectorIiSaIiEE11_S_max_sizeERKS0_
000000033a5812d0 t .text$_ZNSt6vectorIiSaIiEE11_S_relocateEPiS2_S2_RS0_
000000033a581310 t .text$_ZNSt6vectorIiSaIiEE17_M_realloc_appendIJRKiEEEvDpOT_
000000033a5814c0 t .text$_ZNSt6vectorIiSaIiEE17_S_check_init_lenEyRKS0_
000000033a581520 t .text$_ZNSt6vectorIiSaIiEE19_M_range_initializeIN9__gnu_cxx17__normal_iteratorIPiS1_EEEEvT_S7_St20forward_iterator_tag
000000033a581600 t .text$_ZNSt6vectorIiSaIiEE3endEv
000000033a581630 t .text$_ZNSt6vectorIiSaIiEE5beginEv
000000033a581660 t .text$_ZNSt6vectorIiSaIiEE9push_backERKi
000000033a5816f0 t .text$_ZNSt6vectorIiSaIiEEC1IN9__gnu_cxx17__normal_iteratorIPiS1_EEvEET_S7_RKS0_
000000033a581760 t .text$_ZNSt6vectorIiSaIiEED1Ev
000000033a580ba0 t .text$_ZNSt6vectorIP4dataSaIS1_EE11_S_max_sizeERKS2_
000000033a580bf0 t .text$_ZNSt6vectorIP4dataSaIS1_EE11_S_relocateEPS1_S4_S4_RS2_
000000033a580c30 t .text$_ZNSt6vectorIP4dataSaIS1_EE17_M_realloc_appendIJRKS1_EEEvDpOT_
000000033a580de0 t .text$_ZNSt6vectorIP4dataSaIS1_EE2atEy
000000033a580e20 t .text$_ZNSt6vectorIP4dataSaIS1_EE3endEv
000000033a580e50 t .text$_ZNSt6vectorIP4dataSaIS1_EE5beginEv
000000033a580e80 t .text$_ZNSt6vectorIP4dataSaIS1_EE9push_backERKS1_
000000033a580f10 t .text$_ZNSt6vectorIP4dataSaIS1_EEC1Ev
000000033a580f30 t .text$_ZNSt6vectorIP4dataSaIS1_EEixEy
000000033a5817c0 t .text$_ZNSt7__cxx1112basic_stringIcSt11char_traitsIcESaIcEE10_M_destroyEy
000000033a581860 t .text$_ZNSt7__cxx1112basic_stringIcSt11char_traitsIcESaIcEE10_M_disposeEv
000000033a5818a0 t .text$_ZNSt7__cxx1112basic_stringIcSt11char_traitsIcESaIcEE10_M_replaceEyyPKcy
000000033a5819e0 t .text$_ZNSt7__cxx1112basic_stringIcSt11char_traitsIcESaIcEE10_S_compareEyy
000000033a581a10 t .text$_ZNSt7__cxx1112basic_stringIcSt11char_traitsIcESaIcEE11_M_capacityEy
000000033a581a30 t .text$_ZNSt7__cxx1112basic_stringIcSt11char_traitsIcESaIcEE11_S_allocateERS3_y
000000033a581ac0 t .text$_ZNSt7__cxx1112basic_stringIcSt11char_traitsIcESaIcEE12_Alloc_hiderC1EPcOS3_
000000033a581ad0 t .text$_ZNSt7__cxx1112basic_stringIcSt11char_traitsIcESaIcEE12_Alloc_hiderC1EPcRKS3_
000000033a581b20 t .text$_ZNSt7__cxx1112basic_stringIcSt11char_traitsIcESaIcEE12_Alloc_hiderC2EPcOS3_
000000033a581b30 t .text$_ZNSt7__cxx1112basic_stringIcSt11char_traitsIcESaIcEE12_Alloc_hiderC2EPcRKS3_
000000033a581b40 t .text$_ZNSt7__cxx1112basic_stringIcSt11char_traitsIcESaIcEE12_Alloc_hiderD1Ev
000000033a581b60 t .text$_ZNSt7__cxx1112basic_stringIcSt11char_traitsIcESaIcEE12_M_constructEyc
000000033a581ca0 t .text$_ZNSt7__cxx1112basic_stringIcSt11char_traitsIcESaIcEE12_M_constructIN9__gnu_cxx17__normal_iteratorIPcS4_EEEEvT_SA_St20forward_iterator_tag
000000033a581bf0 t .text$_ZNSt7__cxx1112basic_stringIcSt11char_traitsIcESaIcEE12_M_constructIN9__gnu_cxx17__normal_iteratorIPKcS4_EEEEvT_SB_St20forward_iterator_tag
000000033a581fd0 t .text$_ZNSt7__cxx1112basic_stringIcSt11char_traitsIcESaIcEE12_M_constructIPcEEvT_S7_St20forward_iterator_tag
000000033a581d50 t .text$_ZNSt7__cxx1112basic_stringIcSt11char_traitsIcESaIcEE12_M_constructIPKcEEvT_S8_St20forward_iterator_tag
000000033a581e70 t .text$_ZNSt7__cxx1112basic_stringIcSt11char_traitsIcESaIcEE12_M_constructIPKcEEvT_S8_St20forward_iterator_tag.isra.0
000000033a581f20 t .text$_ZNSt7__cxx1112basic_stringIcSt11char_traitsIcESaIcEE12_M_constructIPKcEEvT_S8_St20forward_iterator_tag.isra.0
000000033a582080 t .text$_ZNSt7__cxx1112basic_stringIcSt11char_traitsIcESaIcEE13_M_local_dataEv
000000033a5820b0 t .text$_ZNSt7__cxx1112basic_stringIcSt11char_traitsIcESaIcEE13_M_set_lengthEy
000000033a582100 t .text$_ZNSt7__cxx1112basic_stringIcSt11char_traitsIcESaIcEE13_S_copy_charsEPcN9__gnu_cxx17__normal_iteratorIPKcS4_EESA_
000000033a582120 t .text$_ZNSt7__cxx1112basic_stringIcSt11char_traitsIcESaIcEE13_S_copy_charsEPcN9__gnu_cxx17__normal_iteratorIS5_S4_EES8_
000000033a582140 t .text$_ZNSt7__cxx1112basic_stringIcSt11char_traitsIcESaIcEE13_S_copy_charsEPcPKcS7_
000000033a582180 t .text$_ZNSt7__cxx1112basic_stringIcSt11char_traitsIcESaIcEE13_S_copy_charsEPcS5_S5_
000000033a5821a0 t .text$_ZNSt7__cxx1112basic_stringIcSt11char_traitsIcESaIcEE13shrink_to_fitEv
000000033a5821b0 t .text$_ZNSt7__cxx1112basic_stringIcSt11char_traitsIcESaIcEE14_M_replace_auxEyyyc
000000033a5822d0 t .text$_ZNSt7__cxx1112basic_stringIcSt11char_traitsIcESaIcEE15_M_replace_coldEPcyPKcyy
000000033a5823f0 t .text$_ZNSt7__cxx1112basic_stringIcSt11char_traitsIcESaIcEE16_M_get_allocatorEv
000000033a582400 t .text$_ZNSt7__cxx1112basic_stringIcSt11char_traitsIcESaIcEE17_M_init_local_bufEv
000000033a582410 t .text$_ZNSt7__cxx1112basic_stringIcSt11char_traitsIcESaIcEE17_M_use_local_dataEv
000000033a582420 t .text$_ZNSt7__cxx1112basic_stringIcSt11char_traitsIcESaIcEE18_M_construct_aux_2Eyc
000000033a582430 t .text$_ZNSt7__cxx1112basic_stringIcSt11char_traitsIcESaIcEE2atEy
000000033a582460 t .text$_ZNSt7__cxx1112basic_stringIcSt11char_traitsIcESaIcEE3endEv
000000033a582470 t .text$_ZNSt7__cxx1112basic_stringIcSt11char_traitsIcESaIcEE4backEv
000000033a582480 t .text$_ZNSt7__cxx1112basic_stringIcSt11char_traitsIcESaIcEE4rendEv
000000033a582490 t .text$_ZNSt7__cxx1112basic_stringIcSt11char_traitsIcESaIcEE4swapERS4_
000000033a582a80 t .text$_ZNSt7__cxx1112basic_stringIcSt11char_traitsIcESaIcEE5beginEv
000000033a582a90 t .text$_ZNSt7__cxx1112basic_stringIcSt11char_traitsIcESaIcEE5clearEv
000000033a582aa0 t .text$_ZNSt7__cxx1112basic_stringIcSt11char_traitsIcESaIcEE5eraseEN9__gnu_cxx17__normal_iteratorIPKcS4_EE
000000033a582ad0 t .text$_ZNSt7__cxx1112basic_stringIcSt11char_traitsIcESaIcEE5eraseEN9__gnu_cxx17__normal_iteratorIPKcS4_EES9_
000000033a582b30 t .text$_ZNSt7__cxx1112basic_stringIcSt11char_traitsIcESaIcEE5eraseEyy
000000033a582ba0 t .text$_ZNSt7__cxx1112basic_stringIcSt11char_traitsIcESaIcEE5frontEv
000000033a582bb0 t .text$_ZNSt7__cxx1112basic_stringIcSt11char_traitsIcESaIcEE6appendEPKc
000000033a582c00 t .text$_ZNSt7__cxx1112basic_stringIcSt11char_traitsIcESaIcEE6appendEPKcy
000000033a582c30 t .text$_ZNSt7__cxx1112basic_stringIcSt11char_traitsIcESaIcEE6appendERKS4_
000000033a582c70 t .text$_ZNSt7__cxx1112basic_stringIcSt11char_traitsIcESaIcEE6appendERKS4_yy
000000033a582ce0 t .text$_ZNSt7__cxx1112basic_stringIcSt11char_traitsIcESaIcEE6appendESt16initializer_listIcE
000000033a582d20 t .text$_ZNSt7__cxx1112basic_stringIcSt11char_traitsIcESaIcEE6appendEyc
000000033a582d50 t .text$_ZNSt7__cxx1112basic_stringIcSt11char_traitsIcESaIcEE6assignEOS4_
000000033a582e30 t .text$_ZNSt7__cxx1112basic_stringIcSt11char_traitsIcESaIcEE6assignEPKc
000000033a582e70 t .text$_ZNSt7__cxx1112basic_stringIcSt11char_traitsIcESaIcEE6assignEPKcy
000000033a582e90 t .text$_ZNSt7__cxx1112basic_stringIcSt11char_traitsIcESaIcEE6assignERKS4_
000000033a582eb0 t .text$_ZNSt7__cxx1112basic_stringIcSt11char_traitsIcESaIcEE6assignERKS4_yy
000000033a582f00 t .text$_ZNSt7__cxx1112basic_stringIcSt11char_traitsIcESaIcEE6assignESt16initializer_listIcE
000000033a5830c0 t .text$_ZNSt7__cxx1112basic_stringIcSt11char_traitsIcESaIcEE6assignEyc
000000033a5831c0 t .text$_ZNSt7__cxx1112basic_stringIcSt11char_traitsIcESaIcEE6insertEN9__gnu_cxx17__normal_iteratorIPcS4_EESt16initializer_listIcE
000000033a583140 t .text$_ZNSt7__cxx1112basic_stringIcSt11char_traitsIcESaIcEE6insertEN9__gnu_cxx17__normal_iteratorIPKcS4_EEc
000000033a5830e0 t .text$_ZNSt7__cxx1112basic_stringIcSt11char_traitsIcESaIcEE6insertEN9__gnu_cxx17__normal_iteratorIPKcS4_EESt16initializer_listIcE
000000033a583180 t .text$_ZNSt7__cxx1112basic_stringIcSt11char_traitsIcESaIcEE6insertEN9__gnu_cxx17__normal_iteratorIPKcS4_EEyc
000000033a583210 t .text$_ZNSt7__cxx1112basic_stringIcSt11char_traitsIcESaIcEE6insertEyPKc
000000033a583270 t .text$_ZNSt7__cxx1112basic_stringIcSt11char_traitsIcESaIcEE6insertEyPKcy
000000033a5832b0 t .text$_ZNSt7__cxx1112basic_stringIcSt11char_traitsIcESaIcEE6insertEyRKS4_
000000033a5832f0 t .text$_ZNSt7__cxx1112basic_stringIcSt11char_traitsIcESaIcEE6insertEyRKS4_yy
000000033a583370 t .text$_ZNSt7__cxx1112basic_stringIcSt11char_traitsIcESaIcEE6insertEyyc
000000033a5833b0 t .text$_ZNSt7__cxx1112basic_stringIcSt11char_traitsIcESaIcEE6rbeginEv
000000033a5833c0 t .text$_ZNSt7__cxx1112basic_stringIcSt11char_traitsIcESaIcEE6resizeEy
000000033a5833d0 t .text$_ZNSt7__cxx1112basic_stringIcSt11char_traitsIcESaIcEE6resizeEyc
000000033a583420 t .text$_ZNSt7__cxx1112basic_stringIcSt11char_traitsIcESaIcEE7_M_dataEPc
000000033a583440 t .text$_ZNSt7__cxx1112basic_stringIcSt11char_traitsIcESaIcEE7_S_copyEPcPKcy
000000033a583490 t .text$_ZNSt7__cxx1112basic_stringIcSt11char_traitsIcESaIcEE7_S_moveEPcPKcy
000000033a5834b0 t .text$_ZNSt7__cxx1112basic_stringIcSt11char_traitsIcESaIcEE7replaceEN9__gnu_cxx17__normal_iteratorIPKcS4_EES9_NS6_IPcS4_EESB_
000000033a583510 t .text$_ZNSt7__cxx1112basic_stringIcSt11char_traitsIcESaIcEE7replaceEN9__gnu_cxx17__normal_iteratorIPKcS4_EES9_PcSA_
000000033a583570 t .text$_ZNSt7__cxx1112basic_stringIcSt11char_traitsIcESaIcEE7replaceEN9__gnu_cxx17__normal_iteratorIPKcS4_EES9_RKS4_
000000033a5835d0 t .text$_ZNSt7__cxx1112basic_stringIcSt11char_traitsIcESaIcEE7replaceEN9__gnu_cxx17__normal_iteratorIPKcS4_EES9_S8_
000000033a583640 t .text$_ZNSt7__cxx1112basic_stringIcSt11char_traitsIcESaIcEE7replaceEN9__gnu_cxx17__normal_iteratorIPKcS4_EES9_S8_S8_
000000033a5836a0 t .text$_ZNSt7__cxx1112basic_stringIcSt11char_traitsIcESaIcEE7replaceEN9__gnu_cxx17__normal_iteratorIPKcS4_EES9_S8_y
000000033a5836f0 t .text$_ZNSt7__cxx1112basic_stringIcSt11char_traitsIcESaIcEE7replaceEN9__gnu_cxx17__normal_iteratorIPKcS4_EES9_S9_S9_
000000033a583750 t .text$_ZNSt7__cxx1112basic_stringIcSt11char_traitsIcESaIcEE7replaceEN9__gnu_cxx17__normal_iteratorIPKcS4_EES9_St16initializer_listIcE
000000033a5837b0 t .text$_ZNSt7__cxx1112basic_stringIcSt11char_traitsIcESaIcEE7replaceEN9__gnu_cxx17__normal_iteratorIPKcS4_EES9_yc
000000033a5837d0 t .text$_ZNSt7__cxx1112basic_stringIcSt11char_traitsIcESaIcEE7replaceEyyPKc
000000033a583840 t .text$_ZNSt7__cxx1112basic_stringIcSt11char_traitsIcESaIcEE7replaceEyyPKcy
000000033a583890 t .text$_ZNSt7__cxx1112basic_stringIcSt11char_traitsIcESaIcEE7replaceEyyRKS4_
000000033a5838e0 t .text$_ZNSt7__cxx1112basic_stringIcSt11char_traitsIcESaIcEE7replaceEyyRKS4_yy
000000033a583970 t .text$_ZNSt7__cxx1112basic_stringIcSt11char_traitsIcESaIcEE7replaceEyyyc
000000033a5839c0 t .text$_ZNSt7__cxx1112basic_stringIcSt11char_traitsIcESaIcEE7reserveEv
000000033a583b60 t .text$_ZNSt7__cxx1112basic_stringIcSt11char_traitsIcESaIcEE7reserveEy
000000033a583c00 t .text$_ZNSt7__cxx1112basic_stringIcSt11char_traitsIcESaIcEE8_M_eraseEyy
000000033a583c70 t .text$_ZNSt7__cxx1112basic_stringIcSt11char_traitsIcESaIcEE8pop_backEv
000000033a583c90 t .text$_ZNSt7__cxx1112basic_stringIcSt11char_traitsIcESaIcEE9_M_appendEPKcy
000000033a583d20 t .text$_ZNSt7__cxx1112basic_stringIcSt11char_traitsIcESaIcEE9_M_assignERKS4_
000000033a583e10 t .text$_ZNSt7__cxx1112basic_stringIcSt11char_traitsIcESaIcEE9_M_createERyy
000000033a583ee0 t .text$_ZNSt7__cxx1112basic_stringIcSt11char_traitsIcESaIcEE9_M_lengthEy
000000033a583f00 t .text$_ZNSt7__cxx1112basic_stringIcSt11char_traitsIcESaIcEE9_M_mutateEyyPKcy
000000033a584060 t .text$_ZNSt7__cxx1112basic_stringIcSt11char_traitsIcESaIcEE9_S_assignEPcyc
000000033a584090 t .text$_ZNSt7__cxx1112basic_stringIcSt11char_traitsIcESaIcEE9push_backEc
000000033a584ce0 t .text$_ZNSt7__cxx1112basic_stringIcSt11char_traitsIcESaIcEEaSEc
000000033a584b70 t .text$_ZNSt7__cxx1112basic_stringIcSt11char_traitsIcESaIcEEaSEOS4_
000000033a584c50 t .text$_ZNSt7__cxx1112basic_stringIcSt11char_traitsIcESaIcEEaSEPKc
000000033a584c90 t .text$_ZNSt7__cxx1112basic_stringIcSt11char_traitsIcESaIcEEaSERKS4_
000000033a584cb0 t .text$_ZNSt7__cxx1112basic_stringIcSt11char_traitsIcESaIcEEaSESt16initializer_listIcE
000000033a584110 t .text$_ZNSt7__cxx1112basic_stringIcSt11char_traitsIcESaIcEEC1EOS4_
000000033a584210 t .text$_ZNSt7__cxx1112basic_stringIcSt11char_traitsIcESaIcEEC1EOS4_RKS3_
000000033a584330 t .text$_ZNSt7__cxx1112basic_stringIcSt11char_traitsIcESaIcEEC1EPKcRKS3_
000000033a584380 t .text$_ZNSt7__cxx1112basic_stringIcSt11char_traitsIcESaIcEEC1EPKcyRKS3_
000000033a5843c0 t .text$_ZNSt7__cxx1112basic_stringIcSt11char_traitsIcESaIcEEC1ERKS3_
000000033a5843e0 t .text$_ZNSt7__cxx1112basic_stringIcSt11char_traitsIcESaIcEEC1ERKS4_
000000033a584400 t .text$_ZNSt7__cxx1112basic_stringIcSt11char_traitsIcESaIcEEC1ERKS4_RKS3_
000000033a584420 t .text$_ZNSt7__cxx1112basic_stringIcSt11char_traitsIcESaIcEEC1ERKS4_yRKS3_
000000033a584470 t .text$_ZNSt7__cxx1112basic_stringIcSt11char_traitsIcESaIcEEC1ERKS4_yy
000000033a5844c0 t .text$_ZNSt7__cxx1112basic_stringIcSt11char_traitsIcESaIcEEC1ERKS4_yyRKS3_
000000033a584510 t .text$_ZNSt7__cxx1112basic_stringIcSt11char_traitsIcESaIcEEC1ESt16initializer_listIcERKS3_
000000033a584530 t .text$_ZNSt7__cxx1112basic_stringIcSt11char_traitsIcESaIcEEC1Ev
000000033a584550 t .text$_ZNSt7__cxx1112basic_stringIcSt11char_traitsIcESaIcEEC1EycRKS3_
000000033a584560 t .text$_ZNSt7__cxx1112basic_stringIcSt11char_traitsIcESaIcEEC1IN9__gnu_cxx17__normal_iteratorIPcS4_EEvEET_SA_RKS3_
000000033a5845a0 t .text$_ZNSt7__cxx1112basic_stringIcSt11char_traitsIcESaIcEEC1IPcvEET_S7_RKS3_
000000033a584580 t .text$_ZNSt7__cxx1112basic_stringIcSt11char_traitsIcESaIcEEC1IPKcvEET_S8_RKS3_
000000033a5845c0 t .text$_ZNSt7__cxx1112basic_stringIcSt11char_traitsIcESaIcEEC1IS3_EEPKcRKS3_
000000033a584670 t .text$_ZNSt7__cxx1112basic_stringIcSt11char_traitsIcESaIcEEC2EOS4_
000000033a584770 t .text$_ZNSt7__cxx1112basic_stringIcSt11char_traitsIcESaIcEEC2EOS4_RKS3_
000000033a584890 t .text$_ZNSt7__cxx1112basic_stringIcSt11char_traitsIcESaIcEEC2EPKcRKS3_
000000033a5848e0 t .text$_ZNSt7__cxx1112basic_stringIcSt11char_traitsIcESaIcEEC2EPKcyRKS3_
000000033a584920 t .text$_ZNSt7__cxx1112basic_stringIcSt11char_traitsIcESaIcEEC2ERKS3_
000000033a584940 t .text$_ZNSt7__cxx1112basic_stringIcSt11char_traitsIcESaIcEEC2ERKS4_
000000033a584960 t .text$_ZNSt7__cxx1112basic_stringIcSt11char_traitsIcESaIcEEC2ERKS4_RKS3_
000000033a584980 t .text$_ZNSt7__cxx1112basic_stringIcSt11char_traitsIcESaIcEEC2ERKS4_yRKS3_
000000033a5849d0 t .text$_ZNSt7__cxx1112basic_stringIcSt11char_traitsIcESaIcEEC2ERKS4_yy
000000033a584a20 t .text$_ZNSt7__cxx1112basic_stringIcSt11char_traitsIcESaIcEEC2ERKS4_yyRKS3_
000000033a584a70 t .text$_ZNSt7__cxx1112basic_stringIcSt11char_traitsIcESaIcEEC2ESt16initializer_listIcERKS3_
000000033a584a90 t .text$_ZNSt7__cxx1112basic_stringIcSt11char_traitsIcESaIcEEC2Ev
000000033a584ab0 t .text$_ZNSt7__cxx1112basic_stringIcSt11char_traitsIcESaIcEEC2EycRKS3_
000000033a584ac0 t .text$_ZNSt7__cxx1112basic_stringIcSt11char_traitsIcESaIcEEC2IN9__gnu_cxx17__normal_iteratorIPcS4_EEvEET_SA_RKS3_
000000033a584b00 t .text$_ZNSt7__cxx1112basic_stringIcSt11char_traitsIcESaIcEEC2IPcvEET_S7_RKS3_
000000033a584ae0 t .text$_ZNSt7__cxx1112basic_stringIcSt11char_traitsIcESaIcEEC2IPKcvEET_S8_RKS3_
000000033a584b20 t .text$_ZNSt7__cxx1112basic_stringIcSt11char_traitsIcESaIcEED1Ev
000000033a584b50 t .text$_ZNSt7__cxx1112basic_stringIcSt11char_traitsIcESaIcEED2Ev
000000033a584d10 t .text$_ZNSt7__cxx1112basic_stringIcSt11char_traitsIcESaIcEEixEy
000000033a584df0 t .text$_ZNSt7__cxx1112basic_stringIcSt11char_traitsIcESaIcEEpLEc
000000033a584d20 t .text$_ZNSt7__cxx1112basic_stringIcSt11char_traitsIcESaIcEEpLEPKc
000000033a584d70 t .text$_ZNSt7__cxx1112basic_stringIcSt11char_traitsIcESaIcEEpLERKS4_
000000033a584db0 t .text$_ZNSt7__cxx1112basic_stringIcSt11char_traitsIcESaIcEEpLESt16initializer_listIcE
000000033a585df0 t .text$_ZNSt8__detail15_Hash_code_baseIiiNS_9_IdentityESt4hashIiENS_18_Mod_range_hashingENS_20_Default_ranged_hashELb0EEC2Ev
000000033a585e10 t .text$_ZNSt8__detail15_Hash_node_baseC1Ev
000000033a585e30 t .text$_ZNSt8__detail15_Hashtable_baseIiiNS_9_IdentityESt8equal_toIiESt4hashIiENS_18_Mod_range_hashingENS_20_Default_ranged_hashENS_17_Hashtable_traitsILb0ELb1ELb1EEEEC2Ev
000000033a585e60 t .text$_ZNSt8__detail16_Hashtable_allocISaINS_10_Hash_nodeIiLb0EEEEE17_M_node_allocatorEv
000000033a585e80 t .text$_ZNSt8__detail16_Hashtable_allocISaINS_10_Hash_nodeIiLb0EEEEE18_M_deallocate_nodeEPS2_
000000033a585ef0 t .text$_ZNSt8__detail16_Hashtable_allocISaINS_10_Hash_nodeIiLb0EEEEE19_M_deallocate_nodesEPS2_
000000033a585f40 t .text$_ZNSt8__detail16_Hashtable_allocISaINS_10_Hash_nodeIiLb0EEEEE21_M_deallocate_bucketsEPPNS_15_Hash_node_baseEy
000000033a585fe0 t .text$_ZNSt8__detail16_Hashtable_allocISaINS_10_Hash_nodeIiLb0EEEEE22_M_deallocate_node_ptrEPS2_
000000033a586070 t .text$_ZNSt8__detail16_Hashtable_allocISaINS_10_Hash_nodeIiLb0EEEEEC2Ev
000000033a586090 t .text$_ZNSt8__detail16_Hashtable_allocISaINS_10_Hash_nodeIiLb0EEEEED2Ev
000000033a5860b0 t .text$_ZNSt8__detail20_Prime_rehash_policyC1Ef
000000033a5860e0 t .text$_ZNSt8__detail21_Hashtable_ebo_helperILi0ESaINS_10_Hash_nodeIiLb0EEEELb1EE6_M_getEv
000000033a5860f0 t .text$_ZNSt8__detail21_Hashtable_ebo_helperILi0ESaINS_10_Hash_nodeIiLb0EEEELb1EEC2Ev
000000033a586120 t .text$_ZNSt8__detail21_Hashtable_ebo_helperILi0ESaINS_10_Hash_nodeIiLb0EEEELb1EED2Ev
000000033a586140 t .text$_ZNSt8__detail21_Hashtable_ebo_helperILi0ESt8equal_toIiELb1EEC2Ev
000000033a586150 t .text$_ZNSt8__detail21_Hashtable_ebo_helperILi1ESt4hashIiELb1EEC2Ev
000000033a586160 t .text$_ZNSt8__detail4_ModIjLj0ELj1ELj0ELb1ELb0EE6__calcEj
000000033a586180 t .text$_ZNSt8__detail4_ModIjLj624ELj1ELj0ELb1ELb1EE6__calcEj
000000033a5861c0 t .text$_ZNSt8__detail5__modIjLj0ELj1ELj0EEET_S1_
000000033a5861e0 t .text$_ZNSt8__detail5__modIjLj624ELj1ELj0EEET_S1_
000000033a584e70 t .text$_ZNSt8_Rb_treeIhSt4pairIKhiESt10_Select1stIS2_ESt4lessIhESaIS2_EE10_Auto_node9_M_insertES0_IPSt18_Rb_tree_node_baseSB_E
000000033a584ee0 t .text$_ZNSt8_Rb_treeIhSt4pairIKhiESt10_Select1stIS2_ESt4lessIhESaIS2_EE10_Auto_nodeC1IJRKSt21piecewise_construct_tSt5tupleIJOhEESE_IJEEEEERS8_DpOT_
000000033a584f60 t .text$_ZNSt8_Rb_treeIhSt4pairIKhiESt10_Select1stIS2_ESt4lessIhESaIS2_EE10_Auto_nodeD1Ev
000000033a584fa0 t .text$_ZNSt8_Rb_treeIhSt4pairIKhiESt10_Select1stIS2_ESt4lessIhESaIS2_EE11_M_get_nodeEv
000000033a585040 t .text$_ZNSt8_Rb_treeIhSt4pairIKhiESt10_Select1stIS2_ESt4lessIhESaIS2_EE11_M_leftmostEv
000000033a585060 t .text$_ZNSt8_Rb_treeIhSt4pairIKhiESt10_Select1stIS2_ESt4lessIhESaIS2_EE11_M_put_nodeEPSt13_Rb_tree_nodeIS2_E
000000033a5850e0 t .text$_ZNSt8_Rb_treeIhSt4pairIKhiESt10_Select1stIS2_ESt4lessIhESaIS2_EE11lower_boundERS1_
000000033a585130 t .text$_ZNSt8_Rb_treeIhSt4pairIKhiESt10_Select1stIS2_ESt4lessIhESaIS2_EE12_M_drop_nodeEPSt13_Rb_tree_nodeIS2_E
000000033a585170 t .text$_ZNSt8_Rb_treeIhSt4pairIKhiESt10_Select1stIS2_ESt4lessIhESaIS2_EE12_M_rightmostEv
000000033a585190 t .text$_ZNSt8_Rb_treeIhSt4pairIKhiESt10_Select1stIS2_ESt4lessIhESaIS2_EE13_Rb_tree_implIS6_Lb1EEC1Ev
000000033a5851e0 t .text$_ZNSt8_Rb_treeIhSt4pairIKhiESt10_Select1stIS2_ESt4lessIhESaIS2_EE13_Rb_tree_implIS6_Lb1EED1Ev
000000033a585200 t .text$_ZNSt8_Rb_treeIhSt4pairIKhiESt10_Select1stIS2_ESt4lessIhESaIS2_EE14_M_create_nodeIJRKSt21piecewise_construct_tSt5tupleIJOhEESD_IJEEEEEPSt13_Rb_tree_nodeIS2_EDpOT_
000000033a585280 t .text$_ZNSt8_Rb_treeIhSt4pairIKhiESt10_Select1stIS2_ESt4lessIhESaIS2_EE14_M_insert_nodeEPSt18_Rb_tree_node_baseSA_PSt13_Rb_tree_nodeIS2_E
000000033a585350 t .text$_ZNSt8_Rb_treeIhSt4pairIKhiESt10_Select1stIS2_ESt4lessIhESaIS2_EE14_M_lower_boundEPSt13_Rb_tree_nodeIS2_EPSt18_Rb_tree_node_baseRS1_
000000033a5853f0 t .text$_ZNSt8_Rb_treeIhSt4pairIKhiESt10_Select1stIS2_ESt4lessIhESaIS2_EE15_M_destroy_nodeEPSt13_Rb_tree_nodeIS2_E
000000033a585440 t .text$_ZNSt8_Rb_treeIhSt4pairIKhiESt10_Select1stIS2_ESt4lessIhESaIS2_EE17_M_construct_nodeIJRKSt21piecewise_construct_tSt5tupleIJOhEESD_IJEEEEEvPSt13_Rb_tree_nodeIS2_EDpOT_
000000033a585550 t .text$_ZNSt8_Rb_treeIhSt4pairIKhiESt10_Select1stIS2_ESt4lessIhESaIS2_EE21_M_get_Node_allocatorEv
000000033a585560 t .text$_ZNSt8_Rb_treeIhSt4pairIKhiESt10_Select1stIS2_ESt4lessIhESaIS2_EE22_M_emplace_hint_uniqueIJRKSt21piecewise_construct_tSt5tupleIJOhEESD_IJEEEEESt17_Rb_tree_iteratorIS2_ESt23_Rb_tree_const_iteratorIS2_EDpOT_
000000033a585660 t .text$_ZNSt8_Rb_treeIhSt4pairIKhiESt10_Select1stIS2_ESt4lessIhESaIS2_EE24_M_get_insert_unique_posERS1_
000000033a5857d0 t .text$_ZNSt8_Rb_treeIhSt4pairIKhiESt10_Select1stIS2_ESt4lessIhESaIS2_EE29_M_get_insert_hint_unique_posESt23_Rb_tree_const_iteratorIS2_ERS1_
000000033a585b30 t .text$_ZNSt8_Rb_treeIhSt4pairIKhiESt10_Select1stIS2_ESt4lessIhESaIS2_EE3endEv
000000033a585b60 t .text$_ZNSt8_Rb_treeIhSt4pairIKhiESt10_Select1stIS2_ESt4lessIhESaIS2_EE4findERS1_
000000033a585c20 t .text$_ZNSt8_Rb_treeIhSt4pairIKhiESt10_Select1stIS2_ESt4lessIhESaIS2_EE5beginEv
000000033a585c50 t .text$_ZNSt8_Rb_treeIhSt4pairIKhiESt10_Select1stIS2_ESt4lessIhESaIS2_EE6_M_endEv
000000033a585c70 t .text$_ZNSt8_Rb_treeIhSt4pairIKhiESt10_Select1stIS2_ESt4lessIhESaIS2_EE6_S_keyEPKSt13_Rb_tree_nodeIS2_E
000000033a585ca0 t .text$_ZNSt8_Rb_treeIhSt4pairIKhiESt10_Select1stIS2_ESt4lessIhESaIS2_EE6_S_keyEPKSt18_Rb_tree_node_base
000000033a585cc0 t .text$_ZNSt8_Rb_treeIhSt4pairIKhiESt10_Select1stIS2_ESt4lessIhESaIS2_EE7_S_leftEPSt18_Rb_tree_node_base
000000033a585ce0 t .text$_ZNSt8_Rb_treeIhSt4pairIKhiESt10_Select1stIS2_ESt4lessIhESaIS2_EE8_M_beginEv
000000033a585d00 t .text$_ZNSt8_Rb_treeIhSt4pairIKhiESt10_Select1stIS2_ESt4lessIhESaIS2_EE8_M_eraseEPSt13_Rb_tree_nodeIS2_E
000000033a585d70 t .text$_ZNSt8_Rb_treeIhSt4pairIKhiESt10_Select1stIS2_ESt4lessIhESaIS2_EE8_S_rightEPSt18_Rb_tree_node_base
000000033a585d90 t .text$_ZNSt8_Rb_treeIhSt4pairIKhiESt10_Select1stIS2_ESt4lessIhESaIS2_EEC1Ev
000000033a585db0 t .text$_ZNSt8_Rb_treeIhSt4pairIKhiESt10_Select1stIS2_ESt4lessIhESaIS2_EED1Ev
000000033a586200 t .text$_ZNSt8bad_castD0Ev
000000033a586230 t .text$_ZNSt8bad_castD2Ev
000000033a586240 t .text$_ZNSt9bad_allocD0Ev
000000033a586270 t .text$_ZNSt9bad_allocD2Ev
000000033a586280 t .text$_ZNSt9exceptionD0Ev
000000033a586290 t .text$_ZNSt9exceptionD2Ev
000000033a5862a0 t .text$_ZNSt9type_infoD0Ev
000000033a5862b0 t .text$_ZNSt9type_infoD2Ev
000000033a588a50 t .text$_Znwy
000000033a588ac0 t .text$_ZnwyPv
000000033a5862c0 t .text$_ZSt10_ConstructIiJRiEEvPT_DpOT0_
000000033a586350 t .text$_ZSt10destroy_atIhEvPT_
000000033a586360 t .text$_ZSt10destroy_atIiEvPT_
000000033a586330 t .text$_ZSt10destroy_atIP4dataEvPT_
000000033a586340 t .text$_ZSt10destroy_atISt4pairIKhiEEvPT_
000000033a5863b0 t .text$_ZSt11__addressofIcEPT_RS0_
000000033a5863c0 t .text$_ZSt11__addressofIhEPT_RS0_
000000033a5863d0 t .text$_ZSt11__addressofIiEPT_RS0_
000000033a586370 t .text$_ZSt11__addressofIKcEPT_RS1_
000000033a586380 t .text$_ZSt11__addressofINSt8__detail10_Hash_nodeIiLb0EEEEPT_RS3_
000000033a586390 t .text$_ZSt11__addressofIP4dataEPT_RS2_
000000033a5863a0 t .text$_ZSt11__addressofIPNSt8__detail15_Hash_node_baseEEPT_RS3_
000000033a5863e0 t .text$_ZSt12__get_helperILy0EOhJEERT0_RSt11_Tuple_implIXT_EJS1_DpT1_EE
000000033a586400 t .text$_ZSt12__miter_baseIN9__gnu_cxx17__normal_iteratorIPiSt6vectorIiSaIiEEEEET_S7_
000000033a586420 t .text$_ZSt12__niter_baseIPhET_S1_
000000033a586430 t .text$_ZSt12__niter_baseIPiET_S1_
000000033a586440 t .text$_ZSt12__niter_baseIPiSt6vectorIiSaIiEEET_N9__gnu_cxx17__normal_iteratorIS4_T0_EE
000000033a586410 t .text$_ZSt12__niter_baseIPP4dataET_S3_
000000033a586460 t .text$_ZSt12__niter_wrapIPiET_RKS1_S1_
000000033a5864f0 t .text$_ZSt12__relocate_aIPhS0_SaIhEET0_T_S3_S2_RT1_
000000033a586560 t .text$_ZSt12__relocate_aIPiS0_SaIiEET0_T_S3_S2_RT1_
000000033a586480 t .text$_ZSt12__relocate_aIPP4dataS2_SaIS1_EET0_T_S5_S4_RT1_
000000033a5865e0 t .text$_ZSt12__to_addressIhEPT_S1_
000000033a5865f0 t .text$_ZSt12__to_addressIiEPT_S1_
000000033a5865d0 t .text$_ZSt12__to_addressIP4dataEPT_S3_
000000033a586760 t .text$_ZSt12construct_atIcJRKcEEDTgsnwcvPvLi0E_T_pispcl7declvalIT0_EEEEPS3_DpOS4_
000000033a586800 t .text$_ZSt12construct_atIhJhEEDTgsnwcvPvLi0E_T_pispcl7declvalIT0_EEEEPS1_DpOS2_
000000033a5867b0 t .text$_ZSt12construct_atIhJRKhEEDTgsnwcvPvLi0E_T_pispcl7declvalIT0_EEEEPS3_DpOS4_
000000033a5868f0 t .text$_ZSt12construct_atIiJiEEDTgsnwcvPvLi0E_T_pispcl7declvalIT0_EEEEPS1_DpOS2_
000000033a5868a0 t .text$_ZSt12construct_atIiJRiEEDTgsnwcvPvLi0E_T_pispcl7declvalIT0_EEEEPS2_DpOS3_
000000033a586850 t .text$_ZSt12construct_atIiJRKiEEDTgsnwcvPvLi0E_T_pispcl7declvalIT0_EEEEPS3_DpOS4_
000000033a586600 t .text$_ZSt12construct_atIP4dataJRKS1_EEDTgsnwcvPvLi0E_T_pispcl7declvalIT0_EEEEPS5_DpOS6_
000000033a586650 t .text$_ZSt12construct_atIP4dataJS1_EEDTgsnwcvPvLi0E_T_pispcl7declvalIT0_EEEEPS3_DpOS4_
000000033a5866a0 t .text$_ZSt12construct_atISt4pairIKhiEJRKSt21piecewise_construct_tSt5tupleIJOhEES6_IJEEEEDTgsnwcvPvLi0E_T_pispcl7declvalIT0_EEEEPSB_DpOSC_
000000033a586940 t .text$_ZSt13__copy_move_aILb0EN9__gnu_cxx17__normal_iteratorIPiSt6vectorIiSaIiEEEES2_ET1_T0_S8_S7_
000000033a5869b0 t .text$_ZSt13get_terminatev
000000033a5869c0 t .text$_ZSt13set_terminatePFvvE
000000033a5869e0 t .text$_ZSt14__copy_move_a1ILb0EPiS0_ET1_T0_S2_S1_
000000033a586a20 t .text$_ZSt14__copy_move_a2ILb0EPiS0_ET1_T0_S2_S1_
000000033a586cc0 t .text$_ZSt14__relocate_a_1IhhENSt9enable_ifIXsrSt24__is_bitwise_relocatableIT_vE5valueEPS2_E4typeES4_S4_S4_RSaIT0_E
000000033a586d60 t .text$_ZSt14__relocate_a_1IiiENSt9enable_ifIXsrSt24__is_bitwise_relocatableIT_vE5valueEPS2_E4typeES4_S4_S4_RSaIT0_E
000000033a586a80 t .text$_ZSt14__relocate_a_1IP4dataS1_ENSt9enable_ifIXsrSt24__is_bitwise_relocatableIT_vE5valueEPS4_E4typeES6_S6_S6_RSaIT0_E
000000033a586bc0 t .text$_ZSt14__relocate_a_1IPhN9__gnu_cxx17__normal_iteratorIS0_vEESaIhEET0_T_S6_S5_RT1_
000000033a586c40 t .text$_ZSt14__relocate_a_1IPiN9__gnu_cxx17__normal_iteratorIS0_vEESaIiEET0_T_S6_S5_RT1_
000000033a586b40 t .text$_ZSt14__relocate_a_1IPP4dataN9__gnu_cxx17__normal_iteratorIS2_vEESaIS1_EET0_T_S8_S7_RT1_
000000033a586e20 t .text$_ZSt14get_unexpectedv
000000033a586e30 t .text$_ZSt14set_unexpectedPFvvE
000000033a586e50 t .text$_ZSt15get_new_handlerv
000000033a586e60 t .text$_ZSt15set_new_handlerPFvvE
000000033a586e70 t .text$_ZSt16__do_uninit_copyIN9__gnu_cxx17__normal_iteratorIPiSt6vectorIiSaIiEEEES2_ET0_T_S8_S7_
000000033a586ef0 t .text$_ZSt16forward_as_tupleIJhEESt5tupleIJDpOT_EES3_
000000033a586f30 t .text$_ZSt18_Rb_tree_decrementPKSt18_Rb_tree_node_base
000000033a586f90 t .text$_ZSt18_Rb_tree_decrementPSt18_Rb_tree_node_base
000000033a586ff0 t .text$_ZSt18_Rb_tree_incrementPKSt18_Rb_tree_node_base
000000033a587040 t .text$_ZSt18_Rb_tree_incrementPSt18_Rb_tree_node_base
000000033a587090 t .text$_ZSt18uncaught_exceptionv
000000033a5870b0 t .text$_ZSt18uninitialized_copyIN9__gnu_cxx17__normal_iteratorIPiSt6vectorIiSaIiEEEES2_ET0_T_S8_S7_
000000033a587170 t .text$_ZSt19__relocate_object_aIhhSaIhEEvPT_PT0_RT1_
000000033a5871f0 t .text$_ZSt19__relocate_object_aIiiSaIiEEvPT_PT0_RT1_
000000033a5870f0 t .text$_ZSt19__relocate_object_aIP4dataS1_SaIS1_EEvPT_PT0_RT1_
000000033a587270 t .text$_ZSt19uncaught_exceptionsv
000000033a5872a0 t .text$_ZSt20_Rb_tree_black_countPKSt18_Rb_tree_node_baseS1_
000000033a5872e0 t .text$_ZSt20_Rb_tree_rotate_leftPSt18_Rb_tree_node_baseRS0_
000000033a587340 t .text$_ZSt21_Rb_tree_rotate_rightPSt18_Rb_tree_node_baseRS0_
000000033a5873a0 t .text$_ZSt21is_constant_evaluatedv
000000033a5873b0 t .text$_ZSt22__gen_two_uniform_intsIyRSt23mersenne_twister_engineIjLy32ELy624ELy397ELy31ELj2567483615ELy11ELj4294967295ELy7ELj2636928640ELy15ELj4022730752ELy18ELj1812433253EEESt4pairIT_S4_ES4_S4_OT0_
000000033a587450 t .text$_ZSt22__uninitialized_copy_aIN9__gnu_cxx17__normal_iteratorIPiSt6vectorIiSaIiEEEES2_iET0_T_S8_S7_RSaIT1_E
000000033a5874b0 t .text$_ZSt28_Rb_tree_rebalance_for_erasePSt18_Rb_tree_node_baseRS_
000000033a5879e0 t .text$_ZSt29_Rb_tree_insert_and_rebalancebPSt18_Rb_tree_node_baseS0_RS_
000000033a587cc0 t .text$_ZSt3getILy0EJOhEERNSt13tuple_elementIXT_ESt5tupleIJDpT0_EEE4typeERS5_
000000033a587ce0 t .text$_ZSt3maxIyERKT_S2_S2_
000000033a587d10 t .text$_ZSt3minIyERKT_S2_S2_
000000033a587d40 t .text$_ZSt4copyIN9__gnu_cxx17__normal_iteratorIPiSt6vectorIiSaIiEEEES2_ET0_T_S8_S7_
000000033a587da0 t .text$_ZSt4moveIRhEONSt16remove_referenceIT_E4typeEOS2_
000000033a587db0 t .text$_ZSt4moveIRiEONSt16remove_referenceIT_E4typeEOS2_
000000033a587d90 t .text$_ZSt4moveIRP4dataEONSt16remove_referenceIT_E4typeEOS4_
000000033a587dc0 t .text$_ZSt4swapIiENSt9enable_ifIXsrSt6__and_IJSt6__not_ISt15__is_tuple_likeIT_EESt21is_move_constructibleIS4_ESt18is_move_assignableIS4_EEE5valueEvE4typeERS4_SE_
000000033a587ed0 t .text$_ZSt7forwardIhEOT_RNSt16remove_referenceIS0_E4typeE
000000033a587ee0 t .text$_ZSt7forwardIiEOT_RNSt16remove_referenceIS0_E4typeE
000000033a587e10 t .text$_ZSt7forwardIOhEOT_RNSt16remove_referenceIS1_E4typeE
000000033a587e20 t .text$_ZSt7forwardIP4dataEOT_RNSt16remove_referenceIS2_E4typeE
000000033a587ea0 t .text$_ZSt7forwardIRiEOT_RNSt16remove_referenceIS1_E4typeE
000000033a587e50 t .text$_ZSt7forwardIRKcEOT_RNSt16remove_referenceIS2_E4typeE
000000033a587e60 t .text$_ZSt7forwardIRKhEOT_RNSt16remove_referenceIS2_E4typeE
000000033a587e70 t .text$_ZSt7forwardIRKiEOT_RNSt16remove_referenceIS2_E4typeE
000000033a587e30 t .text$_ZSt7forwardIRKP4dataEOT_RNSt16remove_referenceIS4_E4typeE
000000033a587e40 t .text$_ZSt7forwardIRKSt21piecewise_construct_tEOT_RNSt16remove_referenceIS3_E4typeE
000000033a587e80 t .text$_ZSt7forwardIRPSt13_Rb_tree_nodeISt4pairIKhiEEEOT_RNSt16remove_referenceIS7_E4typeE
000000033a587e90 t .text$_ZSt7forwardIRPSt18_Rb_tree_node_baseEOT_RNSt16remove_referenceIS3_E4typeE
000000033a587eb0 t .text$_ZSt7forwardISt5tupleIJEEEOT_RNSt16remove_referenceIS2_E4typeE
000000033a587ec0 t .text$_ZSt7forwardISt5tupleIJOhEEEOT_RNSt16remove_referenceIS3_E4typeE
000000033a587ef0 t .text$_ZSt7forwardIyEOT_RNSt16remove_referenceIS0_E4typeE
000000033a587f00 t .text$_ZSt7shuffleIN9__gnu_cxx17__normal_iteratorIPiSt6vectorIiSaIiEEEERSt23mersenne_twister_engineIjLy32ELy624ELy397ELy31ELj2567483615ELy11ELj4294967295ELy7ELj2636928640ELy15ELj4022730752ELy18ELj1812433253EEEvT_SA_OT0_
000000033a5881a0 t .text$_ZSt8_DestroyIiEvPT_
000000033a588150 t .text$_ZSt8_DestroyIPiEvT_S1_
000000033a588220 t .text$_ZSt9addressofIcEPT_RS0_
000000033a5881c0 t .text$_ZSt9addressofIKcEPT_RS1_
000000033a5881e0 t .text$_ZSt9addressofINSt8__detail10_Hash_nodeIiLb0EEEEPT_RS3_
000000033a588200 t .text$_ZSt9addressofIPNSt8__detail15_Hash_node_baseEEPT_RS3_
000000033a588240 t .text$_ZSt9iter_swapIN9__gnu_cxx17__normal_iteratorIPiSt6vectorIiSaIiEEEES6_EvT_T0_
000000033a588280 t .text$_ZSt9make_pairIyyESt4pairINSt25__strip_reference_wrapperINSt5decayIT_E4typeEE6__typeENS1_INS2_IT0_E4typeEE6__typeEEOS3_OS8_
000000033a5882d0 t .text$_ZSteqRKSt17_Rb_tree_iteratorISt4pairIKhiEES5_
000000033a588300 t .text$_ZStplIcSt11char_traitsIcESaIcEENSt7__cxx1112basic_stringIT_T0_T1_EEPKS5_RKS8_
000000033a5883c0 t .text$_ZStplIcSt11char_traitsIcESaIcEENSt7__cxx1112basic_stringIT_T0_T1_EERKS8_SA_
000000033a588480 t .text$_ZStplIcSt11char_traitsIcESaIcEENSt7__cxx1112basic_stringIT_T0_T1_EES5_RKS8_
000000033a588530 t .text$_ZStplIcSt11char_traitsIcESaIcEESbIT_T0_T1_EPKS3_RKS6_
000000033a5885f0 t .text$_ZStplIcSt11char_traitsIcESaIcEESbIT_T0_T1_ERKS6_S8_
000000033a5886b0 t .text$_ZStplIcSt11char_traitsIcESaIcEESbIT_T0_T1_ES3_RKS6_
000000033a588830 t .text$_ZZNSt6vectorIhSaIhEE17_M_realloc_appendIJRKhEEEvDpOT_EN6_GuardC1EPhyRS0_
000000033a588870 t .text$_ZZNSt6vectorIhSaIhEE17_M_realloc_appendIJRKhEEEvDpOT_EN6_GuardD1Ev
000000033a588900 t .text$_ZZNSt6vectorIiSaIiEE17_M_realloc_appendIJRKiEEEvDpOT_EN6_GuardC1EPiyRS0_
000000033a588940 t .text$_ZZNSt6vectorIiSaIiEE17_M_realloc_appendIJRKiEEEvDpOT_EN6_GuardD1Ev
000000033a588760 t .text$_ZZNSt6vectorIP4dataSaIS1_EE17_M_realloc_appendIJRKS1_EEEvDpOT_EN6_GuardC1EPS1_yRS2_
000000033a5887a0 t .text$_ZZNSt6vectorIP4dataSaIS1_EE17_M_realloc_appendIJRKS1_EEEvDpOT_EN6_GuardD1Ev
000000033a5889d0 t .text$_ZZNSt7__cxx1112basic_stringIcSt11char_traitsIcESaIcEE12_M_constructIPKcEEvT_S8_St20forward_iterator_tagEN6_GuardC1EPS4_
000000033a5889f0 t .text$_ZZNSt7__cxx1112basic_stringIcSt11char_traitsIcESaIcEE12_M_constructIPKcEEvT_S8_St20forward_iterator_tagEN6_GuardD1Ev
000000033a5899d0 t .text.startup
000000033a589a40 t .text.startup
000000033a589780 t .text.startup._GLOBAL__sub_I__ZN9__gnu_cxx9__freeresEv
000000033a589720 t .text.startup._GLOBAL__sub_I__ZSt20__throw_system_errori
000000033a589740 t .text.unlikely
000000033a589990 t .text.unlikely.__cxa_call_terminate
000000033a5895c0 t .text.unlikely._ZN9__gnu_cxx26__throw_insufficient_spaceEPKcS1_
000000033a589750 t .text.unlikely._ZN9__gnu_cxx9__freeresEv
000000033a589550 t .text.unlikely._ZNSt12_GLOBAL__N_114__throw_syserrEiPKc
000000033a589060 t .text.unlikely._ZSt10unexpectedv
000000033a589140 t .text.unlikely._ZSt16__throw_bad_castv
000000033a5890c0 t .text.unlikely._ZSt17__throw_bad_allocv
000000033a589180 t .text.unlikely._ZSt18__throw_bad_typeidv
000000033a5891c0 t .text.unlikely._ZSt19__throw_logic_errorPKc
000000033a589460 t .text.unlikely._ZSt19__throw_range_errorPKc
000000033a589210 t .text.unlikely._ZSt20__throw_domain_errorPKc
000000033a5892b0 t .text.unlikely._ZSt20__throw_length_errorPKc
000000033a589300 t .text.unlikely._ZSt20__throw_out_of_rangePKc
000000033a589650 t .text.unlikely._ZSt20__throw_system_errori
000000033a589080 t .text.unlikely._ZSt21__throw_bad_exceptionv
000000033a589410 t .text.unlikely._ZSt21__throw_runtime_errorPKc
000000033a5894b0 t .text.unlikely._ZSt22__throw_overflow_errorPKc
000000033a589500 t .text.unlikely._ZSt23__throw_underflow_errorPKc
000000033a589260 t .text.unlikely._ZSt24__throw_invalid_argumentPKc
000000033a589350 t .text.unlikely._ZSt24__throw_out_of_range_fmtPKcz
000000033a589100 t .text.unlikely._ZSt28__throw_bad_array_new_lengthv
000000033a589040 t .text.unlikely._ZSt9terminatev
000000033a5a4000 d .tls
000000033a5a4008 d .tls$ZZZ
0000000000000000 A .weak.__cxa_pure_virtual._ZNKSt3_V214error_category23default_error_conditionEi
0000000000000000 A .weak.__cxa_pure_virtual._ZNSt9exceptionD2Ev
000000033a577120 T .weak._ZN9__gnu_cxxeqIPiSt6vectorIiSaIiEEEEbRKNS_17__normal_iteratorIT_T0_EESA_._ZnwyPv
000000033a57d8f0 T .weak._ZNSt12_Vector_baseIhSaIhEE12_Vector_implC1Ev._ZSt21is_constant_evaluatedv
000000033a57d7c0 T .weak._ZNSt12_Vector_baseIP4dataSaIS1_EE12_Vector_implC1Ev._ZnwyPv
000000033a580a10 T .weak._ZNSt4pairIPSt18_Rb_tree_node_baseS1_EC1ERKS1_S4_._ZnwyPv
000000033a597d70 r .xdata
000000033a597dd0 r .xdata
000000033a597ec4 r .xdata
000000033a597d5c r .xdata
000000033a598050 r .xdata
000000033a597d44 r .xdata
000000033a596d94 r .xdata
000000033a598100 r .xdata
000000033a598108 r .xdata
000000033a597eec r .xdata
000000033a595074 r .xdata
000000033a597dfc r .xdata
000000033a598110 r .xdata
000000033a597ebc r .xdata
000000033a59803c r .xdata
000000033a597e00 r .xdata
000000033a597ee4 r .xdata
000000033a597ef8 r .xdata
000000033a597da0 r .xdata
000000033a597ff4 r .xdata
000000033a595388 r .xdata
000000033a597eb8 r .xdata
000000033a597e8c r .xdata
000000033a595030 r .xdata
000000033a597ed8 r .xdata
000000033a595000 r .xdata
000000033a598024 r .xdata
000000033a597eb4 r .xdata
000000033a5970fc r .xdata$__cxa_allocate_dependent_exception
000000033a5970f0 r .xdata$__cxa_allocate_exception
000000033a596118 r .xdata$__cxa_begin_catch
000000033a5961c4 r .xdata$__cxa_call_unexpected
000000033a59715c r .xdata$__cxa_current_exception_type
000000033a596120 r .xdata$__cxa_end_catch
000000033a597104 r .xdata$__cxa_free_dependent_exception
000000033a5970f8 r .xdata$__cxa_free_exception
000000033a596114 r .xdata$__cxa_get_exception_ptr
000000033a59613c r .xdata$__cxa_get_globals
000000033a596138 r .xdata$__cxa_get_globals_fast
000000033a59624c r .xdata$__cxa_init_primary_exception
000000033a596260 r .xdata$__cxa_rethrow
000000033a596254 r .xdata$__cxa_throw
000000033a5961f8 r .xdata$__gxx_personality_seh0
000000033a596c40 r .xdata$__tcf_0
000000033a5970a0 r .xdata$__tcf_0
000000033a596c90 r .xdata$__tcf_1
000000033a59610c r .xdata$_ZdlPv
000000033a595264 r .xdata$_ZdlPvS_
000000033a596110 r .xdata$_ZdlPvy
000000033a597158 r .xdata$_ZGTtNKSt13bad_exceptionD1Ev
000000033a597154 r .xdata$_ZGTtNKSt9exceptionD1Ev
000000033a596140 r .xdata$_ZL16get_adjusted_ptrPKSt9type_infoS1_PPv
000000033a596178 r .xdata$_ZL17parse_lsda_headerP15_Unwind_ContextPKhP16lsda_header_info
000000033a596164 r .xdata$_ZL20check_exception_specP16lsda_header_infoPKSt9type_infoPvx
000000033a596150 r .xdata$_ZL21base_of_encoded_valuehP15_Unwind_Context
000000033a596244 r .xdata$_ZL23__gxx_exception_cleanup19_Unwind_Reason_CodeP17_Unwind_Exception
000000033a596158 r .xdata$_ZL28read_encoded_value_with_basehyPKhPy
000000033a596200 r .xdata$_ZN10__cxxabiv111__terminateEPFvvE
000000033a596224 r .xdata$_ZN10__cxxabiv112__unexpectedEPFvvE
000000033a597148 r .xdata$_ZN10__cxxabiv115__forced_unwindD0Ev
000000033a597144 r .xdata$_ZN10__cxxabiv115__forced_unwindD2Ev
000000033a596d60 r .xdata$_ZN10__cxxabiv117__class_type_infoD0Ev
000000033a596d5c r .xdata$_ZN10__cxxabiv117__class_type_infoD2Ev
000000033a597150 r .xdata$_ZN10__cxxabiv119__foreign_exceptionD0Ev
000000033a59714c r .xdata$_ZN10__cxxabiv119__foreign_exceptionD2Ev
000000033a596274 r .xdata$_ZN10__cxxabiv120__si_class_type_infoD0Ev
000000033a596270 r .xdata$_ZN10__cxxabiv120__si_class_type_infoD2Ev
000000033a596188 r .xdata$_ZN10__cxxabiv1L21__gxx_personality_impEiiyP17_Unwind_ExceptionP15_Unwind_Context
000000033a596c48 r .xdata$_ZN12_GLOBAL__N_121system_error_categoryD0Ev
000000033a596c28 r .xdata$_ZN12_GLOBAL__N_121system_error_categoryD2Ev
000000033a596c44 r .xdata$_ZN12_GLOBAL__N_122generic_error_categoryD0Ev
000000033a596c14 r .xdata$_ZN12_GLOBAL__N_122generic_error_categoryD2Ev
000000033a5970c0 r .xdata$_ZN12_GLOBAL__N_14pool4freeEPv.constprop.0
000000033a5970d4 r .xdata$_ZN12_GLOBAL__N_14pool8allocateEy.constprop.0
000000033a5956e4 r .xdata$_ZN9__gnu_cxx11char_traitsIcE2eqERKcS3_
000000033a595510 r .xdata$_ZN9__gnu_cxx11char_traitsIcE4copyEPcPKcy
000000033a595504 r .xdata$_ZN9__gnu_cxx11char_traitsIcE6lengthEPKc
000000033a596594 r .xdata$_ZN9__gnu_cxx15__concat_size_tEPcyy
000000033a5965a8 r .xdata$_ZN9__gnu_cxx15__snprintf_liteEPcyPKcS0_
000000033a595ec8 r .xdata$_ZN9__gnu_cxx16__aligned_bufferIiE6_M_ptrEv
000000033a595f84 r .xdata$_ZN9__gnu_cxx16__aligned_bufferIiE7_M_addrEv
000000033a595cc0 r .xdata$_ZN9__gnu_cxx16__aligned_membufISt4pairIKhiEE6_M_ptrEv
000000033a595e18 r .xdata$_ZN9__gnu_cxx16__aligned_membufISt4pairIKhiEE7_M_addrEv
000000033a59513c r .xdata$_ZN9__gnu_cxx17__normal_iteratorIPhSt6vectorIhSaIhEEEC1ERKS1_
000000033a5951e8 r .xdata$_ZN9__gnu_cxx17__normal_iteratorIPhvEC1ERKS1_
000000033a59521c r .xdata$_ZN9__gnu_cxx17__normal_iteratorIPhvEppEv
000000033a59585c r .xdata$_ZN9__gnu_cxx17__normal_iteratorIPiSt6vectorIiSaIiEEEC1ERKS1_
000000033a5958a0 r .xdata$_ZN9__gnu_cxx17__normal_iteratorIPiSt6vectorIiSaIiEEEppEi
000000033a5956a8 r .xdata$_ZN9__gnu_cxx17__normal_iteratorIPiSt6vectorIiSaIiEEEppEv
000000033a595dd8 r .xdata$_ZN9__gnu_cxx17__normal_iteratorIPivEC1ERKS1_
000000033a595fac r .xdata$_ZN9__gnu_cxx17__normal_iteratorIPivEppEv
000000033a59579c r .xdata$_ZN9__gnu_cxx17__normal_iteratorIPP4dataSt6vectorIS2_SaIS2_EEEC1ERKS3_
000000033a595d78 r .xdata$_ZN9__gnu_cxx17__normal_iteratorIPP4datavEC1ERKS3_
000000033a595f60 r .xdata$_ZN9__gnu_cxx17__normal_iteratorIPP4datavEppEv
000000033a597090 r .xdata$_ZN9__gnu_cxx24__concurrence_lock_errorD0Ev
000000033a597088 r .xdata$_ZN9__gnu_cxx24__concurrence_lock_errorD1Ev
000000033a597098 r .xdata$_ZN9__gnu_cxx26__concurrence_unlock_errorD0Ev
000000033a59708c r .xdata$_ZN9__gnu_cxx26__concurrence_unlock_errorD1Ev
000000033a5962d0 r .xdata$_ZN9__gnu_cxx27__verbose_terminate_handlerEv
000000033a5970b0 r .xdata$_ZN9__gnu_cxx30__throw_concurrence_lock_errorEv
000000033a5970b8 r .xdata$_ZN9__gnu_cxx32__throw_concurrence_unlock_errorEv
000000033a596c04 r .xdata$_ZN9__gnu_cxxeqIPcNSt7__cxx1112basic_stringIcSt11char_traitsIcESaIcEEEEEbRKNS_17__normal_iteratorIT_T0_EESD_
000000033a597bd0 r .xdata$_ZN9__gnu_cxxeqIPcSsEEbRKNS_17__normal_iteratorIT_T0_EES7_
000000033a5954e4 r .xdata$_ZN9__gnu_cxxeqIPiSt6vectorIiSaIiEEEEbRKNS_17__normal_iteratorIT_T0_EESA_QrqXeqcldtfL0p_4baseEcldtfL0p0_4baseERSt14convertible_toIbEE
000000033a596c08 r .xdata$_ZN9__gnu_cxxeqIPKcNSt7__cxx1112basic_stringIcSt11char_traitsIcESaIcEEEEEbRKNS_17__normal_iteratorIT_T0_EESE_
000000033a597bd4 r .xdata$_ZN9__gnu_cxxeqIPKcSsEEbRKNS_17__normal_iteratorIT_T0_EES8_
000000033a595144 r .xdata$_ZN9__gnu_cxxmiIPhSt6vectorIhSaIhEEEENS_17__normal_iteratorIT_T0_E15difference_typeERKS8_SB_
000000033a595664 r .xdata$_ZN9__gnu_cxxmiIPiSt6vectorIiSaIiEEEENS_17__normal_iteratorIT_T0_E15difference_typeERKS8_SB_
000000033a5957a4 r .xdata$_ZN9__gnu_cxxmiIPP4dataSt6vectorIS2_SaIS2_EEEENS_17__normal_iteratorIT_T0_E15difference_typeERKSA_SD_
000000033a596d84 r .xdata$_ZNK10__cxxabiv117__class_type_info10__do_catchEPKSt9type_infoPPvj
000000033a596d78 r .xdata$_ZNK10__cxxabiv117__class_type_info11__do_upcastEPKS0_PKvRNS0_15__upcast_resultE
000000033a596d4c r .xdata$_ZNK10__cxxabiv117__class_type_info11__do_upcastEPKS0_PPv
000000033a596d68 r .xdata$_ZNK10__cxxabiv117__class_type_info12__do_dyncastExNS0_10__sub_kindEPKS0_PKvS3_S5_RNS0_16__dyncast_resultE
000000033a596d58 r .xdata$_ZNK10__cxxabiv117__class_type_info20__do_find_public_srcExPKvPKS0_S2_
000000033a5962a0 r .xdata$_ZNK10__cxxabiv120__si_class_type_info11__do_upcastEPKNS_17__class_type_infoEPKvRNS1_15__upcast_resultE
000000033a596288 r .xdata$_ZNK10__cxxabiv120__si_class_type_info12__do_dyncastExNS_17__class_type_info10__sub_kindEPKS1_PKvS4_S6_RNS1_16__dyncast_resultE
000000033a59627c r .xdata$_ZNK10__cxxabiv120__si_class_type_info20__do_find_public_srcExPKvPKNS_17__class_type_infoES2_
000000033a596c20 r .xdata$_ZNK12_GLOBAL__N_121system_error_category10equivalentEiRKSt15error_condition
000000033a596c1c r .xdata$_ZNK12_GLOBAL__N_121system_error_category23default_error_conditionEi
000000033a596c18 r .xdata$_ZNK12_GLOBAL__N_121system_error_category4nameEv
000000033a596c68 r .xdata$_ZNK12_GLOBAL__N_121system_error_category7messageB5cxx11Ei
000000033a596c10 r .xdata$_ZNK12_GLOBAL__N_122generic_error_category10equivalentEiRKSt15error_condition
000000033a596c0c r .xdata$_ZNK12_GLOBAL__N_122generic_error_category4nameEv
000000033a596c94 r .xdata$_ZNK12_GLOBAL__N_122generic_error_category7messageB5cxx11Ei
000000033a595f34 r .xdata$_ZNK9__gnu_cxx16__aligned_membufISt4pairIKhiEE6_M_ptrEv
000000033a595fe0 r .xdata$_ZNK9__gnu_cxx16__aligned_membufISt4pairIKhiEE7_M_addrEv
000000033a595194 r .xdata$_ZNK9__gnu_cxx17__normal_iteratorIPhSt6vectorIhSaIhEEE4baseEv
000000033a595214 r .xdata$_ZNK9__gnu_cxx17__normal_iteratorIPhvE4baseEv
000000033a595224 r .xdata$_ZNK9__gnu_cxx17__normal_iteratorIPhvEdeEv
000000033a5954dc r .xdata$_ZNK9__gnu_cxx17__normal_iteratorIPiSt6vectorIiSaIiEEE4baseEv
000000033a5954f0 r .xdata$_ZNK9__gnu_cxx17__normal_iteratorIPiSt6vectorIiSaIiEEEdeEv
000000033a595670 r .xdata$_ZNK9__gnu_cxx17__normal_iteratorIPiSt6vectorIiSaIiEEEplEx
000000033a595f0c r .xdata$_ZNK9__gnu_cxx17__normal_iteratorIPivE4baseEv
000000033a595fb4 r .xdata$_ZNK9__gnu_cxx17__normal_iteratorIPivEdeEv
000000033a595a10 r .xdata$_ZNK9__gnu_cxx17__normal_iteratorIPP4dataSt6vectorIS2_SaIS2_EEE4baseEv
000000033a595eb8 r .xdata$_ZNK9__gnu_cxx17__normal_iteratorIPP4datavE4baseEv
000000033a595f68 r .xdata$_ZNK9__gnu_cxx17__normal_iteratorIPP4datavEdeEv
000000033a597080 r .xdata$_ZNK9__gnu_cxx24__concurrence_lock_error4whatEv
000000033a597084 r .xdata$_ZNK9__gnu_cxx26__concurrence_unlock_error4whatEv
000000033a5974f8 r .xdata$_ZNKSs11_M_disjunctEPKc
000000033a597630 r .xdata$_ZNKSs12find_last_ofEcy
000000033a597624 r .xdata$_ZNKSs12find_last_ofEPKcy
000000033a597610 r .xdata$_ZNKSs12find_last_ofEPKcyy
000000033a597620 r .xdata$_ZNKSs12find_last_ofERKSsy
000000033a59760c r .xdata$_ZNKSs13find_first_ofEcy
000000033a597600 r .xdata$_ZNKSs13find_first_ofEPKcy
000000033a5975ec r .xdata$_ZNKSs13find_first_ofEPKcyy
000000033a5975fc r .xdata$_ZNKSs13find_first_ofERKSsy
000000033a597594 r .xdata$_ZNKSs13get_allocatorEv
000000033a5974ec r .xdata$_ZNKSs15_M_check_lengthEyyPKc
000000033a597678 r .xdata$_ZNKSs16find_last_not_ofEcy
000000033a59766c r .xdata$_ZNKSs16find_last_not_ofEPKcy
000000033a597658 r .xdata$_ZNKSs16find_last_not_ofEPKcyy
000000033a597668 r .xdata$_ZNKSs16find_last_not_ofERKSsy
000000033a597654 r .xdata$_ZNKSs17find_first_not_ofEcy
000000033a597648 r .xdata$_ZNKSs17find_first_not_ofEPKcy
000000033a597634 r .xdata$_ZNKSs17find_first_not_ofEPKcyy
000000033a597644 r .xdata$_ZNKSs17find_first_not_ofERKSsy
000000033a597560 r .xdata$_ZNKSs2atEy
000000033a59752c r .xdata$_ZNKSs3endEv
000000033a5976d0 r .xdata$_ZNKSs4_Rep12_M_is_leakedEv
000000033a5976d4 r .xdata$_ZNKSs4_Rep12_M_is_sharedEv
000000033a59756c r .xdata$_ZNKSs4backEv
000000033a59753c r .xdata$_ZNKSs4cendEv
000000033a597570 r .xdata$_ZNKSs4copyEPcyy
000000033a597590 r .xdata$_ZNKSs4dataEv
000000033a5975bc r .xdata$_ZNKSs4findEcy
000000033a5975b0 r .xdata$_ZNKSs4findEPKcy
000000033a597598 r .xdata$_ZNKSs4findEPKcyy
000000033a5975ac r .xdata$_ZNKSs4findERKSsy
000000033a597534 r .xdata$_ZNKSs4rendEv
000000033a597548 r .xdata$_ZNKSs4sizeEv
000000033a597528 r .xdata$_ZNKSs5beginEv
000000033a59758c r .xdata$_ZNKSs5c_strEv
000000033a597544 r .xdata$_ZNKSs5crendEv
000000033a597558 r .xdata$_ZNKSs5emptyEv
000000033a597568 r .xdata$_ZNKSs5frontEv
000000033a5975e8 r .xdata$_ZNKSs5rfindEcy
000000033a5975dc r .xdata$_ZNKSs5rfindEPKcy
000000033a5975c8 r .xdata$_ZNKSs5rfindEPKcyy
000000033a5975d8 r .xdata$_ZNKSs5rfindERKSsy
000000033a5974d8 r .xdata$_ZNKSs6_M_repEv
000000033a597538 r .xdata$_ZNKSs6cbeginEv
000000033a59754c r .xdata$_ZNKSs6lengthEv
000000033a597530 r .xdata$_ZNKSs6rbeginEv
000000033a597acc r .xdata$_ZNKSs6substrEyy
000000033a5974d0 r .xdata$_ZNKSs7_M_dataEv
000000033a5974e0 r .xdata$_ZNKSs7_M_iendEv
000000033a5976a0 r .xdata$_ZNKSs7compareEPKc
000000033a59767c r .xdata$_ZNKSs7compareERKSs
000000033a5976b0 r .xdata$_ZNKSs7compareEyyPKc
000000033a5976c0 r .xdata$_ZNKSs7compareEyyPKcy
000000033a597688 r .xdata$_ZNKSs7compareEyyRKSs
000000033a597694 r .xdata$_ZNKSs7compareEyyRKSsyy
000000033a597540 r .xdata$_ZNKSs7crbeginEv
000000033a5974e4 r .xdata$_ZNKSs8_M_checkEyPKc
000000033a5974f4 r .xdata$_ZNKSs8_M_limitEyy
000000033a597554 r .xdata$_ZNKSs8capacityEv
000000033a597550 r .xdata$_ZNKSs8max_sizeEv
000000033a5974dc r .xdata$_ZNKSs9_M_ibeginEv
000000033a59755c r .xdata$_ZNKSsixEy
000000033a595c2c r .xdata$_ZNKSt10_HashtableIiiSaIiENSt8__detail9_IdentityESt8equal_toIiESt4hashIiENS1_18_Mod_range_hashingENS1_20_Default_ranged_hashENS1_20_Prime_rehash_policyENS1_17_Hashtable_traitsILb0ELb1ELb1EEEE21_M_uses_single_bucketEPPNS1_15_Hash_node_baseE
000000033a595a40 r .xdata$_ZNKSt10_HashtableIiiSaIiENSt8__detail9_IdentityESt8equal_toIiESt4hashIiENS1_18_Mod_range_hashingENS1_20_Default_ranged_hashENS1_20_Prime_rehash_policyENS1_17_Hashtable_traitsILb0ELb1ELb1EEEE8_M_beginEv
000000033a595e10 r .xdata$_ZNKSt10_Select1stISt4pairIKhiEEclERKS2_
000000033a596d3c r .xdata$_ZNKSt10bad_typeid4whatEv
000000033a596cf8 r .xdata$_ZNKSt10error_code23default_error_conditionEv
000000033a59716c r .xdata$_ZNKSt11logic_error4whatEv
000000033a595100 r .xdata$_ZNKSt12_Vector_baseIhSaIhEE19_M_get_Tp_allocatorEv
000000033a595834 r .xdata$_ZNKSt12_Vector_baseIiSaIiEE19_M_get_Tp_allocatorEv
000000033a595770 r .xdata$_ZNKSt12_Vector_baseIP4dataSaIS1_EE19_M_get_Tp_allocatorEv
000000033a595e04 r .xdata$_ZNKSt13_Rb_tree_nodeISt4pairIKhiEE9_M_valptrEv
000000033a597138 r .xdata$_ZNKSt13bad_exception4whatEv
000000033a596580 r .xdata$_ZNKSt13random_device13_M_getentropyEv
000000033a595948 r .xdata$_ZNKSt17_Rb_tree_iteratorISt4pairIKhiEEdeEv
000000033a596d1c r .xdata$_ZNKSt20bad_array_new_length4whatEv
000000033a595ce8 r .xdata$_ZNKSt23_Rb_tree_const_iteratorISt4pairIKhiEE13_M_const_castEv
000000033a595ad8 r .xdata$_ZNKSt24uniform_int_distributionIyE10param_type1aEv
000000033a595ad0 r .xdata$_ZNKSt24uniform_int_distributionIyE10param_type1bEv
000000033a596ca0 r .xdata$_ZNKSt3_V214error_category10_M_messageB5cxx11Ei
000000033a5974ac r .xdata$_ZNKSt3_V214error_category10_M_messageEi
000000033a596c30 r .xdata$_ZNKSt3_V214error_category10equivalentEiRKSt15error_condition
000000033a596c3c r .xdata$_ZNKSt3_V214error_category10equivalentERKSt10error_codei
000000033a596c2c r .xdata$_ZNKSt3_V214error_category23default_error_conditionEi
000000033a59593c r .xdata$_ZNKSt3mapIhiSt4lessIhESaISt4pairIKhiEEE8key_compEv
000000033a595954 r .xdata$_ZNKSt4lessIhEclERKhS2_
000000033a595124 r .xdata$_ZNKSt6vectorIhSaIhEE12_M_check_lenEyPKc
000000033a5950ec r .xdata$_ZNKSt6vectorIhSaIhEE4sizeEv
000000033a5950f4 r .xdata$_ZNKSt6vectorIhSaIhEE8max_sizeEv
000000033a595850 r .xdata$_ZNKSt6vectorIiSaIiEE12_M_check_lenEyPKc
000000033a595848 r .xdata$_ZNKSt6vectorIiSaIiEE4sizeEv
000000033a595828 r .xdata$_ZNKSt6vectorIiSaIiEE8max_sizeEv
000000033a595784 r .xdata$_ZNKSt6vectorIP4dataSaIS1_EE12_M_check_lenEyPKc
000000033a5957e0 r .xdata$_ZNKSt6vectorIP4dataSaIS1_EE14_M_range_checkEy
000000033a5955c8 r .xdata$_ZNKSt6vectorIP4dataSaIS1_EE4sizeEv
000000033a595764 r .xdata$_ZNKSt6vectorIP4dataSaIS1_EE8max_sizeEv
000000033a5965e4 r .xdata$_ZNKSt7__cxx1112basic_stringIcSt11char_traitsIcESaIcEE11_M_disjunctEPKc
000000033a595558 r .xdata$_ZNKSt7__cxx1112basic_stringIcSt11char_traitsIcESaIcEE11_M_is_localEv
000000033a596a18 r .xdata$_ZNKSt7__cxx1112basic_stringIcSt11char_traitsIcESaIcEE12find_last_ofEcy
000000033a596a0c r .xdata$_ZNKSt7__cxx1112basic_stringIcSt11char_traitsIcESaIcEE12find_last_ofEPKcy
000000033a5969f8 r .xdata$_ZNKSt7__cxx1112basic_stringIcSt11char_traitsIcESaIcEE12find_last_ofEPKcyy
000000033a596a08 r .xdata$_ZNKSt7__cxx1112basic_stringIcSt11char_traitsIcESaIcEE12find_last_ofERKS4_y
000000033a595700 r .xdata$_ZNKSt7__cxx1112basic_stringIcSt11char_traitsIcESaIcEE13_M_local_dataEv
000000033a5969f4 r .xdata$_ZNKSt7__cxx1112basic_stringIcSt11char_traitsIcESaIcEE13find_first_ofEcy
000000033a5969e8 r .xdata$_ZNKSt7__cxx1112basic_stringIcSt11char_traitsIcESaIcEE13find_first_ofEPKcy
000000033a5969d4 r .xdata$_ZNKSt7__cxx1112basic_stringIcSt11char_traitsIcESaIcEE13find_first_ofEPKcyy
000000033a5969e4 r .xdata$_ZNKSt7__cxx1112basic_stringIcSt11char_traitsIcESaIcEE13find_first_ofERKS4_y
000000033a59697c r .xdata$_ZNKSt7__cxx1112basic_stringIcSt11char_traitsIcESaIcEE13get_allocatorEv
000000033a5965d8 r .xdata$_ZNKSt7__cxx1112basic_stringIcSt11char_traitsIcESaIcEE15_M_check_lengthEyyPKc
000000033a595bc4 r .xdata$_ZNKSt7__cxx1112basic_stringIcSt11char_traitsIcESaIcEE16_M_get_allocatorEv
000000033a596a60 r .xdata$_ZNKSt7__cxx1112basic_stringIcSt11char_traitsIcESaIcEE16find_last_not_ofEcy
000000033a596a54 r .xdata$_ZNKSt7__cxx1112basic_stringIcSt11char_traitsIcESaIcEE16find_last_not_ofEPKcy
000000033a596a40 r .xdata$_ZNKSt7__cxx1112basic_stringIcSt11char_traitsIcESaIcEE16find_last_not_ofEPKcyy
000000033a596a50 r .xdata$_ZNKSt7__cxx1112basic_stringIcSt11char_traitsIcESaIcEE16find_last_not_ofERKS4_y
000000033a596a3c r .xdata$_ZNKSt7__cxx1112basic_stringIcSt11char_traitsIcESaIcEE17find_first_not_ofEcy
000000033a596a30 r .xdata$_ZNKSt7__cxx1112basic_stringIcSt11char_traitsIcESaIcEE17find_first_not_ofEPKcy
000000033a596a1c r .xdata$_ZNKSt7__cxx1112basic_stringIcSt11char_traitsIcESaIcEE17find_first_not_ofEPKcyy
000000033a596a2c r .xdata$_ZNKSt7__cxx1112basic_stringIcSt11char_traitsIcESaIcEE17find_first_not_ofERKS4_y
000000033a59672c r .xdata$_ZNKSt7__cxx1112basic_stringIcSt11char_traitsIcESaIcEE2atEy
000000033a596694 r .xdata$_ZNKSt7__cxx1112basic_stringIcSt11char_traitsIcESaIcEE3endEv
000000033a596748 r .xdata$_ZNKSt7__cxx1112basic_stringIcSt11char_traitsIcESaIcEE4backEv
000000033a5966ac r .xdata$_ZNKSt7__cxx1112basic_stringIcSt11char_traitsIcESaIcEE4cendEv
000000033a596960 r .xdata$_ZNKSt7__cxx1112basic_stringIcSt11char_traitsIcESaIcEE4copyEPcyy
000000033a596978 r .xdata$_ZNKSt7__cxx1112basic_stringIcSt11char_traitsIcESaIcEE4dataEv
000000033a5969a4 r .xdata$_ZNKSt7__cxx1112basic_stringIcSt11char_traitsIcESaIcEE4findEcy
000000033a596998 r .xdata$_ZNKSt7__cxx1112basic_stringIcSt11char_traitsIcESaIcEE4findEPKcy
000000033a596980 r .xdata$_ZNKSt7__cxx1112basic_stringIcSt11char_traitsIcESaIcEE4findEPKcyy
000000033a596994 r .xdata$_ZNKSt7__cxx1112basic_stringIcSt11char_traitsIcESaIcEE4findERKS4_y
000000033a5966a4 r .xdata$_ZNKSt7__cxx1112basic_stringIcSt11char_traitsIcESaIcEE4rendEv
000000033a5966b8 r .xdata$_ZNKSt7__cxx1112basic_stringIcSt11char_traitsIcESaIcEE4sizeEv
000000033a59668c r .xdata$_ZNKSt7__cxx1112basic_stringIcSt11char_traitsIcESaIcEE5beginEv
000000033a595524 r .xdata$_ZNKSt7__cxx1112basic_stringIcSt11char_traitsIcESaIcEE5c_strEv
000000033a5966b4 r .xdata$_ZNKSt7__cxx1112basic_stringIcSt11char_traitsIcESaIcEE5crendEv
000000033a596720 r .xdata$_ZNKSt7__cxx1112basic_stringIcSt11char_traitsIcESaIcEE5emptyEv
000000033a596740 r .xdata$_ZNKSt7__cxx1112basic_stringIcSt11char_traitsIcESaIcEE5frontEv
000000033a5969d0 r .xdata$_ZNKSt7__cxx1112basic_stringIcSt11char_traitsIcESaIcEE5rfindEcy
000000033a5969c4 r .xdata$_ZNKSt7__cxx1112basic_stringIcSt11char_traitsIcESaIcEE5rfindEPKcy
000000033a5969b0 r .xdata$_ZNKSt7__cxx1112basic_stringIcSt11char_traitsIcESaIcEE5rfindEPKcyy
000000033a5969c0 r .xdata$_ZNKSt7__cxx1112basic_stringIcSt11char_traitsIcESaIcEE5rfindERKS4_y
000000033a5966a8 r .xdata$_ZNKSt7__cxx1112basic_stringIcSt11char_traitsIcESaIcEE6cbeginEv
000000033a5966bc r .xdata$_ZNKSt7__cxx1112basic_stringIcSt11char_traitsIcESaIcEE6lengthEv
000000033a59669c r .xdata$_ZNKSt7__cxx1112basic_stringIcSt11char_traitsIcESaIcEE6rbeginEv
000000033a596bfc r .xdata$_ZNKSt7__cxx1112basic_stringIcSt11char_traitsIcESaIcEE6substrEyy
000000033a59551c r .xdata$_ZNKSt7__cxx1112basic_stringIcSt11char_traitsIcESaIcEE7_M_dataEv
000000033a596a88 r .xdata$_ZNKSt7__cxx1112basic_stringIcSt11char_traitsIcESaIcEE7compareEPKc
000000033a596a64 r .xdata$_ZNKSt7__cxx1112basic_stringIcSt11char_traitsIcESaIcEE7compareERKS4_
000000033a596a98 r .xdata$_ZNKSt7__cxx1112basic_stringIcSt11char_traitsIcESaIcEE7compareEyyPKc
000000033a596aa8 r .xdata$_ZNKSt7__cxx1112basic_stringIcSt11char_traitsIcESaIcEE7compareEyyPKcy
000000033a596a70 r .xdata$_ZNKSt7__cxx1112basic_stringIcSt11char_traitsIcESaIcEE7compareEyyRKS4_
000000033a596a7c r .xdata$_ZNKSt7__cxx1112basic_stringIcSt11char_traitsIcESaIcEE7compareEyyRKS4_yy
000000033a5966b0 r .xdata$_ZNKSt7__cxx1112basic_stringIcSt11char_traitsIcESaIcEE7crbeginEv
000000033a5965d0 r .xdata$_ZNKSt7__cxx1112basic_stringIcSt11char_traitsIcESaIcEE8_M_checkEyPKc
000000033a5965e0 r .xdata$_ZNKSt7__cxx1112basic_stringIcSt11char_traitsIcESaIcEE8_M_limitEyy
000000033a5966c0 r .xdata$_ZNKSt7__cxx1112basic_stringIcSt11char_traitsIcESaIcEE8capacityEv
000000033a595bcc r .xdata$_ZNKSt7__cxx1112basic_stringIcSt11char_traitsIcESaIcEE8max_sizeEv
000000033a596724 r .xdata$_ZNKSt7__cxx1112basic_stringIcSt11char_traitsIcESaIcEEixEy
000000033a595c18 r .xdata$_ZNKSt8__detail10_Hash_nodeIiLb0EE7_M_nextEv
000000033a595bac r .xdata$_ZNKSt8_Rb_treeIhSt4pairIKhiESt10_Select1stIS2_ESt4lessIhESaIS2_EE10_Auto_node6_M_keyEv
000000033a595cf4 r .xdata$_ZNKSt8_Rb_treeIhSt4pairIKhiESt10_Select1stIS2_ESt4lessIhESaIS2_EE4sizeEv
000000033a595b44 r .xdata$_ZNKSt8_Rb_treeIhSt4pairIKhiESt10_Select1stIS2_ESt4lessIhESaIS2_EE8key_compEv
000000033a5959f4 r .xdata$_ZNKSt8_Rb_treeIhSt4pairIKhiESt10_Select1stIS2_ESt4lessIhESaIS2_EE9_M_mbeginEv
000000033a596d2c r .xdata$_ZNKSt8bad_cast4whatEv
000000033a596d0c r .xdata$_ZNKSt9bad_alloc4whatEv
000000033a597134 r .xdata$_ZNKSt9exception4whatEv
000000033a5962c0 r .xdata$_ZNKSt9type_info10__do_catchEPKS_PPvj
000000033a5962b8 r .xdata$_ZNKSt9type_info11__do_upcastEPKN10__cxxabiv117__class_type_infoEPPv
000000033a5962b4 r .xdata$_ZNKSt9type_info14__is_pointer_pEv
000000033a5962c8 r .xdata$_ZNKSt9type_infoeqERKS_
000000033a597518 r .xdata$_ZNSs10_S_compareEyy
000000033a5979f4 r .xdata$_ZNSs12_Alloc_hiderC1EPcRKSaIcE
000000033a5979f0 r .xdata$_ZNSs12_Alloc_hiderC2EPcRKSaIcE
000000033a597778 r .xdata$_ZNSs12_M_leak_hardEv
000000033a5976f0 r .xdata$_ZNSs12_S_constructEycRKSaIcE
000000033a597a78 r .xdata$_ZNSs12_S_constructIN9__gnu_cxx17__normal_iteratorIPcSsEEEES2_T_S4_RKSaIcESt20forward_iterator_tag
000000033a597a94 r .xdata$_ZNSs12_S_constructIPcEES0_T_S1_RKSaIcESt20forward_iterator_tag
000000033a597af4 r .xdata$_ZNSs12_S_constructIPKcEEPcT_S3_RKSaIcESt20forward_iterator_tag
000000033a5972b8 r .xdata$_ZNSs12_S_constructIPKcEEPcT_S3_RKSaIcESt20forward_iterator_tag.isra.0
000000033a59751c r .xdata$_ZNSs12_S_empty_repEv
000000033a59750c r .xdata$_ZNSs13_S_copy_charsEPcN9__gnu_cxx17__normal_iteratorIPKcSsEES4_
000000033a597508 r .xdata$_ZNSs13_S_copy_charsEPcN9__gnu_cxx17__normal_iteratorIS_SsEES2_
000000033a597514 r .xdata$_ZNSs13_S_copy_charsEPcPKcS1_
000000033a597510 r .xdata$_ZNSs13_S_copy_charsEPcS_S_
000000033a5979a4 r .xdata$_ZNSs13shrink_to_fitEv
000000033a5977fc r .xdata$_ZNSs14_M_replace_auxEyyyc
000000033a597844 r .xdata$_ZNSs15_M_replace_safeEyyPKcy
000000033a597734 r .xdata$_ZNSs18_S_construct_aux_2EycRKSaIcE
000000033a5977cc r .xdata$_ZNSs2atEy
000000033a5977ac r .xdata$_ZNSs3endEv
000000033a597748 r .xdata$_ZNSs4_Rep10_M_destroyERKSaIcE
000000033a59774c r .xdata$_ZNSs4_Rep10_M_disposeERKSaIcE
000000033a5978c0 r .xdata$_ZNSs4_Rep10_M_refcopyEv
000000033a5976e4 r .xdata$_ZNSs4_Rep10_M_refdataEv
000000033a5976cc r .xdata$_ZNSs4_Rep12_S_empty_repEv
000000033a5976d8 r .xdata$_ZNSs4_Rep13_M_set_leakedEv
000000033a5976dc r .xdata$_ZNSs4_Rep15_M_set_sharableEv
000000033a5976e0 r .xdata$_ZNSs4_Rep26_M_set_length_and_sharableEy
000000033a5979b4 r .xdata$_ZNSs4_Rep7_M_grabERKSaIcES2_
000000033a5978c4 r .xdata$_ZNSs4_Rep8_M_cloneERKSaIcEy
000000033a5976e8 r .xdata$_ZNSs4_Rep9_S_createEyyRKSaIcE
000000033a5977c0 r .xdata$_ZNSs4backEv
000000033a597794 r .xdata$_ZNSs4rendEv
000000033a597578 r .xdata$_ZNSs4swapERSs
000000033a59778c r .xdata$_ZNSs5beginEv
000000033a5977d8 r .xdata$_ZNSs5clearEv
000000033a5977e4 r .xdata$_ZNSs5eraseEN9__gnu_cxx17__normal_iteratorIPcSsEE
000000033a5977f0 r .xdata$_ZNSs5eraseEN9__gnu_cxx17__normal_iteratorIPcSsEES2_
000000033a5977dc r .xdata$_ZNSs5eraseEyy
000000033a597784 r .xdata$_ZNSs5frontEv
000000033a597918 r .xdata$_ZNSs6appendEPKc
000000033a597904 r .xdata$_ZNSs6appendEPKcy
000000033a5978e0 r .xdata$_ZNSs6appendERKSs
000000033a5978f4 r .xdata$_ZNSs6appendERKSsyy
000000033a597924 r .xdata$_ZNSs6appendESt16initializer_listIcE
000000033a597934 r .xdata$_ZNSs6appendEyc
000000033a597584 r .xdata$_ZNSs6assignEOSs
000000033a597870 r .xdata$_ZNSs6assignEPKc
000000033a597854 r .xdata$_ZNSs6assignEPKcy
000000033a5979e0 r .xdata$_ZNSs6assignERKSs
000000033a597868 r .xdata$_ZNSs6assignERKSsyy
000000033a59787c r .xdata$_ZNSs6assignESt16initializer_listIcE
000000033a59780c r .xdata$_ZNSs6assignEyc
000000033a59781c r .xdata$_ZNSs6insertEN9__gnu_cxx17__normal_iteratorIPcSsEEc
000000033a59789c r .xdata$_ZNSs6insertEN9__gnu_cxx17__normal_iteratorIPcSsEESt16initializer_listIcE
000000033a597834 r .xdata$_ZNSs6insertEN9__gnu_cxx17__normal_iteratorIPcSsEEyc
000000033a5978a8 r .xdata$_ZNSs6insertEyPKc
000000033a59788c r .xdata$_ZNSs6insertEyPKcy
000000033a5978b4 r .xdata$_ZNSs6insertEyRKSs
000000033a5978a0 r .xdata$_ZNSs6insertEyRKSsyy
000000033a597814 r .xdata$_ZNSs6insertEyyc
000000033a5977b4 r .xdata$_ZNSs6rbeginEv
000000033a59794c r .xdata$_ZNSs6resizeEy
000000033a597944 r .xdata$_ZNSs6resizeEyc
000000033a5974fc r .xdata$_ZNSs7_M_copyEPcPKcy
000000033a5974d4 r .xdata$_ZNSs7_M_dataEPc
000000033a597780 r .xdata$_ZNSs7_M_leakEv
000000033a597500 r .xdata$_ZNSs7_M_moveEPcPKcy
000000033a597b8c r .xdata$_ZNSs7replaceEN9__gnu_cxx17__normal_iteratorIPcSsEES2_NS0_IPKcSsEES5_
000000033a597b70 r .xdata$_ZNSs7replaceEN9__gnu_cxx17__normal_iteratorIPcSsEES2_PKc
000000033a597b84 r .xdata$_ZNSs7replaceEN9__gnu_cxx17__normal_iteratorIPcSsEES2_PKcS4_
000000033a597b64 r .xdata$_ZNSs7replaceEN9__gnu_cxx17__normal_iteratorIPcSsEES2_PKcy
000000033a597b68 r .xdata$_ZNSs7replaceEN9__gnu_cxx17__normal_iteratorIPcSsEES2_RKSs
000000033a597b80 r .xdata$_ZNSs7replaceEN9__gnu_cxx17__normal_iteratorIPcSsEES2_S1_S1_
000000033a597b88 r .xdata$_ZNSs7replaceEN9__gnu_cxx17__normal_iteratorIPcSsEES2_S2_S2_
000000033a597b90 r .xdata$_ZNSs7replaceEN9__gnu_cxx17__normal_iteratorIPcSsEES2_St16initializer_listIcE
000000033a597830 r .xdata$_ZNSs7replaceEN9__gnu_cxx17__normal_iteratorIPcSsEES2_yc
000000033a597b54 r .xdata$_ZNSs7replaceEyyPKc
000000033a597b14 r .xdata$_ZNSs7replaceEyyPKcy
000000033a597b44 r .xdata$_ZNSs7replaceEyyRKSs
000000033a597b4c r .xdata$_ZNSs7replaceEyyRKSsyy
000000033a597828 r .xdata$_ZNSs7replaceEyyyc
000000033a597970 r .xdata$_ZNSs7reserveEv
000000033a5978d0 r .xdata$_ZNSs7reserveEy
000000033a5978b8 r .xdata$_ZNSs8pop_backEv
000000033a597504 r .xdata$_ZNSs9_M_assignEPcyc
000000033a597760 r .xdata$_ZNSs9_M_mutateEyyy
000000033a597950 r .xdata$_ZNSs9push_backEc
000000033a59783c r .xdata$_ZNSsaSEc
000000033a59757c r .xdata$_ZNSsaSEOSs
000000033a597880 r .xdata$_ZNSsaSEPKc
000000033a5979ec r .xdata$_ZNSsaSERKSs
000000033a597860 r .xdata$_ZNSsaSESt16initializer_listIcE
000000033a597524 r .xdata$_ZNSsC1EOSs
000000033a597740 r .xdata$_ZNSsC1EOSsRKSaIcE
000000033a597ba4 r .xdata$_ZNSsC1EPKcRKSaIcE
000000033a597b0c r .xdata$_ZNSsC1EPKcyRKSaIcE
000000033a59771c r .xdata$_ZNSsC1ERKSaIcE
000000033a5979c4 r .xdata$_ZNSsC1ERKSs
000000033a5979d8 r .xdata$_ZNSsC1ERKSsRKSaIcE
000000033a597aac r .xdata$_ZNSsC1ERKSsyRKSaIcE
000000033a597ac0 r .xdata$_ZNSsC1ERKSsyy
000000033a597adc r .xdata$_ZNSsC1ERKSsyyRKSaIcE
000000033a597bb8 r .xdata$_ZNSsC1ESt16initializer_listIcERKSaIcE
000000033a597708 r .xdata$_ZNSsC1Ev
000000033a59772c r .xdata$_ZNSsC1EycRKSaIcE
000000033a597a84 r .xdata$_ZNSsC1IN9__gnu_cxx17__normal_iteratorIPcSsEEEET_S4_RKSaIcE
000000033a597aec r .xdata$_ZNSsC1IPcEET_S1_RKSaIcE
000000033a597bc8 r .xdata$_ZNSsC1IPKcEET_S2_RKSaIcE
000000033a597520 r .xdata$_ZNSsC2EOSs
000000033a597738 r .xdata$_ZNSsC2EOSsRKSaIcE
000000033a597b98 r .xdata$_ZNSsC2EPKcRKSaIcE
000000033a597b04 r .xdata$_ZNSsC2EPKcyRKSaIcE
000000033a597714 r .xdata$_ZNSsC2ERKSaIcE
000000033a5979b8 r .xdata$_ZNSsC2ERKSs
000000033a5979d0 r .xdata$_ZNSsC2ERKSsRKSaIcE
000000033a597aa4 r .xdata$_ZNSsC2ERKSsyRKSaIcE
000000033a597ab4 r .xdata$_ZNSsC2ERKSsyy
000000033a597ad4 r .xdata$_ZNSsC2ERKSsyyRKSaIcE
000000033a597bb0 r .xdata$_ZNSsC2ESt16initializer_listIcERKSaIcE
000000033a5976fc r .xdata$_ZNSsC2Ev
000000033a597724 r .xdata$_ZNSsC2EycRKSaIcE
000000033a597a8c r .xdata$_ZNSsC2IN9__gnu_cxx17__normal_iteratorIPcSsEEEET_S4_RKSaIcE
000000033a597ae4 r .xdata$_ZNSsC2IPcEET_S1_RKSaIcE
000000033a597bc0 r .xdata$_ZNSsC2IPKcEET_S2_RKSaIcE
000000033a597758 r .xdata$_ZNSsD1Ev
000000033a597750 r .xdata$_ZNSsD2Ev
000000033a5977a0 r .xdata$_ZNSsixEy
000000033a597960 r .xdata$_ZNSspLEc
000000033a597928 r .xdata$_ZNSspLEPKc
000000033a5978f0 r .xdata$_ZNSspLERKSs
000000033a597914 r .xdata$_ZNSspLESt16initializer_listIcE
000000033a595a54 r .xdata$_ZNSt10_HashtableIiiSaIiENSt8__detail9_IdentityESt8equal_toIiESt4hashIiENS1_18_Mod_range_hashingENS1_20_Default_ranged_hashENS1_20_Prime_rehash_policyENS1_17_Hashtable_traitsILb0ELb1ELb1EEEE21_M_deallocate_bucketsEPPNS1_15_Hash_node_baseEy
000000033a595808 r .xdata$_ZNSt10_HashtableIiiSaIiENSt8__detail9_IdentityESt8equal_toIiESt4hashIiENS1_18_Mod_range_hashingENS1_20_Default_ranged_hashENS1_20_Prime_rehash_policyENS1_17_Hashtable_traitsILb0ELb1ELb1EEEE21_M_deallocate_bucketsEv
000000033a5957f4 r .xdata$_ZNSt10_HashtableIiiSaIiENSt8__detail9_IdentityESt8equal_toIiESt4hashIiENS1_18_Mod_range_hashingENS1_20_Default_ranged_hashENS1_20_Prime_rehash_policyENS1_17_Hashtable_traitsILb0ELb1ELb1EEEE5clearEv
000000033a5954a4 r .xdata$_ZNSt10_HashtableIiiSaIiENSt8__detail9_IdentityESt8equal_toIiESt4hashIiENS1_18_Mod_range_hashingENS1_20_Default_ranged_hashENS1_20_Prime_rehash_policyENS1_17_Hashtable_traitsILb0ELb1ELb1EEEEC1Ev
000000033a5955f8 r .xdata$_ZNSt10_HashtableIiiSaIiENSt8__detail9_IdentityESt8equal_toIiESt4hashIiENS1_18_Mod_range_hashingENS1_20_Default_ranged_hashENS1_20_Prime_rehash_policyENS1_17_Hashtable_traitsILb0ELb1ELb1EEEED1Ev
000000033a59609c r .xdata$_ZNSt10_Head_baseILy0EOhLb0EE7_M_headERS1_
000000033a595e20 r .xdata$_ZNSt10_Head_baseILy0EOhLb0EEC2IhEEOT_
000000033a596d44 r .xdata$_ZNSt10bad_typeidD0Ev
000000033a596d40 r .xdata$_ZNSt10bad_typeidD2Ev
000000033a596104 r .xdata$_ZNSt11__copy_moveILb0ELb0ESt26random_access_iterator_tagE12__assign_oneIiiEEvPT_PT0_
000000033a5960ec r .xdata$_ZNSt11__copy_moveILb0ELb0ESt26random_access_iterator_tagE8__copy_mIPiS3_EET0_T_S5_S4_
000000033a5960f8 r .xdata$_ZNSt11__copy_moveILb0ELb1ESt26random_access_iterator_tagE8__copy_mIiiEEPT0_PT_S6_S4_
000000033a596090 r .xdata$_ZNSt11_Tuple_implILy0EJOhEE7_M_headERS1_
000000033a596064 r .xdata$_ZNSt11_Tuple_implILy0EJOhEEC2EOS1_
000000033a595ccc r .xdata$_ZNSt11_Tuple_implILy0EJOhEEC2IhEEOT_
000000033a595284 r .xdata$_ZNSt11char_traitsIcE4copyEPcPKcy
000000033a59526c r .xdata$_ZNSt11char_traitsIcE6assignERcRKc
000000033a595278 r .xdata$_ZNSt11char_traitsIcE6lengthEPKc
000000033a5972f0 r .xdata$_ZNSt11logic_erroraSEOS_
000000033a5972dc r .xdata$_ZNSt11logic_erroraSERKS_
000000033a5972ec r .xdata$_ZNSt11logic_errorC2EOS_
000000033a597328 r .xdata$_ZNSt11logic_errorC2EPKc
000000033a597be0 r .xdata$_ZNSt11logic_errorC2ERKNSt7__cxx1112basic_stringIcSt11char_traitsIcESaIcEEE
000000033a5972c8 r .xdata$_ZNSt11logic_errorC2ERKS_
000000033a597248 r .xdata$_ZNSt11logic_errorC2ERKSs
000000033a59720c r .xdata$_ZNSt11logic_errorD0Ev
000000033a59717c r .xdata$_ZNSt11logic_errorD2Ev
000000033a5973e8 r .xdata$_ZNSt11range_errorC2EPKc
000000033a597c88 r .xdata$_ZNSt11range_errorC2ERKNSt7__cxx1112basic_stringIcSt11char_traitsIcESaIcEEE
000000033a5972a0 r .xdata$_ZNSt11range_errorC2ERKSs
000000033a5971b8 r .xdata$_ZNSt11range_errorD0Ev
000000033a597188 r .xdata$_ZNSt11range_errorD2Ev
000000033a5974a4 r .xdata$_ZNSt12__cow_stringaSEOS_
000000033a597488 r .xdata$_ZNSt12__cow_stringaSERKS_
000000033a5974a0 r .xdata$_ZNSt12__cow_stringC2EOS_
000000033a597464 r .xdata$_ZNSt12__cow_stringC2EPKcy
000000033a597cdc r .xdata$_ZNSt12__cow_stringC2ERKNSt7__cxx1112basic_stringIcSt11char_traitsIcESaIcEEE
000000033a597474 r .xdata$_ZNSt12__cow_stringC2ERKS_
000000033a597458 r .xdata$_ZNSt12__cow_stringC2ERKSs
000000033a59744c r .xdata$_ZNSt12__cow_stringC2Ev
000000033a597498 r .xdata$_ZNSt12__cow_stringD2Ev
000000033a597d38 r .xdata$_ZNSt12__sso_stringaSEOS_
000000033a597d1c r .xdata$_ZNSt12__sso_stringaSERKS_
000000033a597d30 r .xdata$_ZNSt12__sso_stringC2EOS_
000000033a597cf4 r .xdata$_ZNSt12__sso_stringC2EPKcy
000000033a597ce4 r .xdata$_ZNSt12__sso_stringC2ERKNSt7__cxx1112basic_stringIcSt11char_traitsIcESaIcEEE
000000033a597d04 r .xdata$_ZNSt12__sso_stringC2ERKS_
000000033a597448 r .xdata$_ZNSt12__sso_stringC2ERKSs
000000033a597ce0 r .xdata$_ZNSt12__sso_stringC2Ev
000000033a597d2c r .xdata$_ZNSt12__sso_stringD2Ev
000000033a595c40 r .xdata$_ZNSt12_Destroy_auxILb0EE9__destroyIPiEEvT_S3_
000000033a595c4c r .xdata$_ZNSt12_Destroy_auxILb1EE9__destroyIPiEEvT_S3_
000000033a596484 r .xdata$_ZNSt12_GLOBAL__N_112__x86_rdrandEPv
000000033a596494 r .xdata$_ZNSt12_GLOBAL__N_112__x86_rdseedEPv
000000033a59648c r .xdata$_ZNSt12_GLOBAL__N_114__winxp_rand_sEPv
000000033a5964ac r .xdata$_ZNSt12_GLOBAL__N_119__x86_rdseed_rdrandEPv
000000033a59519c r .xdata$_ZNSt12_Vector_baseIhSaIhEE11_M_allocateEy
000000033a595048 r .xdata$_ZNSt12_Vector_baseIhSaIhEE12_Vector_implC1EvQ26is_default_constructible_vIN9__gnu_cxx14__alloc_traitsIT0_NS5_10value_typeEE6rebindIT_E5otherEE
000000033a595054 r .xdata$_ZNSt12_Vector_baseIhSaIhEE17_Vector_impl_dataC2Ev
000000033a5951bc r .xdata$_ZNSt12_Vector_baseIhSaIhEE19_M_get_Tp_allocatorEv
000000033a59505c r .xdata$_ZNSt12_Vector_baseIhSaIhEEC2Ev
000000033a595a80 r .xdata$_ZNSt12_Vector_baseIiSaIiEE11_M_allocateEy
000000033a5958f4 r .xdata$_ZNSt12_Vector_baseIiSaIiEE12_Vector_implC1ERKS0_
000000033a5954d0 r .xdata$_ZNSt12_Vector_baseIiSaIiEE12_Vector_implD1Ev
000000033a595814 r .xdata$_ZNSt12_Vector_baseIiSaIiEE13_M_deallocateEPiy
000000033a5954c8 r .xdata$_ZNSt12_Vector_baseIiSaIiEE17_Vector_impl_dataC2Ev
000000033a595820 r .xdata$_ZNSt12_Vector_baseIiSaIiEE19_M_get_Tp_allocatorEv
000000033a595900 r .xdata$_ZNSt12_Vector_baseIiSaIiEEC2ERKS0_
000000033a59560c r .xdata$_ZNSt12_Vector_baseIiSaIiEED2Ev
000000033a595a18 r .xdata$_ZNSt12_Vector_baseIP4dataSaIS1_EE11_M_allocateEy
000000033a59535c r .xdata$_ZNSt12_Vector_baseIP4dataSaIS1_EE12_Vector_implC1EvQ26is_default_constructible_vIN9__gnu_cxx14__alloc_traitsIT0_NS7_10value_typeEE6rebindIT_E5otherEE
000000033a595368 r .xdata$_ZNSt12_Vector_baseIP4dataSaIS1_EE17_Vector_impl_dataC2Ev
000000033a595a38 r .xdata$_ZNSt12_Vector_baseIP4dataSaIS1_EE19_M_get_Tp_allocatorEv
000000033a595370 r .xdata$_ZNSt12_Vector_baseIP4dataSaIS1_EEC2Ev
000000033a597348 r .xdata$_ZNSt12domain_errorC2EPKc
000000033a597c18 r .xdata$_ZNSt12domain_errorC2ERKNSt7__cxx1112basic_stringIcSt11char_traitsIcESaIcEEE
000000033a597264 r .xdata$_ZNSt12domain_errorC2ERKSs
000000033a597218 r .xdata$_ZNSt12domain_errorD0Ev
000000033a5971dc r .xdata$_ZNSt12domain_errorD2Ev
000000033a597388 r .xdata$_ZNSt12length_errorC2EPKc
000000033a597c50 r .xdata$_ZNSt12length_errorC2ERKNSt7__cxx1112basic_stringIcSt11char_traitsIcESaIcEEE
000000033a597274 r .xdata$_ZNSt12length_errorC2ERKSs
000000033a597230 r .xdata$_ZNSt12length_errorD0Ev
000000033a5971f4 r .xdata$_ZNSt12length_errorD2Ev
000000033a5973a8 r .xdata$_ZNSt12out_of_rangeC2EPKc
000000033a597c6c r .xdata$_ZNSt12out_of_rangeC2ERKNSt7__cxx1112basic_stringIcSt11char_traitsIcESaIcEEE
000000033a59727c r .xdata$_ZNSt12out_of_rangeC2ERKSs
000000033a59723c r .xdata$_ZNSt12out_of_rangeD0Ev
000000033a597200 r .xdata$_ZNSt12out_of_rangeD2Ev
000000033a5964b4 r .xdata$_ZNSt12system_errorC1ESt10error_codePKc
000000033a596c50 r .xdata$_ZNSt12system_errorD0Ev
000000033a596c4c r .xdata$_ZNSt12system_errorD2Ev
000000033a595b4c r .xdata$_ZNSt13_Rb_tree_nodeISt4pairIKhiEE9_M_valptrEv
000000033a597140 r .xdata$_ZNSt13bad_exceptionD0Ev
000000033a597130 r .xdata$_ZNSt13bad_exceptionD2Ev
000000033a596514 r .xdata$_ZNSt13random_device14_M_init_pretr1ERKNSt7__cxx1112basic_stringIcSt11char_traitsIcESaIcEEE
000000033a597bdc r .xdata$_ZNSt13random_device14_M_init_pretr1ERKSs
000000033a59657c r .xdata$_ZNSt13random_device16_M_getval_pretr1Ev
000000033a596564 r .xdata$_ZNSt13random_device7_M_finiEv
000000033a59653c r .xdata$_ZNSt13random_device7_M_initEPKcy
000000033a59650c r .xdata$_ZNSt13random_device7_M_initERKNSt7__cxx1112basic_stringIcSt11char_traitsIcESaIcEEE
000000033a597bd8 r .xdata$_ZNSt13random_device7_M_initERKSs
000000033a596568 r .xdata$_ZNSt13random_device9_M_getvalEv
000000033a5952ec r .xdata$_ZNSt13random_deviceC1Ev
000000033a595320 r .xdata$_ZNSt13random_deviceclEv
000000033a59530c r .xdata$_ZNSt13random_deviceD1Ev
000000033a597320 r .xdata$_ZNSt13runtime_erroraSEOS_
000000033a59730c r .xdata$_ZNSt13runtime_erroraSERKS_
000000033a59731c r .xdata$_ZNSt13runtime_errorC2EOS_
000000033a5973c8 r .xdata$_ZNSt13runtime_errorC2EPKc
000000033a597bfc r .xdata$_ZNSt13runtime_errorC2ERKNSt7__cxx1112basic_stringIcSt11char_traitsIcESaIcEEE
000000033a5972f8 r .xdata$_ZNSt13runtime_errorC2ERKS_
000000033a597284 r .xdata$_ZNSt13runtime_errorC2ERKSs
000000033a5971ac r .xdata$_ZNSt13runtime_errorD0Ev
000000033a597170 r .xdata$_ZNSt13runtime_errorD2Ev
000000033a5954b0 r .xdata$_ZNSt13unordered_setIiSt4hashIiESt8equal_toIiESaIiEEC1Ev
000000033a5954bc r .xdata$_ZNSt13unordered_setIiSt4hashIiESt8equal_toIiESaIiEED1Ev
000000033a597408 r .xdata$_ZNSt14overflow_errorC2EPKc
000000033a597ca4 r .xdata$_ZNSt14overflow_errorC2ERKNSt7__cxx1112basic_stringIcSt11char_traitsIcESaIcEEE
000000033a5972a8 r .xdata$_ZNSt14overflow_errorC2ERKSs
000000033a5971c4 r .xdata$_ZNSt14overflow_errorD0Ev
000000033a597194 r .xdata$_ZNSt14overflow_errorD2Ev
000000033a595e8c r .xdata$_ZNSt15__new_allocatorIcE10deallocateEPcy
000000033a595f48 r .xdata$_ZNSt15__new_allocatorIcE8allocateEyPKv
000000033a5951d4 r .xdata$_ZNSt15__new_allocatorIhE10deallocateEPhy
000000033a5951fc r .xdata$_ZNSt15__new_allocatorIhE8allocateEyPKv
000000033a595db0 r .xdata$_ZNSt15__new_allocatorIiE10deallocateEPiy
000000033a595ef4 r .xdata$_ZNSt15__new_allocatorIiE8allocateEyPKv
000000033a59602c r .xdata$_ZNSt15__new_allocatorINSt8__detail10_Hash_nodeIiLb0EEEE10deallocateEPS2_y
000000033a595d64 r .xdata$_ZNSt15__new_allocatorIP4dataE10deallocateEPS1_y
000000033a595ea0 r .xdata$_ZNSt15__new_allocatorIP4dataE8allocateEyPKv
000000033a595fa0 r .xdata$_ZNSt15__new_allocatorIPNSt8__detail15_Hash_node_baseEE10deallocateEPS2_y
000000033a595f54 r .xdata$_ZNSt15__new_allocatorISt13_Rb_tree_nodeISt4pairIKhiEEE10deallocateEPS4_y
000000033a596058 r .xdata$_ZNSt15__new_allocatorISt13_Rb_tree_nodeISt4pairIKhiEEE8allocateEyPKv
000000033a5952d4 r .xdata$_ZNSt15_Rb_tree_header8_M_resetEv
000000033a5952c8 r .xdata$_ZNSt15_Rb_tree_headerC2Ev
000000033a597428 r .xdata$_ZNSt15underflow_errorC2EPKc
000000033a597cc0 r .xdata$_ZNSt15underflow_errorC2ERKNSt7__cxx1112basic_stringIcSt11char_traitsIcESaIcEEE
000000033a5972b0 r .xdata$_ZNSt15underflow_errorC2ERKSs
000000033a5971d0 r .xdata$_ZNSt15underflow_errorD0Ev
000000033a5971a0 r .xdata$_ZNSt15underflow_errorD2Ev
000000033a597368 r .xdata$_ZNSt16invalid_argumentC2EPKc
000000033a597c34 r .xdata$_ZNSt16invalid_argumentC2ERKNSt7__cxx1112basic_stringIcSt11char_traitsIcESaIcEEE
000000033a59726c r .xdata$_ZNSt16invalid_argumentC2ERKSs
000000033a597224 r .xdata$_ZNSt16invalid_argumentD0Ev
000000033a5971e8 r .xdata$_ZNSt16invalid_argumentD2Ev
000000033a595b30 r .xdata$_ZNSt17_Rb_tree_iteratorISt4pairIKhiEEC1EPSt18_Rb_tree_node_base
000000033a595d2c r .xdata$_ZNSt17_Rb_tree_iteratorISt4pairIKhiEEmmEv
000000033a595d38 r .xdata$_ZNSt17_Rb_tree_iteratorISt4pairIKhiEEppEv
000000033a59529c r .xdata$_ZNSt19__ptr_traits_ptr_toIPccLb0EE10pointer_toERc
000000033a5959c0 r .xdata$_ZNSt19__ptr_traits_ptr_toIPKcS0_Lb0EE10pointer_toERS0_
000000033a595edc r .xdata$_ZNSt19__ptr_traits_ptr_toIPNSt8__detail10_Hash_nodeIiLb0EEES2_Lb0EE10pointer_toERS2_
000000033a595da4 r .xdata$_ZNSt19__ptr_traits_ptr_toIPPNSt8__detail15_Hash_node_baseES2_Lb0EE10pointer_toERS2_
000000033a595df8 r .xdata$_ZNSt20__uninitialized_copyILb1EE13__uninit_copyIN9__gnu_cxx17__normal_iteratorIPiSt6vectorIiSaIiEEEES4_EET0_T_SA_S9_
000000033a595744 r .xdata$_ZNSt20_Rb_tree_key_compareISt4lessIhEEC2Ev
000000033a596d24 r .xdata$_ZNSt20bad_array_new_lengthD0Ev
000000033a596d20 r .xdata$_ZNSt20bad_array_new_lengthD2Ev
000000033a595968 r .xdata$_ZNSt23_Rb_tree_const_iteratorISt4pairIKhiEEC1ERKSt17_Rb_tree_iteratorIS2_E
000000033a595c90 r .xdata$_ZNSt23mersenne_twister_engineIjLy32ELy624ELy397ELy31ELj2567483615ELy11ELj4294967295ELy7ELj2636928640ELy15ELj4022730752ELy18ELj1812433253EE11_M_gen_randEv
000000033a595888 r .xdata$_ZNSt23mersenne_twister_engineIjLy32ELy624ELy397ELy31ELj2567483615ELy11ELj4294967295ELy7ELj2636928640ELy15ELj4022730752ELy18ELj1812433253EE4seedEj
000000033a595640 r .xdata$_ZNSt23mersenne_twister_engineIjLy32ELy624ELy397ELy31ELj2567483615ELy11ELj4294967295ELy7ELj2636928640ELy15ELj4022730752ELy18ELj1812433253EEC1Ej
000000033a595aec r .xdata$_ZNSt23mersenne_twister_engineIjLy32ELy624ELy397ELy31ELj2567483615ELy11ELj4294967295ELy7ELj2636928640ELy15ELj4022730752ELy18ELj1812433253EEclEv
000000033a5958dc r .xdata$_ZNSt24uniform_int_distributionIyE10param_typeC1Eyy
000000033a595ae0 r .xdata$_ZNSt24uniform_int_distributionIyE5_S_ndIySt23mersenne_twister_engineIjLy32ELy624ELy397ELy31ELj2567483615ELy11ELj4294967295ELy7ELj2636928640ELy15ELj4022730752ELy18ELj1812433253EEjEET1_RT0_S4_
000000033a5958d0 r .xdata$_ZNSt24uniform_int_distributionIyEC1Ev
000000033a595894 r .xdata$_ZNSt24uniform_int_distributionIyEC1Eyy
000000033a5958ac r .xdata$_ZNSt24uniform_int_distributionIyEclISt23mersenne_twister_engineIjLy32ELy624ELy397ELy31ELj2567483615ELy11ELj4294967295ELy7ELj2636928640ELy15ELj4022730752ELy18ELj1812433253EEEEyRT_
000000033a5958e4 r .xdata$_ZNSt24uniform_int_distributionIyEclISt23mersenne_twister_engineIjLy32ELy624ELy397ELy31ELj2567483615ELy11ELj4294967295ELy7ELj2636928640ELy15ELj4022730752ELy18ELj1812433253EEEEyRT_RKNS0_10param_typeE
000000033a596cec r .xdata$_ZNSt3_V214error_categoryD0Ev
000000033a596ce8 r .xdata$_ZNSt3_V214error_categoryD2Ev
000000033a596cf0 r .xdata$_ZNSt3_V215system_categoryEv
000000033a596cf4 r .xdata$_ZNSt3_V216generic_categoryEv
000000033a595930 r .xdata$_ZNSt3mapIhiSt4lessIhESaISt4pairIKhiEEE11lower_boundERS3_
000000033a5956bc r .xdata$_ZNSt3mapIhiSt4lessIhESaISt4pairIKhiEEE3endEv
000000033a5956b0 r .xdata$_ZNSt3mapIhiSt4lessIhESaISt4pairIKhiEEE4findERS3_
000000033a595344 r .xdata$_ZNSt3mapIhiSt4lessIhESaISt4pairIKhiEEEC1Ev
000000033a595350 r .xdata$_ZNSt3mapIhiSt4lessIhESaISt4pairIKhiEEED1Ev
000000033a5956d0 r .xdata$_ZNSt3mapIhiSt4lessIhESaISt4pairIKhiEEEixEOh
000000033a5960a4 r .xdata$_ZNSt4pairIKhiEC1IJOhEJEEESt21piecewise_construct_tSt5tupleIJDpT_EES5_IJDpT0_EE
000000033a59606c r .xdata$_ZNSt4pairIKhiEC1IJOhEJLy0EEJEJEEERSt5tupleIJDpT_EERS4_IJDpT1_EESt12_Index_tupleIJXspT0_EEESD_IJXspT2_EEE
000000033a595d04 r .xdata$_ZNSt4pairIPSt18_Rb_tree_node_baseS1_EC1ERKS1_S4_Qcl16_S_constructibleIRKT_RKT0_EE
000000033a595e78 r .xdata$_ZNSt4pairIPSt18_Rb_tree_node_baseS1_EC1IRPSt13_Rb_tree_nodeIS_IKhiEERS1_EEOT_OT0_
000000033a595d20 r .xdata$_ZNSt4pairIPSt18_Rb_tree_node_baseS1_EC1IRS1_S4_EEOT_OT0_
000000033a595c84 r .xdata$_ZNSt4pairIyyEC1IyyEEOT_OT0_
000000033a595fe8 r .xdata$_ZNSt5tupleIJOhEEC1EOS1_
000000033a595b58 r .xdata$_ZNSt5tupleIJOhEEC1IJhEEEDpOT_
000000033a595108 r .xdata$_ZNSt6vectorIhSaIhEE11_S_max_sizeERKS0_
000000033a5951b0 r .xdata$_ZNSt6vectorIhSaIhEE11_S_relocateEPhS2_S2_RS0_
000000033a595170 r .xdata$_ZNSt6vectorIhSaIhEE17_M_realloc_appendIJRKhEEEvDpOT_
000000033a595130 r .xdata$_ZNSt6vectorIhSaIhEE3endEv
000000033a595150 r .xdata$_ZNSt6vectorIhSaIhEE5beginEv
000000033a5950e0 r .xdata$_ZNSt6vectorIhSaIhEE9push_backERKh
000000033a595068 r .xdata$_ZNSt6vectorIhSaIhEEC1Ev
000000033a59583c r .xdata$_ZNSt6vectorIiSaIiEE11_S_max_sizeERKS0_
000000033a595a94 r .xdata$_ZNSt6vectorIiSaIiEE11_S_relocateEPiS2_S2_RS0_
000000033a595878 r .xdata$_ZNSt6vectorIiSaIiEE17_M_realloc_appendIJRKiEEEvDpOT_
000000033a595af8 r .xdata$_ZNSt6vectorIiSaIiEE17_S_check_init_lenEyRKS0_
000000033a59590c r .xdata$_ZNSt6vectorIiSaIiEE19_M_range_initializeIN9__gnu_cxx17__normal_iteratorIPiS1_EEEEvT_S7_St20forward_iterator_tag
000000033a595658 r .xdata$_ZNSt6vectorIiSaIiEE3endEv
000000033a59564c r .xdata$_ZNSt6vectorIiSaIiEE5beginEv
000000033a595634 r .xdata$_ZNSt6vectorIiSaIiEE9push_backERKi
000000033a59568c r .xdata$_ZNSt6vectorIiSaIiEEC1IN9__gnu_cxx17__normal_iteratorIPiS1_EEvEET_S7_RKS0_
000000033a595620 r .xdata$_ZNSt6vectorIiSaIiEED1Ev
000000033a595778 r .xdata$_ZNSt6vectorIP4dataSaIS1_EE11_S_max_sizeERKS2_
000000033a595a2c r .xdata$_ZNSt6vectorIP4dataSaIS1_EE11_S_relocateEPS1_S4_S4_RS2_
000000033a5957d0 r .xdata$_ZNSt6vectorIP4dataSaIS1_EE17_M_realloc_appendIJRKS1_EEEvDpOT_
000000033a5955d0 r .xdata$_ZNSt6vectorIP4dataSaIS1_EE2atEy
000000033a595790 r .xdata$_ZNSt6vectorIP4dataSaIS1_EE3endEv
000000033a5957b0 r .xdata$_ZNSt6vectorIP4dataSaIS1_EE5beginEv
000000033a5955bc r .xdata$_ZNSt6vectorIP4dataSaIS1_EE9push_backERKS1_
000000033a59537c r .xdata$_ZNSt6vectorIP4dataSaIS1_EEC1Ev
000000033a5957ec r .xdata$_ZNSt6vectorIP4dataSaIS1_EEixEy
000000033a595998 r .xdata$_ZNSt7__cxx1112basic_stringIcSt11char_traitsIcESaIcEE10_M_destroyEy
000000033a5956f4 r .xdata$_ZNSt7__cxx1112basic_stringIcSt11char_traitsIcESaIcEE10_M_disposeEv
000000033a596824 r .xdata$_ZNSt7__cxx1112basic_stringIcSt11char_traitsIcESaIcEE10_M_replaceEyyPKcy
000000033a5965fc r .xdata$_ZNSt7__cxx1112basic_stringIcSt11char_traitsIcESaIcEE10_S_compareEyy
000000033a595714 r .xdata$_ZNSt7__cxx1112basic_stringIcSt11char_traitsIcESaIcEE11_M_capacityEy
000000033a595bd8 r .xdata$_ZNSt7__cxx1112basic_stringIcSt11char_traitsIcESaIcEE11_S_allocateERS3_y
000000033a596abc r .xdata$_ZNSt7__cxx1112basic_stringIcSt11char_traitsIcESaIcEE12_Alloc_hiderC1EPcOS3_
000000033a595564 r .xdata$_ZNSt7__cxx1112basic_stringIcSt11char_traitsIcESaIcEE12_Alloc_hiderC1EPcRKS3_
000000033a596ab8 r .xdata$_ZNSt7__cxx1112basic_stringIcSt11char_traitsIcESaIcEE12_Alloc_hiderC2EPcOS3_
000000033a596ab4 r .xdata$_ZNSt7__cxx1112basic_stringIcSt11char_traitsIcESaIcEE12_Alloc_hiderC2EPcRKS3_
000000033a5952bc r .xdata$_ZNSt7__cxx1112basic_stringIcSt11char_traitsIcESaIcEE12_Alloc_hiderD1Ev
000000033a5965b8 r .xdata$_ZNSt7__cxx1112basic_stringIcSt11char_traitsIcESaIcEE12_M_constructEyc
000000033a596b34 r .xdata$_ZNSt7__cxx1112basic_stringIcSt11char_traitsIcESaIcEE12_M_constructIN9__gnu_cxx17__normal_iteratorIPcS4_EEEEvT_SA_St20forward_iterator_tag
000000033a596b4c r .xdata$_ZNSt7__cxx1112basic_stringIcSt11char_traitsIcESaIcEE12_M_constructIN9__gnu_cxx17__normal_iteratorIPKcS4_EEEEvT_SB_St20forward_iterator_tag
000000033a596b64 r .xdata$_ZNSt7__cxx1112basic_stringIcSt11char_traitsIcESaIcEE12_M_constructIPcEEvT_S7_St20forward_iterator_tag
000000033a595730 r .xdata$_ZNSt7__cxx1112basic_stringIcSt11char_traitsIcESaIcEE12_M_constructIPKcEEvT_S8_St20forward_iterator_tag
000000033a596c58 r .xdata$_ZNSt7__cxx1112basic_stringIcSt11char_traitsIcESaIcEE12_M_constructIPKcEEvT_S8_St20forward_iterator_tag.isra.0
000000033a59649c r .xdata$_ZNSt7__cxx1112basic_stringIcSt11char_traitsIcESaIcEE12_M_constructIPKcEEvT_S8_St20forward_iterator_tag.isra.0
000000033a595290 r .xdata$_ZNSt7__cxx1112basic_stringIcSt11char_traitsIcESaIcEE13_M_local_dataEv
000000033a595530 r .xdata$_ZNSt7__cxx1112basic_stringIcSt11char_traitsIcESaIcEE13_M_set_lengthEy
000000033a5965f4 r .xdata$_ZNSt7__cxx1112basic_stringIcSt11char_traitsIcESaIcEE13_S_copy_charsEPcN9__gnu_cxx17__normal_iteratorIPKcS4_EESA_
000000033a5965f0 r .xdata$_ZNSt7__cxx1112basic_stringIcSt11char_traitsIcESaIcEE13_S_copy_charsEPcN9__gnu_cxx17__normal_iteratorIS5_S4_EES8_
000000033a5959cc r .xdata$_ZNSt7__cxx1112basic_stringIcSt11char_traitsIcESaIcEE13_S_copy_charsEPcPKcS7_
000000033a5965f8 r .xdata$_ZNSt7__cxx1112basic_stringIcSt11char_traitsIcESaIcEE13_S_copy_charsEPcS5_S5_
000000033a59670c r .xdata$_ZNSt7__cxx1112basic_stringIcSt11char_traitsIcESaIcEE13shrink_to_fitEv
000000033a5967b0 r .xdata$_ZNSt7__cxx1112basic_stringIcSt11char_traitsIcESaIcEE14_M_replace_auxEyyyc
000000033a596810 r .xdata$_ZNSt7__cxx1112basic_stringIcSt11char_traitsIcESaIcEE15_M_replace_coldEPcyPKcyy
000000033a595550 r .xdata$_ZNSt7__cxx1112basic_stringIcSt11char_traitsIcESaIcEE16_M_get_allocatorEv
000000033a5965c8 r .xdata$_ZNSt7__cxx1112basic_stringIcSt11char_traitsIcESaIcEE17_M_init_local_bufEv
000000033a5965cc r .xdata$_ZNSt7__cxx1112basic_stringIcSt11char_traitsIcESaIcEE17_M_use_local_dataEv
000000033a5965c4 r .xdata$_ZNSt7__cxx1112basic_stringIcSt11char_traitsIcESaIcEE18_M_construct_aux_2Eyc
000000033a596734 r .xdata$_ZNSt7__cxx1112basic_stringIcSt11char_traitsIcESaIcEE2atEy
000000033a596690 r .xdata$_ZNSt7__cxx1112basic_stringIcSt11char_traitsIcESaIcEE3endEv
000000033a596744 r .xdata$_ZNSt7__cxx1112basic_stringIcSt11char_traitsIcESaIcEE4backEv
000000033a5966a0 r .xdata$_ZNSt7__cxx1112basic_stringIcSt11char_traitsIcESaIcEE4rendEv
000000033a596968 r .xdata$_ZNSt7__cxx1112basic_stringIcSt11char_traitsIcESaIcEE4swapERS4_
000000033a596688 r .xdata$_ZNSt7__cxx1112basic_stringIcSt11char_traitsIcESaIcEE5beginEv
000000033a59671c r .xdata$_ZNSt7__cxx1112basic_stringIcSt11char_traitsIcESaIcEE5clearEv
000000033a596788 r .xdata$_ZNSt7__cxx1112basic_stringIcSt11char_traitsIcESaIcEE5eraseEN9__gnu_cxx17__normal_iteratorIPKcS4_EE
000000033a596794 r .xdata$_ZNSt7__cxx1112basic_stringIcSt11char_traitsIcESaIcEE5eraseEN9__gnu_cxx17__normal_iteratorIPKcS4_EES9_
000000033a596780 r .xdata$_ZNSt7__cxx1112basic_stringIcSt11char_traitsIcESaIcEE5eraseEyy
000000033a59673c r .xdata$_ZNSt7__cxx1112basic_stringIcSt11char_traitsIcESaIcEE5frontEv
000000033a596920 r .xdata$_ZNSt7__cxx1112basic_stringIcSt11char_traitsIcESaIcEE6appendEPKc
000000033a596918 r .xdata$_ZNSt7__cxx1112basic_stringIcSt11char_traitsIcESaIcEE6appendEPKcy
000000033a596940 r .xdata$_ZNSt7__cxx1112basic_stringIcSt11char_traitsIcESaIcEE6appendERKS4_
000000033a596958 r .xdata$_ZNSt7__cxx1112basic_stringIcSt11char_traitsIcESaIcEE6appendERKS4_yy
000000033a596950 r .xdata$_ZNSt7__cxx1112basic_stringIcSt11char_traitsIcESaIcEE6appendESt16initializer_listIcE
000000033a5967c0 r .xdata$_ZNSt7__cxx1112basic_stringIcSt11char_traitsIcESaIcEE6appendEyc
000000033a596774 r .xdata$_ZNSt7__cxx1112basic_stringIcSt11char_traitsIcESaIcEE6assignEOS4_
000000033a596844 r .xdata$_ZNSt7__cxx1112basic_stringIcSt11char_traitsIcESaIcEE6assignEPKc
000000033a59683c r .xdata$_ZNSt7__cxx1112basic_stringIcSt11char_traitsIcESaIcEE6assignEPKcy
000000033a59676c r .xdata$_ZNSt7__cxx1112basic_stringIcSt11char_traitsIcESaIcEE6assignERKS4_
000000033a596834 r .xdata$_ZNSt7__cxx1112basic_stringIcSt11char_traitsIcESaIcEE6assignERKS4_yy
000000033a596bec r .xdata$_ZNSt7__cxx1112basic_stringIcSt11char_traitsIcESaIcEE6assignESt16initializer_listIcE
000000033a5967c8 r .xdata$_ZNSt7__cxx1112basic_stringIcSt11char_traitsIcESaIcEE6assignEyc
000000033a5968e8 r .xdata$_ZNSt7__cxx1112basic_stringIcSt11char_traitsIcESaIcEE6insertEN9__gnu_cxx17__normal_iteratorIPcS4_EESt16initializer_listIcE
000000033a5967d8 r .xdata$_ZNSt7__cxx1112basic_stringIcSt11char_traitsIcESaIcEE6insertEN9__gnu_cxx17__normal_iteratorIPKcS4_EEc
000000033a5968f0 r .xdata$_ZNSt7__cxx1112basic_stringIcSt11char_traitsIcESaIcEE6insertEN9__gnu_cxx17__normal_iteratorIPKcS4_EESt16initializer_listIcE
000000033a5967f8 r .xdata$_ZNSt7__cxx1112basic_stringIcSt11char_traitsIcESaIcEE6insertEN9__gnu_cxx17__normal_iteratorIPKcS4_EEyc
000000033a596884 r .xdata$_ZNSt7__cxx1112basic_stringIcSt11char_traitsIcESaIcEE6insertEyPKc
000000033a59686c r .xdata$_ZNSt7__cxx1112basic_stringIcSt11char_traitsIcESaIcEE6insertEyPKcy
000000033a596874 r .xdata$_ZNSt7__cxx1112basic_stringIcSt11char_traitsIcESaIcEE6insertEyRKS4_
000000033a5968fc r .xdata$_ZNSt7__cxx1112basic_stringIcSt11char_traitsIcESaIcEE6insertEyRKS4_yy
000000033a5967d0 r .xdata$_ZNSt7__cxx1112basic_stringIcSt11char_traitsIcESaIcEE6insertEyyc
000000033a596698 r .xdata$_ZNSt7__cxx1112basic_stringIcSt11char_traitsIcESaIcEE6rbeginEv
000000033a59680c r .xdata$_ZNSt7__cxx1112basic_stringIcSt11char_traitsIcESaIcEE6resizeEy
000000033a596804 r .xdata$_ZNSt7__cxx1112basic_stringIcSt11char_traitsIcESaIcEE6resizeEyc
000000033a59570c r .xdata$_ZNSt7__cxx1112basic_stringIcSt11char_traitsIcESaIcEE7_M_dataEPc
000000033a5959b4 r .xdata$_ZNSt7__cxx1112basic_stringIcSt11char_traitsIcESaIcEE7_S_copyEPcPKcy
000000033a5965e8 r .xdata$_ZNSt7__cxx1112basic_stringIcSt11char_traitsIcESaIcEE7_S_moveEPcPKcy
000000033a5968d8 r .xdata$_ZNSt7__cxx1112basic_stringIcSt11char_traitsIcESaIcEE7replaceEN9__gnu_cxx17__normal_iteratorIPKcS4_EES9_NS6_IPcS4_EESB_
000000033a5968a8 r .xdata$_ZNSt7__cxx1112basic_stringIcSt11char_traitsIcESaIcEE7replaceEN9__gnu_cxx17__normal_iteratorIPKcS4_EES9_PcSA_
000000033a5968b8 r .xdata$_ZNSt7__cxx1112basic_stringIcSt11char_traitsIcESaIcEE7replaceEN9__gnu_cxx17__normal_iteratorIPKcS4_EES9_RKS4_
000000033a5968c8 r .xdata$_ZNSt7__cxx1112basic_stringIcSt11char_traitsIcESaIcEE7replaceEN9__gnu_cxx17__normal_iteratorIPKcS4_EES9_S8_
000000033a5968b0 r .xdata$_ZNSt7__cxx1112basic_stringIcSt11char_traitsIcESaIcEE7replaceEN9__gnu_cxx17__normal_iteratorIPKcS4_EES9_S8_S8_
000000033a5968a0 r .xdata$_ZNSt7__cxx1112basic_stringIcSt11char_traitsIcESaIcEE7replaceEN9__gnu_cxx17__normal_iteratorIPKcS4_EES9_S8_y
000000033a5968e0 r .xdata$_ZNSt7__cxx1112basic_stringIcSt11char_traitsIcESaIcEE7replaceEN9__gnu_cxx17__normal_iteratorIPKcS4_EES9_S9_S9_
000000033a5968c0 r .xdata$_ZNSt7__cxx1112basic_stringIcSt11char_traitsIcESaIcEE7replaceEN9__gnu_cxx17__normal_iteratorIPKcS4_EES9_St16initializer_listIcE
000000033a5967ec r .xdata$_ZNSt7__cxx1112basic_stringIcSt11char_traitsIcESaIcEE7replaceEN9__gnu_cxx17__normal_iteratorIPKcS4_EES9_yc
000000033a596890 r .xdata$_ZNSt7__cxx1112basic_stringIcSt11char_traitsIcESaIcEE7replaceEyyPKc
000000033a596850 r .xdata$_ZNSt7__cxx1112basic_stringIcSt11char_traitsIcESaIcEE7replaceEyyPKcy
000000033a59687c r .xdata$_ZNSt7__cxx1112basic_stringIcSt11char_traitsIcESaIcEE7replaceEyyRKS4_
000000033a596904 r .xdata$_ZNSt7__cxx1112basic_stringIcSt11char_traitsIcESaIcEE7replaceEyyRKS4_yy
000000033a5967e4 r .xdata$_ZNSt7__cxx1112basic_stringIcSt11char_traitsIcESaIcEE7replaceEyyyc
000000033a5966d0 r .xdata$_ZNSt7__cxx1112basic_stringIcSt11char_traitsIcESaIcEE7reserveEv
000000033a5966c4 r .xdata$_ZNSt7__cxx1112basic_stringIcSt11char_traitsIcESaIcEE7reserveEy
000000033a59662c r .xdata$_ZNSt7__cxx1112basic_stringIcSt11char_traitsIcESaIcEE8_M_eraseEyy
000000033a5967a0 r .xdata$_ZNSt7__cxx1112basic_stringIcSt11char_traitsIcESaIcEE8pop_backEv
000000033a59690c r .xdata$_ZNSt7__cxx1112basic_stringIcSt11char_traitsIcESaIcEE9_M_appendEPKcy
000000033a596600 r .xdata$_ZNSt7__cxx1112basic_stringIcSt11char_traitsIcESaIcEE9_M_assignERKS4_
000000033a5959a8 r .xdata$_ZNSt7__cxx1112basic_stringIcSt11char_traitsIcESaIcEE9_M_createERyy
000000033a5956ec r .xdata$_ZNSt7__cxx1112basic_stringIcSt11char_traitsIcESaIcEE9_M_lengthEy
000000033a596614 r .xdata$_ZNSt7__cxx1112basic_stringIcSt11char_traitsIcESaIcEE9_M_mutateEyyPKcy
000000033a5965ec r .xdata$_ZNSt7__cxx1112basic_stringIcSt11char_traitsIcESaIcEE9_S_assignEPcyc
000000033a59675c r .xdata$_ZNSt7__cxx1112basic_stringIcSt11char_traitsIcESaIcEE9push_backEc
000000033a5967f0 r .xdata$_ZNSt7__cxx1112basic_stringIcSt11char_traitsIcESaIcEEaSEc
000000033a59667c r .xdata$_ZNSt7__cxx1112basic_stringIcSt11char_traitsIcESaIcEEaSEOS4_
000000033a596860 r .xdata$_ZNSt7__cxx1112basic_stringIcSt11char_traitsIcESaIcEEaSEPKc
000000033a596674 r .xdata$_ZNSt7__cxx1112basic_stringIcSt11char_traitsIcESaIcEEaSERKS4_
000000033a596858 r .xdata$_ZNSt7__cxx1112basic_stringIcSt11char_traitsIcESaIcEEaSESt16initializer_listIcE
000000033a596658 r .xdata$_ZNSt7__cxx1112basic_stringIcSt11char_traitsIcESaIcEEC1EOS4_
000000033a596668 r .xdata$_ZNSt7__cxx1112basic_stringIcSt11char_traitsIcESaIcEEC1EOS4_RKS3_
000000033a596bd0 r .xdata$_ZNSt7__cxx1112basic_stringIcSt11char_traitsIcESaIcEEC1EPKcRKS3_
000000033a596bbc r .xdata$_ZNSt7__cxx1112basic_stringIcSt11char_traitsIcESaIcEEC1EPKcyRKS3_
000000033a596644 r .xdata$_ZNSt7__cxx1112basic_stringIcSt11char_traitsIcESaIcEEC1ERKS3_
000000033a596b78 r .xdata$_ZNSt7__cxx1112basic_stringIcSt11char_traitsIcESaIcEEC1ERKS4_
000000033a596b60 r .xdata$_ZNSt7__cxx1112basic_stringIcSt11char_traitsIcESaIcEEC1ERKS4_RKS3_
000000033a596b8c r .xdata$_ZNSt7__cxx1112basic_stringIcSt11char_traitsIcESaIcEEC1ERKS4_yRKS3_
000000033a596b9c r .xdata$_ZNSt7__cxx1112basic_stringIcSt11char_traitsIcESaIcEEC1ERKS4_yy
000000033a596bac r .xdata$_ZNSt7__cxx1112basic_stringIcSt11char_traitsIcESaIcEEC1ERKS4_yyRKS3_
000000033a596be0 r .xdata$_ZNSt7__cxx1112basic_stringIcSt11char_traitsIcESaIcEEC1ESt16initializer_listIcERKS3_
000000033a59663c r .xdata$_ZNSt7__cxx1112basic_stringIcSt11char_traitsIcESaIcEEC1Ev
000000033a59664c r .xdata$_ZNSt7__cxx1112basic_stringIcSt11char_traitsIcESaIcEEC1EycRKS3_
000000033a596b48 r .xdata$_ZNSt7__cxx1112basic_stringIcSt11char_traitsIcESaIcEEC1IN9__gnu_cxx17__normal_iteratorIPcS4_EEvEET_SA_RKS3_
000000033a596b80 r .xdata$_ZNSt7__cxx1112basic_stringIcSt11char_traitsIcESaIcEEC1IPcvEET_S7_RKS3_
000000033a596be8 r .xdata$_ZNSt7__cxx1112basic_stringIcSt11char_traitsIcESaIcEEC1IPKcvEET_S8_RKS3_
000000033a595578 r .xdata$_ZNSt7__cxx1112basic_stringIcSt11char_traitsIcESaIcEEC1IS3_EEPKcRKS3_
000000033a596650 r .xdata$_ZNSt7__cxx1112basic_stringIcSt11char_traitsIcESaIcEEC2EOS4_
000000033a596660 r .xdata$_ZNSt7__cxx1112basic_stringIcSt11char_traitsIcESaIcEEC2EOS4_RKS3_
000000033a596bc4 r .xdata$_ZNSt7__cxx1112basic_stringIcSt11char_traitsIcESaIcEEC2EPKcRKS3_
000000033a596bb4 r .xdata$_ZNSt7__cxx1112basic_stringIcSt11char_traitsIcESaIcEEC2EPKcyRKS3_
000000033a596640 r .xdata$_ZNSt7__cxx1112basic_stringIcSt11char_traitsIcESaIcEEC2ERKS3_
000000033a596b74 r .xdata$_ZNSt7__cxx1112basic_stringIcSt11char_traitsIcESaIcEEC2ERKS4_
000000033a596b5c r .xdata$_ZNSt7__cxx1112basic_stringIcSt11char_traitsIcESaIcEEC2ERKS4_RKS3_
000000033a596b84 r .xdata$_ZNSt7__cxx1112basic_stringIcSt11char_traitsIcESaIcEEC2ERKS4_yRKS3_
000000033a596b94 r .xdata$_ZNSt7__cxx1112basic_stringIcSt11char_traitsIcESaIcEEC2ERKS4_yy
000000033a596ba4 r .xdata$_ZNSt7__cxx1112basic_stringIcSt11char_traitsIcESaIcEEC2ERKS4_yyRKS3_
000000033a596bdc r .xdata$_ZNSt7__cxx1112basic_stringIcSt11char_traitsIcESaIcEEC2ESt16initializer_listIcERKS3_
000000033a596638 r .xdata$_ZNSt7__cxx1112basic_stringIcSt11char_traitsIcESaIcEEC2Ev
000000033a596648 r .xdata$_ZNSt7__cxx1112basic_stringIcSt11char_traitsIcESaIcEEC2EycRKS3_
000000033a596b44 r .xdata$_ZNSt7__cxx1112basic_stringIcSt11char_traitsIcESaIcEEC2IN9__gnu_cxx17__normal_iteratorIPcS4_EEvEET_SA_RKS3_
000000033a596b7c r .xdata$_ZNSt7__cxx1112basic_stringIcSt11char_traitsIcESaIcEEC2IPcvEET_S7_RKS3_
000000033a596be4 r .xdata$_ZNSt7__cxx1112basic_stringIcSt11char_traitsIcESaIcEEC2IPKcvEET_S8_RKS3_
000000033a59553c r .xdata$_ZNSt7__cxx1112basic_stringIcSt11char_traitsIcESaIcEED1Ev
000000033a596670 r .xdata$_ZNSt7__cxx1112basic_stringIcSt11char_traitsIcESaIcEED2Ev
000000033a596728 r .xdata$_ZNSt7__cxx1112basic_stringIcSt11char_traitsIcESaIcEEixEy
000000033a59674c r .xdata$_ZNSt7__cxx1112basic_stringIcSt11char_traitsIcESaIcEEpLEc
000000033a59692c r .xdata$_ZNSt7__cxx1112basic_stringIcSt11char_traitsIcESaIcEEpLEPKc
000000033a596948 r .xdata$_ZNSt7__cxx1112basic_stringIcSt11char_traitsIcESaIcEEpLERKS4_
000000033a596938 r .xdata$_ZNSt7__cxx1112basic_stringIcSt11char_traitsIcESaIcEEpLESt16initializer_listIcE
000000033a595468 r .xdata$_ZNSt8__detail15_Hash_code_baseIiiNS_9_IdentityESt4hashIiENS_18_Mod_range_hashingENS_20_Default_ranged_hashELb0EEC2Ev
000000033a5952dc r .xdata$_ZNSt8__detail15_Hash_node_baseC1Ev
000000033a595474 r .xdata$_ZNSt8__detail15_Hashtable_baseIiiNS_9_IdentityESt8equal_toIiESt4hashIiENS_18_Mod_range_hashingENS_20_Default_ranged_hashENS_17_Hashtable_traitsILb0ELb1ELb1EEEEC2Ev
000000033a595d8c r .xdata$_ZNSt8__detail16_Hashtable_allocISaINS_10_Hash_nodeIiLb0EEEEE17_M_node_allocatorEv
000000033a595c20 r .xdata$_ZNSt8__detail16_Hashtable_allocISaINS_10_Hash_nodeIiLb0EEEEE18_M_deallocate_nodeEPS2_
000000033a595a48 r .xdata$_ZNSt8__detail16_Hashtable_allocISaINS_10_Hash_nodeIiLb0EEEEE19_M_deallocate_nodesEPS2_
000000033a595c34 r .xdata$_ZNSt8__detail16_Hashtable_allocISaINS_10_Hash_nodeIiLb0EEEEE21_M_deallocate_bucketsEPPNS_15_Hash_node_baseEy
000000033a595d98 r .xdata$_ZNSt8__detail16_Hashtable_allocISaINS_10_Hash_nodeIiLb0EEEEE22_M_deallocate_node_ptrEPS2_
000000033a59548c r .xdata$_ZNSt8__detail16_Hashtable_allocISaINS_10_Hash_nodeIiLb0EEEEEC2Ev
000000033a595498 r .xdata$_ZNSt8__detail16_Hashtable_allocISaINS_10_Hash_nodeIiLb0EEEEED2Ev
000000033a5952e4 r .xdata$_ZNSt8__detail20_Prime_rehash_policyC1Ef
000000033a595ec0 r .xdata$_ZNSt8__detail21_Hashtable_ebo_helperILi0ESaINS_10_Hash_nodeIiLb0EEEELb1EE6_M_getEv
000000033a5955ec r .xdata$_ZNSt8__detail21_Hashtable_ebo_helperILi0ESaINS_10_Hash_nodeIiLb0EEEELb1EEC2Ev
000000033a595480 r .xdata$_ZNSt8__detail21_Hashtable_ebo_helperILi0ESaINS_10_Hash_nodeIiLb0EEEELb1EED2Ev
000000033a5955e4 r .xdata$_ZNSt8__detail21_Hashtable_ebo_helperILi0ESt8equal_toIiELb1EEC2Ev
000000033a5955dc r .xdata$_ZNSt8__detail21_Hashtable_ebo_helperILi1ESt4hashIiELb1EEC2Ev
000000033a595c64 r .xdata$_ZNSt8__detail4_ModIjLj0ELj1ELj0ELb1ELb0EE6__calcEj
000000033a595c70 r .xdata$_ZNSt8__detail4_ModIjLj624ELj1ELj0ELb1ELb1EE6__calcEj
000000033a595aa0 r .xdata$_ZNSt8__detail5__modIjLj0ELj1ELj0EEET_S1_
000000033a595aac r .xdata$_ZNSt8__detail5__modIjLj624ELj1ELj0EEET_S1_
000000033a595bb8 r .xdata$_ZNSt8_Rb_treeIhSt4pairIKhiESt10_Select1stIS2_ESt4lessIhESaIS2_EE10_Auto_node9_M_insertES0_IPSt18_Rb_tree_node_baseSB_E
000000033a595b84 r .xdata$_ZNSt8_Rb_treeIhSt4pairIKhiESt10_Select1stIS2_ESt4lessIhESaIS2_EE10_Auto_nodeC1IJRKSt21piecewise_construct_tSt5tupleIJOhEESE_IJEEEEERS8_DpOT_
000000033a595b94 r .xdata$_ZNSt8_Rb_treeIhSt4pairIKhiESt10_Select1stIS2_ESt4lessIhESaIS2_EE10_Auto_nodeD1Ev
000000033a595e2c r .xdata$_ZNSt8_Rb_treeIhSt4pairIKhiESt10_Select1stIS2_ESt4lessIhESaIS2_EE11_M_get_nodeEv
000000033a595d18 r .xdata$_ZNSt8_Rb_treeIhSt4pairIKhiESt10_Select1stIS2_ESt4lessIhESaIS2_EE11_M_leftmostEv
000000033a595bfc r .xdata$_ZNSt8_Rb_treeIhSt4pairIKhiESt10_Select1stIS2_ESt4lessIhESaIS2_EE11_M_put_nodeEPSt13_Rb_tree_nodeIS2_E
000000033a595b38 r .xdata$_ZNSt8_Rb_treeIhSt4pairIKhiESt10_Select1stIS2_ESt4lessIhESaIS2_EE11lower_boundERS1_
000000033a5959e8 r .xdata$_ZNSt8_Rb_treeIhSt4pairIKhiESt10_Select1stIS2_ESt4lessIhESaIS2_EE12_M_drop_nodeEPSt13_Rb_tree_nodeIS2_E
000000033a595cfc r .xdata$_ZNSt8_Rb_treeIhSt4pairIKhiESt10_Select1stIS2_ESt4lessIhESaIS2_EE12_M_rightmostEv
000000033a59559c r .xdata$_ZNSt8_Rb_treeIhSt4pairIKhiESt10_Select1stIS2_ESt4lessIhESaIS2_EE13_Rb_tree_implIS6_Lb1EEC1Ev
000000033a59532c r .xdata$_ZNSt8_Rb_treeIhSt4pairIKhiESt10_Select1stIS2_ESt4lessIhESaIS2_EE13_Rb_tree_implIS6_Lb1EED1Ev
000000033a595cd8 r .xdata$_ZNSt8_Rb_treeIhSt4pairIKhiESt10_Select1stIS2_ESt4lessIhESaIS2_EE14_M_create_nodeIJRKSt21piecewise_construct_tSt5tupleIJOhEESD_IJEEEEEPSt13_Rb_tree_nodeIS2_EDpOT_
000000033a595d44 r .xdata$_ZNSt8_Rb_treeIhSt4pairIKhiESt10_Select1stIS2_ESt4lessIhESaIS2_EE14_M_insert_nodeEPSt18_Rb_tree_node_baseSA_PSt13_Rb_tree_nodeIS2_E
000000033a595b18 r .xdata$_ZNSt8_Rb_treeIhSt4pairIKhiESt10_Select1stIS2_ESt4lessIhESaIS2_EE14_M_lower_boundEPSt13_Rb_tree_nodeIS2_EPSt18_Rb_tree_node_baseRS1_
000000033a595bf0 r .xdata$_ZNSt8_Rb_treeIhSt4pairIKhiESt10_Select1stIS2_ESt4lessIhESaIS2_EE15_M_destroy_nodeEPSt13_Rb_tree_nodeIS2_E
000000033a595e38 r .xdata$_ZNSt8_Rb_treeIhSt4pairIKhiESt10_Select1stIS2_ESt4lessIhESaIS2_EE17_M_construct_nodeIJRKSt21piecewise_construct_tSt5tupleIJOhEESD_IJEEEEEvPSt13_Rb_tree_nodeIS2_EDpOT_
000000033a595d5c r .xdata$_ZNSt8_Rb_treeIhSt4pairIKhiESt10_Select1stIS2_ESt4lessIhESaIS2_EE21_M_get_Node_allocatorEv
000000033a595970 r .xdata$_ZNSt8_Rb_treeIhSt4pairIKhiESt10_Select1stIS2_ESt4lessIhESaIS2_EE22_M_emplace_hint_uniqueIJRKSt21piecewise_construct_tSt5tupleIJOhEESD_IJEEEEESt17_Rb_tree_iteratorIS2_ESt23_Rb_tree_const_iteratorIS2_EDpOT_
000000033a595d0c r .xdata$_ZNSt8_Rb_treeIhSt4pairIKhiESt10_Select1stIS2_ESt4lessIhESaIS2_EE24_M_get_insert_unique_posERS1_
000000033a595ba0 r .xdata$_ZNSt8_Rb_treeIhSt4pairIKhiESt10_Select1stIS2_ESt4lessIhESaIS2_EE29_M_get_insert_hint_unique_posESt23_Rb_tree_const_iteratorIS2_ERS1_
000000033a595924 r .xdata$_ZNSt8_Rb_treeIhSt4pairIKhiESt10_Select1stIS2_ESt4lessIhESaIS2_EE3endEv
000000033a595918 r .xdata$_ZNSt8_Rb_treeIhSt4pairIKhiESt10_Select1stIS2_ESt4lessIhESaIS2_EE4findERS1_
000000033a595e6c r .xdata$_ZNSt8_Rb_treeIhSt4pairIKhiESt10_Select1stIS2_ESt4lessIhESaIS2_EE5beginEv
000000033a595b10 r .xdata$_ZNSt8_Rb_treeIhSt4pairIKhiESt10_Select1stIS2_ESt4lessIhESaIS2_EE6_M_endEv
000000033a595cb4 r .xdata$_ZNSt8_Rb_treeIhSt4pairIKhiESt10_Select1stIS2_ESt4lessIhESaIS2_EE6_S_keyEPKSt13_Rb_tree_nodeIS2_E
000000033a595b24 r .xdata$_ZNSt8_Rb_treeIhSt4pairIKhiESt10_Select1stIS2_ESt4lessIhESaIS2_EE6_S_keyEPKSt18_Rb_tree_node_base
000000033a5959e0 r .xdata$_ZNSt8_Rb_treeIhSt4pairIKhiESt10_Select1stIS2_ESt4lessIhESaIS2_EE7_S_leftEPSt18_Rb_tree_node_base
000000033a595758 r .xdata$_ZNSt8_Rb_treeIhSt4pairIKhiESt10_Select1stIS2_ESt4lessIhESaIS2_EE8_M_beginEv
000000033a59574c r .xdata$_ZNSt8_Rb_treeIhSt4pairIKhiESt10_Select1stIS2_ESt4lessIhESaIS2_EE8_M_eraseEPSt13_Rb_tree_nodeIS2_E
000000033a5959d8 r .xdata$_ZNSt8_Rb_treeIhSt4pairIKhiESt10_Select1stIS2_ESt4lessIhESaIS2_EE8_S_rightEPSt18_Rb_tree_node_base
000000033a595338 r .xdata$_ZNSt8_Rb_treeIhSt4pairIKhiESt10_Select1stIS2_ESt4lessIhESaIS2_EEC1Ev
000000033a5955a8 r .xdata$_ZNSt8_Rb_treeIhSt4pairIKhiESt10_Select1stIS2_ESt4lessIhESaIS2_EED1Ev
000000033a596d34 r .xdata$_ZNSt8bad_castD0Ev
000000033a596d30 r .xdata$_ZNSt8bad_castD2Ev
000000033a596d14 r .xdata$_ZNSt9bad_allocD0Ev
000000033a596d10 r .xdata$_ZNSt9bad_allocD2Ev
000000033a59713c r .xdata$_ZNSt9exceptionD0Ev
000000033a59712c r .xdata$_ZNSt9exceptionD2Ev
000000033a5962bc r .xdata$_ZNSt9type_infoD0Ev
000000033a5962b0 r .xdata$_ZNSt9type_infoD2Ev
000000033a596268 r .xdata$_Znwy
000000033a595040 r .xdata$_ZnwyPv
000000033a595dec r .xdata$_ZSt10_ConstructIiJRiEEvPT_DpOT0_
000000033a59525c r .xdata$_ZSt10destroy_atIhEvPT_
000000033a595ed4 r .xdata$_ZSt10destroy_atIiEvPT_
000000033a5960c4 r .xdata$_ZSt10destroy_atIP4dataEvPT_
000000033a595e98 r .xdata$_ZSt10destroy_atISt4pairIKhiEEvPT_
000000033a5952b4 r .xdata$_ZSt11__addressofIcEPT_RS0_
000000033a59522c r .xdata$_ZSt11__addressofIhEPT_RS0_
000000033a595dbc r .xdata$_ZSt11__addressofIiEPT_RS0_
000000033a595d54 r .xdata$_ZSt11__addressofIKcEPT_RS1_
000000033a596024 r .xdata$_ZSt11__addressofINSt8__detail10_Hash_nodeIiLb0EEEEPT_RS3_
000000033a595f70 r .xdata$_ZSt11__addressofIP4dataEPT_RS2_
000000033a595f98 r .xdata$_ZSt11__addressofIPNSt8__detail15_Hash_node_baseEEPT_RS3_
000000033a596084 r .xdata$_ZSt12__get_helperILy0EOhJEERT0_RSt11_Tuple_implIXT_EJS1_DpT1_EE
000000033a595fc8 r .xdata$_ZSt12__miter_baseIN9__gnu_cxx17__normal_iteratorIPiSt6vectorIiSaIiEEEEET_S7_
000000033a5951e0 r .xdata$_ZSt12__niter_baseIPhET_S1_
000000033a595dd0 r .xdata$_ZSt12__niter_baseIPiET_S1_
000000033a596038 r .xdata$_ZSt12__niter_baseIPiSt6vectorIiSaIiEEET_N9__gnu_cxx17__normal_iteratorIS4_T0_EE
000000033a595d70 r .xdata$_ZSt12__niter_baseIPP4dataET_S3_
000000033a596050 r .xdata$_ZSt12__niter_wrapIPiET_RKS1_S1_
000000033a5951c4 r .xdata$_ZSt12__relocate_aIPhS0_SaIhEET0_T_S3_S2_RT1_
000000033a595c54 r .xdata$_ZSt12__relocate_aIPiS0_SaIiEET0_T_S3_S2_RT1_
000000033a595c08 r .xdata$_ZSt12__relocate_aIPP4dataS2_SaIS1_EET0_T_S5_S4_RT1_
000000033a5951a8 r .xdata$_ZSt12__to_addressIhEPT_S1_
000000033a595a8c r .xdata$_ZSt12__to_addressIiEPT_S1_
000000033a595a24 r .xdata$_ZSt12__to_addressIP4dataEPT_S3_
000000033a5954f8 r .xdata$_ZSt12construct_atIcJRKcEEDTgsnwcvPvLi0E_T_pispcl7declvalIT0_EEEEPS3_DpOS4_
000000033a595250 r .xdata$_ZSt12construct_atIhJhEEDTgsnwcvPvLi0E_T_pispcl7declvalIT0_EEEEPS1_DpOS2_
000000033a595188 r .xdata$_ZSt12construct_atIhJRKhEEDTgsnwcvPvLi0E_T_pispcl7declvalIT0_EEEEPS3_DpOS4_
000000033a5960cc r .xdata$_ZSt12construct_atIiJiEEDTgsnwcvPvLi0E_T_pispcl7declvalIT0_EEEEPS1_DpOS2_
000000033a595f1c r .xdata$_ZSt12construct_atIiJRiEEDTgsnwcvPvLi0E_T_pispcl7declvalIT0_EEEEPS2_DpOS3_
000000033a595a74 r .xdata$_ZSt12construct_atIiJRKiEEDTgsnwcvPvLi0E_T_pispcl7declvalIT0_EEEEPS3_DpOS4_
000000033a595a04 r .xdata$_ZSt12construct_atIP4dataJRKS1_EEDTgsnwcvPvLi0E_T_pispcl7declvalIT0_EEEEPS5_DpOS6_
000000033a5960b8 r .xdata$_ZSt12construct_atIP4dataJS1_EEDTgsnwcvPvLi0E_T_pispcl7declvalIT0_EEEEPS3_DpOS4_
000000033a595ff4 r .xdata$_ZSt12construct_atISt4pairIKhiEJRKSt21piecewise_construct_tSt5tupleIJOhEES6_IJEEEEDTgsnwcvPvLi0E_T_pispcl7declvalIT0_EEEEPSB_DpOSC_
000000033a595fd0 r .xdata$_ZSt13__copy_move_aILb0EN9__gnu_cxx17__normal_iteratorIPiSt6vectorIiSaIiEEEES2_ET1_T0_S8_S7_
000000033a596238 r .xdata$_ZSt13get_terminatev
000000033a596234 r .xdata$_ZSt13set_terminatePFvvE
000000033a596044 r .xdata$_ZSt14__copy_move_a1ILb0EPiS0_ET1_T0_S2_S1_
000000033a5960d8 r .xdata$_ZSt14__copy_move_a2ILb0EPiS0_ET1_T0_S2_S1_
000000033a5951f0 r .xdata$_ZSt14__relocate_a_1IhhENSt9enable_ifIXsrSt24__is_bitwise_relocatableIT_vE5valueEPS2_E4typeES4_S4_S4_RSaIT0_E
000000033a595de0 r .xdata$_ZSt14__relocate_a_1IiiENSt9enable_ifIXsrSt24__is_bitwise_relocatableIT_vE5valueEPS2_E4typeES4_S4_S4_RSaIT0_E
000000033a595d80 r .xdata$_ZSt14__relocate_a_1IP4dataS1_ENSt9enable_ifIXsrSt24__is_bitwise_relocatableIT_vE5valueEPS4_E4typeES6_S6_S6_RSaIT0_E
000000033a595208 r .xdata$_ZSt14__relocate_a_1IPhN9__gnu_cxx17__normal_iteratorIS0_vEESaIhEET0_T_S6_S5_RT1_
000000033a595f00 r .xdata$_ZSt14__relocate_a_1IPiN9__gnu_cxx17__normal_iteratorIS0_vEESaIiEET0_T_S6_S5_RT1_
000000033a595eac r .xdata$_ZSt14__relocate_a_1IPP4dataN9__gnu_cxx17__normal_iteratorIS2_vEESaIS1_EET0_T_S8_S7_RT1_
000000033a596240 r .xdata$_ZSt14get_unexpectedv
000000033a59623c r .xdata$_ZSt14set_unexpectedPFvvE
000000033a597168 r .xdata$_ZSt15get_new_handlerv
000000033a597164 r .xdata$_ZSt15set_new_handlerPFvvE
000000033a595c9c r .xdata$_ZSt16__do_uninit_copyIN9__gnu_cxx17__normal_iteratorIPiSt6vectorIiSaIiEEEES2_ET0_T_S8_S7_
000000033a59595c r .xdata$_ZSt16forward_as_tupleIJhEESt5tupleIJDpOT_EES3_
000000033a59631c r .xdata$_ZSt18_Rb_tree_decrementPKSt18_Rb_tree_node_base
000000033a596318 r .xdata$_ZSt18_Rb_tree_decrementPSt18_Rb_tree_node_base
000000033a596314 r .xdata$_ZSt18_Rb_tree_incrementPKSt18_Rb_tree_node_base
000000033a596310 r .xdata$_ZSt18_Rb_tree_incrementPSt18_Rb_tree_node_base
000000033a596128 r .xdata$_ZSt18uncaught_exceptionv
000000033a595ca8 r .xdata$_ZSt18uninitialized_copyIN9__gnu_cxx17__normal_iteratorIPiSt6vectorIiSaIiEEEES2_ET0_T_S8_S7_
000000033a595234 r .xdata$_ZSt19__relocate_object_aIhhSaIhEEvPT_PT0_RT1_
000000033a595fbc r .xdata$_ZSt19__relocate_object_aIiiSaIiEEvPT_PT0_RT1_
000000033a595f78 r .xdata$_ZSt19__relocate_object_aIP4dataS1_SaIS1_EEvPT_PT0_RT1_
000000033a596130 r .xdata$_ZSt19uncaught_exceptionsv
000000033a596334 r .xdata$_ZSt20_Rb_tree_black_countPKSt18_Rb_tree_node_baseS1_
000000033a596320 r .xdata$_ZSt20_Rb_tree_rotate_leftPSt18_Rb_tree_node_baseRS0_
000000033a596324 r .xdata$_ZSt21_Rb_tree_rotate_rightPSt18_Rb_tree_node_baseRS0_
000000033a595038 r .xdata$_ZSt21is_constant_evaluatedv
000000033a5958c4 r .xdata$_ZSt22__gen_two_uniform_intsIyRSt23mersenne_twister_engineIjLy32ELy624ELy397ELy31ELj2567483615ELy11ELj4294967295ELy7ELj2636928640ELy15ELj4022730752ELy18ELj1812433253EEESt4pairIT_S4_ES4_S4_OT0_
000000033a595b04 r .xdata$_ZSt22__uninitialized_copy_aIN9__gnu_cxx17__normal_iteratorIPiSt6vectorIiSaIiEEEES2_iET0_T_S8_S7_RSaIT1_E
000000033a59632c r .xdata$_ZSt28_Rb_tree_rebalance_for_erasePSt18_Rb_tree_node_baseRS_
000000033a596328 r .xdata$_ZSt29_Rb_tree_insert_and_rebalancebPSt18_Rb_tree_node_baseS0_RS_
000000033a596078 r .xdata$_ZSt3getILy0EJOhEERNSt13tuple_elementIXT_ESt5tupleIJDpT0_EEE4typeERS5_
000000033a59511c r .xdata$_ZSt3maxIyERKT_S2_S2_
000000033a595114 r .xdata$_ZSt3minIyERKT_S2_S2_
000000033a595f28 r .xdata$_ZSt4copyIN9__gnu_cxx17__normal_iteratorIPiSt6vectorIiSaIiEEEES2_ET0_T_S8_S7_
000000033a595240 r .xdata$_ZSt4moveIRhEONSt16remove_referenceIT_E4typeEOS2_
000000033a595c7c r .xdata$_ZSt4moveIRiEONSt16remove_referenceIT_E4typeEOS2_
000000033a59601c r .xdata$_ZSt4moveIRP4dataEONSt16remove_referenceIT_E4typeEOS4_
000000033a595ab8 r .xdata$_ZSt4swapIiENSt9enable_ifIXsrSt6__and_IJSt6__not_ISt15__is_tuple_likeIT_EESt21is_move_constructibleIS4_ESt18is_move_assignableIS4_EEE5valueEvE4typeERS4_SE_
000000033a595248 r .xdata$_ZSt7forwardIhEOT_RNSt16remove_referenceIS0_E4typeE
000000033a595570 r .xdata$_ZSt7forwardIiEOT_RNSt16remove_referenceIS0_E4typeE
000000033a5960e4 r .xdata$_ZSt7forwardIOhEOT_RNSt16remove_referenceIS1_E4typeE
000000033a5960b0 r .xdata$_ZSt7forwardIP4dataEOT_RNSt16remove_referenceIS2_E4typeE
000000033a595f14 r .xdata$_ZSt7forwardIRiEOT_RNSt16remove_referenceIS1_E4typeE
000000033a5956dc r .xdata$_ZSt7forwardIRKcEOT_RNSt16remove_referenceIS2_E4typeE
000000033a595180 r .xdata$_ZSt7forwardIRKhEOT_RNSt16remove_referenceIS2_E4typeE
000000033a595a6c r .xdata$_ZSt7forwardIRKiEOT_RNSt16remove_referenceIS2_E4typeE
000000033a5959fc r .xdata$_ZSt7forwardIRKP4dataEOT_RNSt16remove_referenceIS4_E4typeE
000000033a595b6c r .xdata$_ZSt7forwardIRKSt21piecewise_construct_tEOT_RNSt16remove_referenceIS3_E4typeE
000000033a595f40 r .xdata$_ZSt7forwardIRPSt13_Rb_tree_nodeISt4pairIKhiEEEOT_RNSt16remove_referenceIS7_E4typeE
000000033a595e84 r .xdata$_ZSt7forwardIRPSt18_Rb_tree_node_baseEOT_RNSt16remove_referenceIS3_E4typeE
000000033a595b7c r .xdata$_ZSt7forwardISt5tupleIJEEEOT_RNSt16remove_referenceIS2_E4typeE
000000033a595b74 r .xdata$_ZSt7forwardISt5tupleIJOhEEEOT_RNSt16remove_referenceIS3_E4typeE
000000033a59573c r .xdata$_ZSt7forwardIyEOT_RNSt16remove_referenceIS0_E4typeE
000000033a59567c r .xdata$_ZSt7shuffleIN9__gnu_cxx17__normal_iteratorIPiSt6vectorIiSaIiEEEERSt23mersenne_twister_engineIjLy32ELy624ELy397ELy31ELj2567483615ELy11ELj4294967295ELy7ELj2636928640ELy15ELj4022730752ELy18ELj1812433253EEEvT_SA_OT0_
000000033a595dc4 r .xdata$_ZSt8_DestroyIiEvPT_
000000033a595a60 r .xdata$_ZSt8_DestroyIPiEvT_S1_
000000033a5952a8 r .xdata$_ZSt9addressofIcEPT_RS0_
000000033a595be4 r .xdata$_ZSt9addressofIKcEPT_RS1_
000000033a595f8c r .xdata$_ZSt9addressofINSt8__detail10_Hash_nodeIiLb0EEEEPT_RS3_
000000033a595ee8 r .xdata$_ZSt9addressofIPNSt8__detail15_Hash_node_baseEEPT_RS3_
000000033a5958b8 r .xdata$_ZSt9iter_swapIN9__gnu_cxx17__normal_iteratorIPiSt6vectorIiSaIiEEEES6_EvT_T0_
000000033a595ac4 r .xdata$_ZSt9make_pairIyyESt4pairINSt25__strip_reference_wrapperINSt5decayIT_E4typeEE6__typeENS1_INS2_IT0_E4typeEE6__typeEEOS3_OS8_
000000033a5956c8 r .xdata$_ZSteqRKSt17_Rb_tree_iteratorISt4pairIKhiEES5_
000000033a596ac0 r .xdata$_ZStplIcSt11char_traitsIcESaIcEENSt7__cxx1112basic_stringIT_T0_T1_EEPKS5_RKS8_
000000033a596b0c r .xdata$_ZStplIcSt11char_traitsIcESaIcEENSt7__cxx1112basic_stringIT_T0_T1_EERKS8_SA_
000000033a596ae8 r .xdata$_ZStplIcSt11char_traitsIcESaIcEENSt7__cxx1112basic_stringIT_T0_T1_EES5_RKS8_
000000033a5979f8 r .xdata$_ZStplIcSt11char_traitsIcESaIcEESbIT_T0_T1_EPKS3_RKS6_
000000033a597a4c r .xdata$_ZStplIcSt11char_traitsIcESaIcEESbIT_T0_T1_ERKS6_S8_
000000033a597a24 r .xdata$_ZStplIcSt11char_traitsIcESaIcEESbIT_T0_T1_ES3_RKS6_
000000033a59515c r .xdata$_ZZNSt6vectorIhSaIhEE17_M_realloc_appendIJRKhEEEvDpOT_EN6_GuardC1EPhyRS0_
000000033a595164 r .xdata$_ZZNSt6vectorIhSaIhEE17_M_realloc_appendIJRKhEEEvDpOT_EN6_GuardD1Ev
000000033a595864 r .xdata$_ZZNSt6vectorIiSaIiEE17_M_realloc_appendIJRKiEEEvDpOT_EN6_GuardC1EPiyRS0_
000000033a59586c r .xdata$_ZZNSt6vectorIiSaIiEE17_M_realloc_appendIJRKiEEEvDpOT_EN6_GuardD1Ev
000000033a5957bc r .xdata$_ZZNSt6vectorIP4dataSaIS1_EE17_M_realloc_appendIJRKS1_EEEvDpOT_EN6_GuardC1EPS1_yRS2_
000000033a5957c4 r .xdata$_ZZNSt6vectorIP4dataSaIS1_EE17_M_realloc_appendIJRKS1_EEEvDpOT_EN6_GuardD1Ev
000000033a59571c r .xdata$_ZZNSt7__cxx1112basic_stringIcSt11char_traitsIcESaIcEE12_M_constructIPKcEEvT_S8_St20forward_iterator_tagEN6_GuardC1EPS4_
000000033a595724 r .xdata$_ZZNSt7__cxx1112basic_stringIcSt11char_traitsIcESaIcEE12_M_constructIPKcEEvT_S8_St20forward_iterator_tagEN6_GuardD1Ev
000000033a598118 r .xdata.startup
000000033a597ecc r .xdata.startup
000000033a597108 r .xdata.startup._GLOBAL__sub_I__ZN9__gnu_cxx9__freeresEv
000000033a596d04 r .xdata.startup._GLOBAL__sub_I__ZSt20__throw_system_errori
000000033a59705c r .xdata.unlikely
000000033a597124 r .xdata.unlikely.__cxa_call_terminate
000000033a596584 r .xdata.unlikely._ZN9__gnu_cxx26__throw_insufficient_spaceEPKcS1_
000000033a5970e8 r .xdata.unlikely._ZN9__gnu_cxx9__freeresEv
000000033a5964f0 r .xdata.unlikely._ZNSt12_GLOBAL__N_114__throw_syserrEiPKc
000000033a59622c r .xdata.unlikely._ZSt10unexpectedv
000000033a596350 r .xdata.unlikely._ZSt16__throw_bad_castv
000000033a596340 r .xdata.unlikely._ZSt17__throw_bad_allocv
000000033a596358 r .xdata.unlikely._ZSt18__throw_bad_typeidv
000000033a596360 r .xdata.unlikely._ZSt19__throw_logic_errorPKc
000000033a596430 r .xdata.unlikely._ZSt19__throw_range_errorPKc
000000033a59637c r .xdata.unlikely._ZSt20__throw_domain_errorPKc
000000033a5963b4 r .xdata.unlikely._ZSt20__throw_length_errorPKc
000000033a5963d0 r .xdata.unlikely._ZSt20__throw_out_of_rangePKc
000000033a596cc0 r .xdata.unlikely._ZSt20__throw_system_errori
000000033a596338 r .xdata.unlikely._ZSt21__throw_bad_exceptionv
000000033a596414 r .xdata.unlikely._ZSt21__throw_runtime_errorPKc
000000033a59644c r .xdata.unlikely._ZSt22__throw_overflow_errorPKc
000000033a596468 r .xdata.unlikely._ZSt23__throw_underflow_errorPKc
000000033a596398 r .xdata.unlikely._ZSt24__throw_invalid_argumentPKc
000000033a5963ec r .xdata.unlikely._ZSt24__throw_out_of_range_fmtPKcz
000000033a596348 r .xdata.unlikely._ZSt28__throw_bad_array_new_lengthv
000000033a59621c r .xdata.unlikely._ZSt9terminatev
000000033a56f4f0 T ___chkstk_ms
000000033a5a3010 D ___crt_xc_end__
000000033a5a3000 D ___crt_xc_start__
000000033a5a3028 D ___crt_xi_end__
000000033a5a3010 D ___crt_xi_start__
000000033a5a3028 D ___crt_xl_start__
000000033a5a3048 D ___crt_xp_end__
000000033a5a3048 D ___crt_xp_start__
000000033a5a3048 D ___crt_xt_end__
000000033a5a3048 D ___crt_xt_start__
000000033a589a50 T ___CTOR_LIST__
000000033a589a80 T ___DTOR_LIST__
000000033a590560 R ___RUNTIME_PSEUDO_RELOC_LIST__
000000033a590560 R ___RUNTIME_PSEUDO_RELOC_LIST_END__
000000033a5a4010 D ___tls_end__
000000033a5a4000 D ___tls_start__
000000033a56eec0 T ___w64_mingwthr_add_key_dtor
000000033a56ef30 T ___w64_mingwthr_remove_key_dtor
000000033a575630 T __acrt_iob_func
000000033a575240 T __b2d_D2A
000000033a5748f0 T __Balloc_D2A
000000033a5749e0 T __Bfree_D2A
000000033a58e820 R __bigtens_D2A
000000033a599b20 B __bss_end__
000000033a599000 B __bss_start__
000000033a56fee0 T __chk_fail
000000033a575000 T __cmp_D2A
000000033a589a50 T __CTOR_LIST__
000000033a588ae0 T __cxa_allocate_dependent_exception
000000033a588b50 T __cxa_allocate_exception
000000033a588bc0 T __cxa_begin_catch
000000033a589990 T __cxa_call_terminate
000000033a588c40 T __cxa_call_unexpected
000000033a588d80 T __cxa_current_exception_type
000000033a56e570 T __cxa_demangle
000000033a588db0 T __cxa_end_catch
000000033a588e40 T __cxa_free_dependent_exception
000000033a588e70 T __cxa_free_exception
000000033a588eb0 T __cxa_get_exception_ptr
000000033a588ec0 T __cxa_get_globals
000000033a588ed0 T __cxa_get_globals_fast
000000033a588ee0 T __cxa_init_primary_exception
                 w __cxa_pure_virtual
000000033a588f40 T __cxa_rethrow
000000033a588f90 T __cxa_throw
000000033a575350 T __d2b_D2A
000000033a58a1a0 D __data_end__
000000033a58a000 D __data_start__
000000033a575060 T __diff_D2A
0000000000000000 A __dll__
0000000000000160 A __dll_characteristics__
000000033a5611c0 t __DllMainCRTStartup
000000033a56e790 T __do_global_ctors
000000033a56e740 T __do_global_dtors
000000033a589a80 T __DTOR_LIST__
000000033a56e830 T __dyn_tls_dtor
000000033a56e850 T __dyn_tls_init
000000033a58e280 R __dyn_tls_init_callback
000000033a56fc90 T __emutls_get_address
000000033a56fe90 T __emutls_register_common
000000033a58a180 d __emutls_v._ZZN12_GLOBAL__N_110get_globalEvE6global
                 U __end__
0000000000000200 A __file_alignment__
000000033a572a10 T __freedtoa
000000033a561360 T __gcc_deregister_frame
000000033a561350 T __gcc_register_frame
000000033a56e6f0 T __gcclibcxx_demangle_callback
000000033a572c40 T __gdtoa
000000033a588fe0 T __gxx_personality_seh0
000000033a574b20 T __i2b_D2A
000000033a5a2618 I __IAT_end__
000000033a5a2390 I __IAT_start__
000000033a5a2530 I __imp___acrt_iob_func
000000033a5a2538 I __imp___stdio_common_vfprintf
000000033a58a080 D __imp__amsg_exit
000000033a5a24e0 I __imp__errno
000000033a5a24e8 I __imp__execute_onexit_table
000000033a5a24f0 I __imp__exit
000000033a5a24f8 I __imp__initialize_onexit_table
000000033a5a2500 I __imp__initterm
000000033a5a2460 I __imp__lock_file
000000033a5a2540 I __imp__read
000000033a5a2508 I __imp__register_onexit_function
000000033a5a2468 I __imp__unlock_file
000000033a5a2510 I __imp_abort
000000033a5a2478 I __imp_calloc
000000033a5a2390 I __imp_DeleteCriticalSection
000000033a5a2398 I __imp_EnterCriticalSection
000000033a5a2518 I __imp_exit
000000033a5a2550 I __imp_fopen
000000033a5a23a0 I __imp_FormatMessageA
000000033a58a090 D __imp_fprintf
000000033a5a2558 I __imp_fputc
000000033a5a2560 I __imp_fputs
000000033a5a2568 I __imp_fread
000000033a5a2480 I __imp_free
000000033a5a2570 I __imp_fwrite
000000033a5a23a8 I __imp_GetCurrentProcess
000000033a5a2450 I __imp_getenv
000000033a5a23b0 I __imp_GetLastError
000000033a5a23b8 I __imp_InitializeCriticalSection
000000033a5a23c0 I __imp_IsProcessorFeaturePresent
000000033a5a23c8 I __imp_LeaveCriticalSection
000000033a5a24a0 I __imp_localeconv
000000033a5a23d0 I __imp_LocalFree
000000033a5a2488 I __imp_malloc
000000033a5a2430 I __imp_mbrtowc
000000033a5a24b0 I __imp_memchr
000000033a5a24b8 I __imp_memcmp
000000033a5a24c0 I __imp_memcpy
000000033a5a24c8 I __imp_memmove
000000033a5a2580 I __imp_memset
000000033a5a25d0 I __imp_pthread_getspecific
000000033a5a25d8 I __imp_pthread_key_create
000000033a5a25e0 I __imp_pthread_mutex_destroy
000000033a5a25e8 I __imp_pthread_mutex_init
000000033a5a25f0 I __imp_pthread_mutex_lock
000000033a5a25f8 I __imp_pthread_mutex_unlock
000000033a5a2600 I __imp_pthread_once
000000033a5a2608 I __imp_pthread_setspecific
000000033a5a23d8 I __imp_RaiseException
000000033a5a25c0 I __imp_rand_s
000000033a5a2490 I __imp_realloc
000000033a5a23e0 I __imp_RtlCaptureContext
000000033a5a23e8 I __imp_RtlLookupFunctionEntry
000000033a5a23f0 I __imp_RtlUnwindEx
000000033a5a23f8 I __imp_RtlVirtualUnwind
000000033a5a2400 I __imp_Sleep
000000033a5a24d0 I __imp_strchr
000000033a5a2588 I __imp_strcmp
000000033a5a2520 I __imp_strerror
000000033a5a2590 I __imp_strlen
000000033a5a2598 I __imp_strncmp
000000033a5a25a0 I __imp_strnlen
000000033a5a2438 I __imp_strtoul
000000033a5a2408 I __imp_TerminateProcess
000000033a5a2410 I __imp_TlsGetValue
000000033a58a070 D __imp_vfprintf
000000033a5a2418 I __imp_VirtualProtect
000000033a5a2420 I __imp_VirtualQuery
000000033a5a2440 I __imp_wcrtomb
000000033a5a25a8 I __imp_wcslen
000000033a5a25b0 I __imp_wcsnlen
000000033a5a2548 I __imp_write
000000033a5a2a98 I __lib64_libapi_ms_win_crt_convert_l1_1_0_a_iname
000000033a5a2ac0 I __lib64_libapi_ms_win_crt_environment_l1_1_0_a_iname
000000033a5a2af0 I __lib64_libapi_ms_win_crt_filesystem_l1_1_0_a_iname
000000033a5a2b28 I __lib64_libapi_ms_win_crt_heap_l1_1_0_a_iname
000000033a5a2b4c I __lib64_libapi_ms_win_crt_locale_l1_1_0_a_iname
000000033a5a2b84 I __lib64_libapi_ms_win_crt_private_l1_1_0_a_iname
000000033a5a2bcc I __lib64_libapi_ms_win_crt_runtime_l1_1_0_a_iname
000000033a5a2c14 I __lib64_libapi_ms_win_crt_stdio_l1_1_0_a_iname
000000033a5a2c50 I __lib64_libapi_ms_win_crt_string_l1_1_0_a_iname
000000033a5a2c78 I __lib64_libapi_ms_win_crt_utility_l1_1_0_a_iname
000000033a5a2a7c I __lib64_libkernel32_a_iname
0000000000000000 A __loader_flags__
000000033a574ed0 T __lshift_D2A
000000033a56e810 T __main
0000000000000000 A __major_image_version__
0000000000000004 A __major_os_version__
0000000000000005 A __major_subsystem_version__
000000033a599050 B __mingw_app_type
000000033a56f410 T __mingw_enum_import_library_names
000000033a56f280 T __mingw_GetSectionCount
000000033a56f200 T __mingw_GetSectionForAddress
000000033a599048 B __mingw_initltsdrot_force
000000033a599044 B __mingw_initltsdyn_force
000000033a599040 B __mingw_initltssuo_force
000000033a58a000 D __mingw_module_is_dll
000000033a571dc0 T __mingw_pformat
000000033a56ff80 T __mingw_printf
000000033a570000 T __mingw_snprintf
000000033a56efd0 T __mingw_TLScallback
000000033a570020 T __mingw_vsnprintf
000000033a5990a0 b __mingwthr_cs
000000033a599088 b __mingwthr_cs_init
000000033a56ee40 t __mingwthr_run_key_dtors.part.0
0000000000000000 A __minor_image_version__
0000000000000000 A __minor_os_version__
0000000000000002 A __minor_subsystem_version__
000000033a574be0 T __mult_D2A
000000033a574a50 T __multadd_D2A
000000033a58a024 D __native_dllmain_reason
000000033a599030 B __native_startup_lock
000000033a599038 B __native_startup_state
000000033a58a020 D __native_vcclrit_reason
000000033a572980 T __nrv_alloc_D2A
000000033a570080 t __pformat_cvt
000000033a571600 t __pformat_efloat
000000033a571530 t __pformat_emit_efloat
000000033a5710d0 t __pformat_emit_float
000000033a570510 t __pformat_emit_inf_or_nan
000000033a570f80 t __pformat_emit_radix_point
000000033a5718e0 t __pformat_emit_xfloat.isra.0
000000033a5716a0 t __pformat_float
000000033a571780 t __pformat_gfloat
000000033a570bc0 t __pformat_int.isra.0
000000033a570170 t __pformat_putc
000000033a570370 t __pformat_putchars
000000033a5704c0 t __pformat_puts
000000033a5701d0 t __pformat_wputchars
000000033a5705a0 t __pformat_xint.isra.0
000000033a574d30 T __pow5mult_D2A
000000033a599018 b __proc_attached
000000033a572a40 T __quorem_D2A
000000033a56e8e0 t __report_error
000000033a574640 T __rshift_D2A
000000033a590560 R __rt_psrelocs_end
0000000000000000 A __rt_psrelocs_size
000000033a590560 R __rt_psrelocs_start
000000033a590560 R __RUNTIME_PSEUDO_RELOC_LIST__
000000033a590560 R __RUNTIME_PSEUDO_RELOC_LIST_END__
000000033a572940 T __rv_alloc_D2A
0000000000001000 A __section_alignment__
0000000000001000 A __size_of_heap_commit__
0000000000100000 A __size_of_heap_reserve__
0000000000001000 A __size_of_stack_commit__
0000000000200000 A __size_of_stack_reserve__
000000033a56ff30 T __stack_chk_fail
000000033a599130 B __stack_chk_guard
000000033a575638 T __stdio_common_vfprintf
000000033a575540 T __strcp_D2A
0000000000000003 A __subsystem__
000000033a589010 t __tcf_0
000000033a589000 t __tcf_0
000000033a589030 t __tcf_1
000000033a58e720 R __tens_D2A
000000033a58e7e0 R __tinytens_D2A
000000033a56e8d0 T __tlregdtor
000000033a574760 T __trailz_D2A
000000033a5a3000 D __xc_a
000000033a5a3008 D __xc_z
000000033a5a3048 d __xd_a
000000033a5a3050 d __xd_z
000000033a5a3010 D __xi_a
000000033a5a3020 D __xi_z
000000033a5a3028 D __xl_a
000000033a5a3030 D __xl_c
000000033a5a3038 D __xl_d
000000033a5a3040 D __xl_z
000000033a5755b0 T _amsg_exit
000000033a561010 T _CRT_INIT
000000033a58a030 D _CRT_MT
000000033a575680 T _errno
000000033a575688 T _execute_onexit_table
000000033a575690 T _exit
000000033a56f110 T _FindPESection
000000033a56f160 T _FindPESectionByName
000000033a56f2c0 T _FindPESectionExec
000000033a56f4e0 T _fpreset
000000033a56f670 T _GCC_specific_handler
000000033a56f340 T _GetPEImageBase
000000033a589780 t _GLOBAL__sub_I__ZN9__gnu_cxx9__freeresEv
000000033a589720 t _GLOBAL__sub_I__ZSt20__throw_system_errori
000000033a5a2014 I _head_lib64_libapi_ms_win_crt_convert_l1_1_0_a
000000033a5a2028 I _head_lib64_libapi_ms_win_crt_environment_l1_1_0_a
000000033a5a203c I _head_lib64_libapi_ms_win_crt_filesystem_l1_1_0_a
000000033a5a2050 I _head_lib64_libapi_ms_win_crt_heap_l1_1_0_a
000000033a5a2064 I _head_lib64_libapi_ms_win_crt_locale_l1_1_0_a
000000033a5a2078 I _head_lib64_libapi_ms_win_crt_private_l1_1_0_a
000000033a5a208c I _head_lib64_libapi_ms_win_crt_runtime_l1_1_0_a
000000033a5a20a0 I _head_lib64_libapi_ms_win_crt_stdio_l1_1_0_a
000000033a5a20b4 I _head_lib64_libapi_ms_win_crt_string_l1_1_0_a
000000033a5a20c8 I _head_lib64_libapi_ms_win_crt_utility_l1_1_0_a
000000033a5a2000 I _head_lib64_libkernel32_a
000000033a5a20dc I _head_libwinpthread_1_dll
000000033a575698 T _initialize_onexit_table
000000033a5756a0 T _initterm
000000033a56f380 T _IsNonwritableInCurrentImage
000000033a575730 T _lock_file
000000033a56eac0 T _pei386_runtime_relocator
000000033a575640 T _read
000000033a5756a8 T _register_onexit_function
000000033a5a4008 D _tls_end
000000033a59904c B _tls_index
000000033a5a4000 D _tls_start
000000033a58e2a0 R _tls_used
000000033a575738 T _unlock_file
000000033a56fa60 T _Unwind_Backtrace
000000033a56fa40 T _Unwind_DeleteException
000000033a56f620 T _Unwind_FindEnclosingFunction
000000033a56fa10 T _Unwind_ForcedUnwind
000000033a56f530 t _Unwind_ForcedUnwind_Phase2.isra.0
000000033a56f5c0 T _Unwind_GetCFA
000000033a56f650 T _Unwind_GetDataRelBase
000000033a56f580 T _Unwind_GetGR
000000033a56f5d0 T _Unwind_GetIP
000000033a56f5e0 T _Unwind_GetIPInfo
000000033a56f600 T _Unwind_GetLanguageSpecificData
000000033a56f610 T _Unwind_GetRegionStart
000000033a56f660 T _Unwind_GetTextRelBase
000000033a56f8a0 T _Unwind_RaiseException
000000033a56f8e0 T _Unwind_Resume
000000033a56f9c0 T _Unwind_Resume_or_Rethrow
000000033a56f5a0 T _Unwind_SetGR
000000033a56f5f0 T _Unwind_SetIP
000000033a56f0e0 T _ValidateImageBase
000000033a588a20 T operator delete(void*)
000000033a588a30 T operator delete(void*, void*)
000000033a588a40 T operator delete(void*, unsigned long long)
000000033a578ff0 T transaction clone for std::bad_exception::what() const
000000033a575890 T transaction clone for std::bad_exception::~bad_exception() const
000000033a57a530 T transaction clone for std::exception::what() const
000000033a5758a0 T transaction clone for std::exception::~exception() const
000000033a5758b0 t get_adjusted_ptr(std::type_info const*, std::type_info const*, void**)
000000033a575940 t parse_lsda_header(_Unwind_Context*, unsigned char const*, lsda_header_info*)
000000033a575a40 t check_exception_spec(lsda_header_info*, std::type_info const*, void*, long long)
000000033a575ba0 t base_of_encoded_value(unsigned char, _Unwind_Context*)
000000033a575c10 t __gxx_exception_cleanup(_Unwind_Reason_Code, _Unwind_Exception*)
000000033a575c60 t read_encoded_value_with_base(unsigned char, unsigned long long, unsigned char const*, unsigned long long*)
000000033a575de0 T __cxxabiv1::__terminate(void (*)())
000000033a575e00 T __cxxabiv1::__unexpected(void (*)())
000000033a575e10 T __cxxabiv1::__forced_unwind::~__forced_unwind()
000000033a575e20 T __cxxabiv1::__forced_unwind::~__forced_unwind()
000000033a575e20 T __cxxabiv1::__forced_unwind::~__forced_unwind()
000000033a575e30 T __cxxabiv1::__class_type_info::~__class_type_info()
000000033a575e60 T __cxxabiv1::__class_type_info::~__class_type_info()
000000033a575e60 T __cxxabiv1::__class_type_info::~__class_type_info()
000000033a575e70 T __cxxabiv1::__foreign_exception::~__foreign_exception()
000000033a575e80 T __cxxabiv1::__foreign_exception::~__foreign_exception()
000000033a575e80 T __cxxabiv1::__foreign_exception::~__foreign_exception()
000000033a58a0d0 D __cxxabiv1::__terminate_handler
000000033a575e90 T __cxxabiv1::__si_class_type_info::~__si_class_type_info()
000000033a575ec0 T __cxxabiv1::__si_class_type_info::~__si_class_type_info()
000000033a575ec0 T __cxxabiv1::__si_class_type_info::~__si_class_type_info()
000000033a58a0e0 D __cxxabiv1::__unexpected_handler
000000033a575ee0 t __cxxabiv1::__gxx_personality_imp(int, int, unsigned long long, _Unwind_Exception*, _Unwind_Context*)
000000033a58a0f0 d (anonymous namespace)::__new_handler
000000033a58a100 d (anonymous namespace)::emergency_pool
000000033a576680 t (anonymous namespace)::system_error_category::~system_error_category()
000000033a576690 t (anonymous namespace)::system_error_category::~system_error_category()
000000033a576690 t (anonymous namespace)::system_error_category::~system_error_category()
000000033a5766a0 t (anonymous namespace)::generic_error_category::~generic_error_category()
000000033a5766b0 t (anonymous namespace)::generic_error_category::~generic_error_category()
000000033a5766b0 t (anonymous namespace)::generic_error_category::~generic_error_category()
000000033a58a120 d (anonymous namespace)::system_category_instance
000000033a58a130 d (anonymous namespace)::generic_category_instance
000000033a5766c0 t (anonymous namespace)::pool::free(void*) [clone .constprop.0]
000000033a5767e0 t (anonymous namespace)::pool::allocate(unsigned long long) [clone .constprop.0]
000000033a56192c T data_handler::split_data()
000000033a56203a T data_handler::count_classes()
000000033a5621d6 T data_handler::get_test_data()
000000033a5621c4 T data_handler::get_training_data()
000000033a5621e8 T data_handler::get_validation_data()
000000033a5617a4 T data_handler::read_feature_labels(std::__cxx11::basic_string<char, std::char_traits<char>, std::allocator<char> >)
000000033a5615d2 T data_handler::read_feature_vector(std::__cxx11::basic_string<char, std::char_traits<char>, std::allocator<char> >)
000000033a562170 T data_handler::convert_to_little_endian(unsigned char const*)
000000033a5614c0 T data_handler::data_handler()
000000033a5614c0 T data_handler::data_handler()
000000033a5615ae T data_handler::~data_handler()
000000033a5615ae T data_handler::~data_handler()
000000033a56148e T data::get_distance()
000000033a561470 T data::set_distance(double)
000000033a5614a2 T data::get_feature_vector()
000000033a5613b0 T data::set_feature_vector(std::vector<unsigned char, std::allocator<unsigned char> >*)
000000033a56145e T data::get_enumerated_label()
000000033a561412 T data::set_enumerated_label(int)
000000033a56142a T data::get_feature_vector_size()
000000033a5613ca T data::append_to_feature_vector(unsigned char)
000000033a56144c T data::get_label()
000000033a5613f6 T data::set_label(unsigned char)
000000033a561370 T data::data()
000000033a561370 T data::data()
000000033a5613a4 T data::~data()
000000033a5613a4 T data::~data()
000000033a5768c0 T __gnu_cxx::char_traits<char>::eq(char const&, char const&)
000000033a5768f0 T __gnu_cxx::char_traits<char>::copy(char*, char const*, unsigned long long)
000000033a576980 T __gnu_cxx::char_traits<char>::length(char const*)
000000033a576a00 T __gnu_cxx::__concat_size_t(char*, unsigned long long, unsigned long long)
000000033a576b00 T __gnu_cxx::__snprintf_lite(char*, unsigned long long, char const*, char*)
000000033a576c20 T __gnu_cxx::__aligned_buffer<int>::_M_ptr()
000000033a576c40 T __gnu_cxx::__aligned_buffer<int>::_M_addr()
000000033a576c50 T __gnu_cxx::__aligned_membuf<std::pair<unsigned char const, int> >::_M_ptr()
000000033a576c70 T __gnu_cxx::__aligned_membuf<std::pair<unsigned char const, int> >::_M_addr()
000000033a576ce0 T __gnu_cxx::__normal_iterator<unsigned char*, std::vector<unsigned char, std::allocator<unsigned char> > >::__normal_iterator(unsigned char* const&)
000000033a576d00 T __gnu_cxx::__normal_iterator<unsigned char*, void>::__normal_iterator(unsigned char* const&)
000000033a576d20 T __gnu_cxx::__normal_iterator<unsigned char*, void>::operator++()
000000033a576d40 T __gnu_cxx::__normal_iterator<int*, std::vector<int, std::allocator<int> > >::__normal_iterator(int* const&)
000000033a576d60 T __gnu_cxx::__normal_iterator<int*, std::vector<int, std::allocator<int> > >::operator++(int)
000000033a576da0 T __gnu_cxx::__normal_iterator<int*, std::vector<int, std::allocator<int> > >::operator++()
000000033a576dc0 T __gnu_cxx::__normal_iterator<int*, void>::__normal_iterator(int* const&)
000000033a576de0 T __gnu_cxx::__normal_iterator<int*, void>::operator++()
000000033a576c80 T __gnu_cxx::__normal_iterator<data**, std::vector<data*, std::allocator<data*> > >::__normal_iterator(data** const&)
000000033a576ca0 T __gnu_cxx::__normal_iterator<data**, void>::__normal_iterator(data** const&)
000000033a576cc0 T __gnu_cxx::__normal_iterator<data**, void>::operator++()
000000033a576e00 T __gnu_cxx::__concurrence_lock_error::~__concurrence_lock_error()
000000033a576e30 T __gnu_cxx::__concurrence_lock_error::~__concurrence_lock_error()
000000033a576e40 T __gnu_cxx::__concurrence_unlock_error::~__concurrence_unlock_error()
000000033a576e70 T __gnu_cxx::__concurrence_unlock_error::~__concurrence_unlock_error()
000000033a5895c0 T __gnu_cxx::__throw_insufficient_space(char const*, char const*)
000000033a576e80 T __gnu_cxx::__verbose_terminate_handler()
000000033a577080 T __gnu_cxx::__throw_concurrence_lock_error()
000000033a5770b0 T __gnu_cxx::__throw_concurrence_unlock_error()
000000033a589750 T __gnu_cxx::__freeres()
000000033a577100 T bool __gnu_cxx::operator==<char*, std::__cxx11::basic_string<char, std::char_traits<char>, std::allocator<char> > >(__gnu_cxx::__normal_iterator<char*, std::__cxx11::basic_string<char, std::char_traits<char>, std::allocator<char> > > const&, __gnu_cxx::__normal_iterator<char*, std::__cxx11::basic_string<char, std::char_traits<char>, std::allocator<char> > > const&)
000000033a577110 T bool __gnu_cxx::operator==<char*, std::string>(__gnu_cxx::__normal_iterator<char*, std::string> const&, __gnu_cxx::__normal_iterator<char*, std::string> const&)
                 w bool __gnu_cxx::operator==<int*, std::vector<int, std::allocator<int> > >(__gnu_cxx::__normal_iterator<int*, std::vector<int, std::allocator<int> > > const&, __gnu_cxx::__normal_iterator<int*, std::vector<int, std::allocator<int> > > const&)
000000033a577120 T _ZN9__gnu_cxxeqIPiSt6vectorIiSaIiEEEEbRKNS_17__normal_iteratorIT_T0_EESA_QrqXeqcldtfL0p_4baseEcldtfL0p0_4baseERSt14convertible_toIbEE
000000033a5770e0 T bool __gnu_cxx::operator==<char const*, std::__cxx11::basic_string<char, std::char_traits<char>, std::allocator<char> > >(__gnu_cxx::__normal_iterator<char const*, std::__cxx11::basic_string<char, std::char_traits<char>, std::allocator<char> > > const&, __gnu_cxx::__normal_iterator<char const*, std::__cxx11::basic_string<char, std::char_traits<char>, std::allocator<char> > > const&)
000000033a5770f0 T bool __gnu_cxx::operator==<char const*, std::string>(__gnu_cxx::__normal_iterator<char const*, std::string> const&, __gnu_cxx::__normal_iterator<char const*, std::string> const&)
000000033a5771b0 T __gnu_cxx::__normal_iterator<unsigned char*, std::vector<unsigned char, std::allocator<unsigned char> > >::difference_type __gnu_cxx::operator-<unsigned char*, std::vector<unsigned char, std::allocator<unsigned char> > >(__gnu_cxx::__normal_iterator<unsigned char*, std::vector<unsigned char, std::allocator<unsigned char> > > const&, __gnu_cxx::__normal_iterator<unsigned char*, std::vector<unsigned char, std::allocator<unsigned char> > > const&)
000000033a577200 T __gnu_cxx::__normal_iterator<int*, std::vector<int, std::allocator<int> > >::difference_type __gnu_cxx::operator-<int*, std::vector<int, std::allocator<int> > >(__gnu_cxx::__normal_iterator<int*, std::vector<int, std::allocator<int> > > const&, __gnu_cxx::__normal_iterator<int*, std::vector<int, std::allocator<int> > > const&)
000000033a577160 T __gnu_cxx::__normal_iterator<data**, std::vector<data*, std::allocator<data*> > >::difference_type __gnu_cxx::operator-<data**, std::vector<data*, std::allocator<data*> > >(__gnu_cxx::__normal_iterator<data**, std::vector<data*, std::allocator<data*> > > const&, __gnu_cxx::__normal_iterator<data**, std::vector<data*, std::allocator<data*> > > const&)
000000033a577250 T __cxxabiv1::__class_type_info::__do_catch(std::type_info const*, void**, unsigned int) const
000000033a5772a0 T __cxxabiv1::__class_type_info::__do_upcast(__cxxabiv1::__class_type_info const*, void const*, __cxxabiv1::__class_type_info::__upcast_result&) const
000000033a5772d0 T __cxxabiv1::__class_type_info::__do_upcast(__cxxabiv1::__class_type_info const*, void**) const
000000033a577350 T __cxxabiv1::__class_type_info::__do_dyncast(long long, __cxxabiv1::__class_type_info::__sub_kind, __cxxabiv1::__class_type_info const*, void const*, __cxxabiv1::__class_type_info const*, void const*, __cxxabiv1::__class_type_info::__dyncast_result&) const
000000033a5773d0 T __cxxabiv1::__class_type_info::__do_find_public_src(long long, void const*, __cxxabiv1::__class_type_info const*, void const*) const
000000033a5773e0 T __cxxabiv1::__si_class_type_info::__do_upcast(__cxxabiv1::__class_type_info const*, void const*, __cxxabiv1::__class_type_info::__upcast_result&) const
000000033a577430 T __cxxabiv1::__si_class_type_info::__do_dyncast(long long, __cxxabiv1::__class_type_info::__sub_kind, __cxxabiv1::__class_type_info const*, void const*, __cxxabiv1::__class_type_info const*, void const*, __cxxabiv1::__class_type_info::__dyncast_result&) const
000000033a577540 T __cxxabiv1::__si_class_type_info::__do_find_public_src(long long, void const*, __cxxabiv1::__class_type_info const*, void const*) const
000000033a5775b0 t (anonymous namespace)::system_error_category::equivalent(int, std::error_condition const&) const
000000033a577610 t (anonymous namespace)::system_error_category::default_error_condition(int) const
000000033a577f30 t (anonymous namespace)::system_error_category::name() const
000000033a577f40 t (anonymous namespace)::system_error_category::message[abi:cxx11](int) const
000000033a578060 t (anonymous namespace)::generic_error_category::equivalent(int, std::error_condition const&) const
000000033a578080 t (anonymous namespace)::generic_error_category::name() const
000000033a578090 t (anonymous namespace)::generic_error_category::message[abi:cxx11](int) const
000000033a5780e0 T __gnu_cxx::__aligned_membuf<std::pair<unsigned char const, int> >::_M_ptr() const
000000033a578100 T __gnu_cxx::__aligned_membuf<std::pair<unsigned char const, int> >::_M_addr() const
000000033a578150 T __gnu_cxx::__normal_iterator<unsigned char*, std::vector<unsigned char, std::allocator<unsigned char> > >::base() const
000000033a578160 T __gnu_cxx::__normal_iterator<unsigned char*, void>::base() const
000000033a578170 T __gnu_cxx::__normal_iterator<unsigned char*, void>::operator*() const
000000033a578190 T __gnu_cxx::__normal_iterator<int*, std::vector<int, std::allocator<int> > >::base() const
000000033a5781a0 T __gnu_cxx::__normal_iterator<int*, std::vector<int, std::allocator<int> > >::operator*() const
000000033a5781c0 T __gnu_cxx::__normal_iterator<int*, std::vector<int, std::allocator<int> > >::operator+(long long) const
000000033a578200 T __gnu_cxx::__normal_iterator<int*, void>::base() const
000000033a578210 T __gnu_cxx::__normal_iterator<int*, void>::operator*() const
000000033a578110 T __gnu_cxx::__normal_iterator<data**, std::vector<data*, std::allocator<data*> > >::base() const
000000033a578120 T __gnu_cxx::__normal_iterator<data**, void>::base() const
000000033a578130 T __gnu_cxx::__normal_iterator<data**, void>::operator*() const
000000033a578230 T __gnu_cxx::__concurrence_lock_error::what() const
000000033a578240 T __gnu_cxx::__concurrence_unlock_error::what() const
000000033a578250 T std::string::_M_disjunct(char const*) const
000000033a578330 T std::string::find_last_of(char, unsigned long long) const
000000033a578270 T std::string::find_last_of(char const*, unsigned long long) const
000000033a5782a0 T std::string::find_last_of(char const*, unsigned long long, unsigned long long) const
000000033a578320 T std::string::find_last_of(std::string const&, unsigned long long) const
000000033a578400 T std::string::find_first_of(char, unsigned long long) const
000000033a578340 T std::string::find_first_of(char const*, unsigned long long) const
000000033a578370 T std::string::find_first_of(char const*, unsigned long long, unsigned long long) const
000000033a5783f0 T std::string::find_first_of(std::string const&, unsigned long long) const
000000033a578410 T std::string::get_allocator() const
000000033a578420 T std::string::_M_check_length(unsigned long long, unsigned long long, char const*) const
000000033a5784f0 T std::string::find_last_not_of(char, unsigned long long) const
000000033a578450 T std::string::find_last_not_of(char const*, unsigned long long) const
000000033a578480 T std::string::find_last_not_of(char const*, unsigned long long, unsigned long long) const
000000033a5784e0 T std::string::find_last_not_of(std::string const&, unsigned long long) const
000000033a5785e0 T std::string::find_first_not_of(char, unsigned long long) const
000000033a578530 T std::string::find_first_not_of(char const*, unsigned long long) const
000000033a578560 T std::string::find_first_not_of(char const*, unsigned long long, unsigned long long) const
000000033a5785d0 T std::string::find_first_not_of(std::string const&, unsigned long long) const
000000033a578610 T std::string::at(unsigned long long) const
000000033a578640 T std::string::end() const
000000033a578650 T std::string::_Rep::_M_is_leaked() const
000000033a578660 T std::string::_Rep::_M_is_shared() const
000000033a578670 T std::string::back() const
000000033a578680 T std::string::cend() const
000000033a578690 T std::string::copy(char*, unsigned long long, unsigned long long) const
000000033a578700 T std::string::data() const
000000033a578820 T std::string::find(char, unsigned long long) const
000000033a578710 T std::string::find(char const*, unsigned long long) const
000000033a578740 T std::string::find(char const*, unsigned long long, unsigned long long) const
000000033a578810 T std::string::find(std::string const&, unsigned long long) const
000000033a578870 T std::string::rend() const
000000033a578880 T std::string::size() const
000000033a578890 T std::string::begin() const
000000033a5788a0 T std::string::c_str() const
000000033a5788b0 T std::string::crend() const
000000033a5788c0 T std::string::empty() const
000000033a5788d0 T std::string::front() const
000000033a5789a0 T std::string::rfind(char, unsigned long long) const
000000033a5788e0 T std::string::rfind(char const*, unsigned long long) const
000000033a578910 T std::string::rfind(char const*, unsigned long long, unsigned long long) const
000000033a578990 T std::string::rfind(std::string const&, unsigned long long) const
000000033a578a00 T std::string::_M_rep() const
000000033a578a10 T std::string::cbegin() const
000000033a578a20 T std::string::length() const
000000033a578a30 T std::string::rbegin() const
000000033a578a40 T std::string::substr(unsigned long long, unsigned long long) const
000000033a578a80 T std::string::_M_data() const
000000033a578a90 T std::string::_M_iend() const
000000033a578aa0 T std::string::compare(char const*) const
000000033a578b10 T std::string::compare(std::string const&) const
000000033a578b70 T std::string::compare(unsigned long long, unsigned long long, char const*) const
000000033a578c20 T std::string::compare(unsigned long long, unsigned long long, char const*, unsigned long long) const
000000033a578cb0 T std::string::compare(unsigned long long, unsigned long long, std::string const&) const
000000033a578d40 T std::string::compare(unsigned long long, unsigned long long, std::string const&, unsigned long long, unsigned long long) const
000000033a578e10 T std::string::crbegin() const
000000033a578e20 T std::string::_M_check(unsigned long long, char const*) const
000000033a578e50 T std::string::_M_limit(unsigned long long, unsigned long long) const
000000033a578e70 T std::string::capacity() const
000000033a578e80 T std::string::max_size() const
000000033a578e90 T std::string::_M_ibegin() const
000000033a578ea0 T std::string::operator[](unsigned long long) const
000000033a578eb0 T std::_Hashtable<int, int, std::allocator<int>, std::__detail::_Identity, std::equal_to<int>, std::hash<int>, std::__detail::_Mod_range_hashing, std::__detail::_Default_ranged_hash, std::__detail::_Prime_rehash_policy, std::__detail::_Hashtable_traits<false, true, true> >::_M_uses_single_bucket(std::__detail::_Hash_node_base**) const
000000033a578ee0 T std::_Hashtable<int, int, std::allocator<int>, std::__detail::_Identity, std::equal_to<int>, std::hash<int>, std::__detail::_Mod_range_hashing, std::__detail::_Default_ranged_hash, std::__detail::_Prime_rehash_policy, std::__detail::_Hashtable_traits<false, true, true> >::_M_begin() const
000000033a578f00 T std::_Select1st<std::pair<unsigned char const, int> >::operator()(std::pair<unsigned char const, int> const&) const
000000033a578f20 T std::bad_typeid::what() const
000000033a578f30 T std::error_code::default_error_condition() const
000000033a578f80 T std::logic_error::what() const
000000033a578fa0 T std::_Vector_base<unsigned char, std::allocator<unsigned char> >::_M_get_Tp_allocator() const
000000033a578fb0 T std::_Vector_base<int, std::allocator<int> >::_M_get_Tp_allocator() const
000000033a578f90 T std::_Vector_base<data*, std::allocator<data*> >::_M_get_Tp_allocator() const
000000033a578fc0 T std::_Rb_tree_node<std::pair<unsigned char const, int> >::_M_valptr() const
000000033a578ff0 T std::bad_exception::what() const
000000033a579000 T std::random_device::_M_getentropy() const
000000033a578f80 T std::runtime_error::what() const
000000033a579050 T std::_Rb_tree_iterator<std::pair<unsigned char const, int> >::operator*() const
000000033a579080 T std::bad_array_new_length::what() const
000000033a579090 T std::_Rb_tree_const_iterator<std::pair<unsigned char const, int> >::_M_const_cast() const
000000033a5790c0 T std::uniform_int_distribution<unsigned long long>::param_type::a() const
000000033a5790e0 T std::uniform_int_distribution<unsigned long long>::param_type::b() const
000000033a579100 T std::_V2::error_category::_M_message[abi:cxx11](int) const
000000033a579190 T std::_V2::error_category::_M_message(int) const
000000033a579250 T std::_V2::error_category::equivalent(int, std::error_condition const&) const
000000033a579230 T std::_V2::error_category::equivalent(std::error_code const&, int) const
000000033a5792b0 T std::_V2::error_category::default_error_condition(int) const
000000033a5792c0 T std::map<unsigned char, int, std::less<unsigned char>, std::allocator<std::pair<unsigned char const, int> > >::key_comp() const
000000033a5792e0 T std::less<unsigned char>::operator()(unsigned char const&, unsigned char const&) const
000000033a5794a0 T std::vector<unsigned char, std::allocator<unsigned char> >::_M_check_len(unsigned long long, char const*) const
000000033a579570 T std::vector<unsigned char, std::allocator<unsigned char> >::size() const
000000033a579590 T std::vector<unsigned char, std::allocator<unsigned char> >::max_size() const
000000033a5795c0 T std::vector<int, std::allocator<int> >::_M_check_len(unsigned long long, char const*) const
000000033a579690 T std::vector<int, std::allocator<int> >::size() const
000000033a5796c0 T std::vector<int, std::allocator<int> >::max_size() const
000000033a579310 T std::vector<data*, std::allocator<data*> >::_M_check_len(unsigned long long, char const*) const
000000033a5793e0 T std::vector<data*, std::allocator<data*> >::_M_range_check(unsigned long long) const
000000033a579440 T std::vector<data*, std::allocator<data*> >::size() const
000000033a579470 T std::vector<data*, std::allocator<data*> >::max_size() const
000000033a5796f0 T std::__cxx11::basic_string<char, std::char_traits<char>, std::allocator<char> >::_M_disjunct(char const*) const
000000033a579710 T std::__cxx11::basic_string<char, std::char_traits<char>, std::allocator<char> >::_M_is_local() const
                 U std::__cxx11::basic_string<char, std::char_traits<char>, std::allocator<char> >::_M_is_local() const
000000033a579830 T std::__cxx11::basic_string<char, std::char_traits<char>, std::allocator<char> >::find_last_of(char, unsigned long long) const
000000033a579770 T std::__cxx11::basic_string<char, std::char_traits<char>, std::allocator<char> >::find_last_of(char const*, unsigned long long) const
000000033a5797a0 T std::__cxx11::basic_string<char, std::char_traits<char>, std::allocator<char> >::find_last_of(char const*, unsigned long long, unsigned long long) const
000000033a579820 T std::__cxx11::basic_string<char, std::char_traits<char>, std::allocator<char> >::find_last_of(std::__cxx11::basic_string<char, std::char_traits<char>, std::allocator<char> > const&, unsigned long long) const
                 U std::__cxx11::basic_string<char, std::char_traits<char>, std::allocator<char> >::_M_local_data() const
000000033a579840 T std::__cxx11::basic_string<char, std::char_traits<char>, std::allocator<char> >::_M_local_data() const
000000033a579930 T std::__cxx11::basic_string<char, std::char_traits<char>, std::allocator<char> >::find_first_of(char, unsigned long long) const
000000033a579870 T std::__cxx11::basic_string<char, std::char_traits<char>, std::allocator<char> >::find_first_of(char const*, unsigned long long) const
000000033a5798a0 T std::__cxx11::basic_string<char, std::char_traits<char>, std::allocator<char> >::find_first_of(char const*, unsigned long long, unsigned long long) const
000000033a579920 T std::__cxx11::basic_string<char, std::char_traits<char>, std::allocator<char> >::find_first_of(std::__cxx11::basic_string<char, std::char_traits<char>, std::allocator<char> > const&, unsigned long long) const
000000033a579940 T std::__cxx11::basic_string<char, std::char_traits<char>, std::allocator<char> >::get_allocator() const
000000033a579950 T std::__cxx11::basic_string<char, std::char_traits<char>, std::allocator<char> >::_M_check_length(unsigned long long, unsigned long long, char const*) const
000000033a579980 T std::__cxx11::basic_string<char, std::char_traits<char>, std::allocator<char> >::_M_get_allocator() const
                 U std::__cxx11::basic_string<char, std::char_traits<char>, std::allocator<char> >::_M_get_allocator() const
000000033a579a40 T std::__cxx11::basic_string<char, std::char_traits<char>, std::allocator<char> >::find_last_not_of(char, unsigned long long) const
000000033a579990 T std::__cxx11::basic_string<char, std::char_traits<char>, std::allocator<char> >::find_last_not_of(char const*, unsigned long long) const
000000033a5799c0 T std::__cxx11::basic_string<char, std::char_traits<char>, std::allocator<char> >::find_last_not_of(char const*, unsigned long long, unsigned long long) const
000000033a579a30 T std::__cxx11::basic_string<char, std::char_traits<char>, std::allocator<char> >::find_last_not_of(std::__cxx11::basic_string<char, std::char_traits<char>, std::allocator<char> > const&, unsigned long long) const
000000033a579b40 T std::__cxx11::basic_string<char, std::char_traits<char>, std::allocator<char> >::find_first_not_of(char, unsigned long long) const
000000033a579a80 T std::__cxx11::basic_string<char, std::char_traits<char>, std::allocator<char> >::find_first_not_of(char const*, unsigned long long) const
000000033a579ab0 T std::__cxx11::basic_string<char, std::char_traits<char>, std::allocator<char> >::find_first_not_of(char const*, unsigned long long, unsigned long long) const
000000033a579b30 T std::__cxx11::basic_string<char, std::char_traits<char>, std::allocator<char> >::find_first_not_of(std::__cxx11::basic_string<char, std::char_traits<char>, std::allocator<char> > const&, unsigned long long) const
000000033a579b80 T std::__cxx11::basic_string<char, std::char_traits<char>, std::allocator<char> >::at(unsigned long long) const
000000033a579bb0 T std::__cxx11::basic_string<char, std::char_traits<char>, std::allocator<char> >::end() const
000000033a579bc0 T std::__cxx11::basic_string<char, std::char_traits<char>, std::allocator<char> >::back() const
000000033a579bd0 T std::__cxx11::basic_string<char, std::char_traits<char>, std::allocator<char> >::cend() const
000000033a579be0 T std::__cxx11::basic_string<char, std::char_traits<char>, std::allocator<char> >::copy(char*, unsigned long long, unsigned long long) const
000000033a579c50 T std::__cxx11::basic_string<char, std::char_traits<char>, std::allocator<char> >::data() const
000000033a579d70 T std::__cxx11::basic_string<char, std::char_traits<char>, std::allocator<char> >::find(char, unsigned long long) const
000000033a579c60 T std::__cxx11::basic_string<char, std::char_traits<char>, std::allocator<char> >::find(char const*, unsigned long long) const
000000033a579c90 T std::__cxx11::basic_string<char, std::char_traits<char>, std::allocator<char> >::find(char const*, unsigned long long, unsigned long long) const
000000033a579d60 T std::__cxx11::basic_string<char, std::char_traits<char>, std::allocator<char> >::find(std::__cxx11::basic_string<char, std::char_traits<char>, std::allocator<char> > const&, unsigned long long) const
000000033a579dc0 T std::__cxx11::basic_string<char, std::char_traits<char>, std::allocator<char> >::rend() const
000000033a579dd0 T std::__cxx11::basic_string<char, std::char_traits<char>, std::allocator<char> >::size() const
000000033a579de0 T std::__cxx11::basic_string<char, std::char_traits<char>, std::allocator<char> >::begin() const
                 U std::__cxx11::basic_string<char, std::char_traits<char>, std::allocator<char> >::c_str() const
000000033a579df0 T std::__cxx11::basic_string<char, std::char_traits<char>, std::allocator<char> >::c_str() const
000000033a579e10 T std::__cxx11::basic_string<char, std::char_traits<char>, std::allocator<char> >::crend() const
000000033a579e20 T std::__cxx11::basic_string<char, std::char_traits<char>, std::allocator<char> >::empty() const
000000033a579e30 T std::__cxx11::basic_string<char, std::char_traits<char>, std::allocator<char> >::front() const
000000033a579f20 T std::__cxx11::basic_string<char, std::char_traits<char>, std::allocator<char> >::rfind(char, unsigned long long) const
000000033a579e40 T std::__cxx11::basic_string<char, std::char_traits<char>, std::allocator<char> >::rfind(char const*, unsigned long long) const
000000033a579e70 T std::__cxx11::basic_string<char, std::char_traits<char>, std::allocator<char> >::rfind(char const*, unsigned long long, unsigned long long) const
000000033a579f00 T std::__cxx11::basic_string<char, std::char_traits<char>, std::allocator<char> >::rfind(std::__cxx11::basic_string<char, std::char_traits<char>, std::allocator<char> > const&, unsigned long long) const
000000033a579fa0 T std::__cxx11::basic_string<char, std::char_traits<char>, std::allocator<char> >::cbegin() const
000000033a579fb0 T std::__cxx11::basic_string<char, std::char_traits<char>, std::allocator<char> >::length() const
000000033a579fc0 T std::__cxx11::basic_string<char, std::char_traits<char>, std::allocator<char> >::rbegin() const
000000033a579fd0 T std::__cxx11::basic_string<char, std::char_traits<char>, std::allocator<char> >::substr(unsigned long long, unsigned long long) const
000000033a57a030 T std::__cxx11::basic_string<char, std::char_traits<char>, std::allocator<char> >::_M_data() const
                 U std::__cxx11::basic_string<char, std::char_traits<char>, std::allocator<char> >::_M_data() const
000000033a57a050 T std::__cxx11::basic_string<char, std::char_traits<char>, std::allocator<char> >::compare(char const*) const
000000033a57a0c0 T std::__cxx11::basic_string<char, std::char_traits<char>, std::allocator<char> >::compare(std::__cxx11::basic_string<char, std::char_traits<char>, std::allocator<char> > const&) const
000000033a57a120 T std::__cxx11::basic_string<char, std::char_traits<char>, std::allocator<char> >::compare(unsigned long long, unsigned long long, char const*) const
000000033a57a1d0 T std::__cxx11::basic_string<char, std::char_traits<char>, std::allocator<char> >::compare(unsigned long long, unsigned long long, char const*, unsigned long long) const
000000033a57a260 T std::__cxx11::basic_string<char, std::char_traits<char>, std::allocator<char> >::compare(unsigned long long, unsigned long long, std::__cxx11::basic_string<char, std::char_traits<char>, std::allocator<char> > const&) const
000000033a57a2f0 T std::__cxx11::basic_string<char, std::char_traits<char>, std::allocator<char> >::compare(unsigned long long, unsigned long long, std::__cxx11::basic_string<char, std::char_traits<char>, std::allocator<char> > const&, unsigned long long, unsigned long long) const
000000033a57a3c0 T std::__cxx11::basic_string<char, std::char_traits<char>, std::allocator<char> >::crbegin() const
000000033a57a3d0 T std::__cxx11::basic_string<char, std::char_traits<char>, std::allocator<char> >::_M_check(unsigned long long, char const*) const
000000033a57a400 T std::__cxx11::basic_string<char, std::char_traits<char>, std::allocator<char> >::_M_limit(unsigned long long, unsigned long long) const
000000033a57a410 T std::__cxx11::basic_string<char, std::char_traits<char>, std::allocator<char> >::capacity() const
                 U std::__cxx11::basic_string<char, std::char_traits<char>, std::allocator<char> >::max_size() const
000000033a57a430 T std::__cxx11::basic_string<char, std::char_traits<char>, std::allocator<char> >::max_size() const
000000033a57a460 T std::__cxx11::basic_string<char, std::char_traits<char>, std::allocator<char> >::operator[](unsigned long long) const
000000033a57a4f0 T std::__detail::_Hash_node<int, false>::_M_next() const
000000033a57a470 T std::_Rb_tree<unsigned char, std::pair<unsigned char const, int>, std::_Select1st<std::pair<unsigned char const, int> >, std::less<unsigned char>, std::allocator<std::pair<unsigned char const, int> > >::_Auto_node::_M_key() const
000000033a57a4a0 T std::_Rb_tree<unsigned char, std::pair<unsigned char const, int>, std::_Select1st<std::pair<unsigned char const, int> >, std::less<unsigned char>, std::allocator<std::pair<unsigned char const, int> > >::size() const
000000033a57a4c0 T std::_Rb_tree<unsigned char, std::pair<unsigned char const, int>, std::_Select1st<std::pair<unsigned char const, int> >, std::less<unsigned char>, std::allocator<std::pair<unsigned char const, int> > >::key_comp() const
000000033a57a4d0 T std::_Rb_tree<unsigned char, std::pair<unsigned char const, int>, std::_Select1st<std::pair<unsigned char const, int> >, std::less<unsigned char>, std::allocator<std::pair<unsigned char const, int> > >::_M_mbegin() const
000000033a57a510 T std::bad_cast::what() const
000000033a57a520 T std::bad_alloc::what() const
000000033a57a530 T std::exception::what() const
000000033a57a540 T std::type_info::__do_catch(std::type_info const*, void**, unsigned int) const
000000033a57a580 T std::type_info::__do_upcast(__cxxabiv1::__class_type_info const*, void**) const
000000033a57a590 T std::type_info::__is_pointer_p() const
000000033a57a590 T std::type_info::__is_function_p() const
000000033a57a5a0 T std::type_info::__equal(std::type_info const&) const
000000033a57a5a0 T std::type_info::operator==(std::type_info const&) const
000000033a57a5e0 T std::string::_S_compare(unsigned long long, unsigned long long)
000000033a57a610 T std::string::_Alloc_hider::_Alloc_hider(char*, std::allocator<char> const&)
000000033a57a620 T std::string::_Alloc_hider::_Alloc_hider(char*, std::allocator<char> const&)
000000033a57a630 T std::string::_M_leak_hard()
000000033a57a680 T std::string::_S_construct(unsigned long long, char, std::allocator<char> const&)
000000033a57a6e0 T char* std::string::_S_construct<__gnu_cxx::__normal_iterator<char*, std::string> >(__gnu_cxx::__normal_iterator<char*, std::string>, __gnu_cxx::__normal_iterator<char*, std::string>, std::allocator<char> const&, std::forward_iterator_tag)
000000033a57a890 T char* std::string::_S_construct<char*>(char*, char*, std::allocator<char> const&, std::forward_iterator_tag)
000000033a57a750 T char* std::string::_S_construct<char const*>(char const*, char const*, std::allocator<char> const&, std::forward_iterator_tag)
000000033a57a7f0 t char* std::string::_S_construct<char const*>(char const*, char const*, std::allocator<char> const&, std::forward_iterator_tag) [clone .isra.0]
000000033a57a930 T std::string::_S_empty_rep()
000000033a57a940 T std::string::_S_copy_chars(char*, __gnu_cxx::__normal_iterator<char const*, std::string>, __gnu_cxx::__normal_iterator<char const*, std::string>)
000000033a57a960 T std::string::_S_copy_chars(char*, __gnu_cxx::__normal_iterator<char*, std::string>, __gnu_cxx::__normal_iterator<char*, std::string>)
000000033a57a980 T std::string::_S_copy_chars(char*, char const*, char const*)
000000033a57a9a0 T std::string::_S_copy_chars(char*, char*, char*)
000000033a57a9c0 T std::string::shrink_to_fit()
000000033a57a9d0 T std::string::_M_replace_aux(unsigned long long, unsigned long long, unsigned long long, char)
000000033a57aa50 T std::string::_M_replace_safe(unsigned long long, unsigned long long, char const*, unsigned long long)
000000033a57aac0 T std::string::_S_construct_aux_2(unsigned long long, char, std::allocator<char> const&)
000000033a57aad0 T std::string::at(unsigned long long)
000000033a57ab10 T std::string::end()
000000033a57ab40 T std::string::_Rep::_M_destroy(std::allocator<char> const&)
000000033a57ab50 T std::string::_Rep::_M_dispose(std::allocator<char> const&)
000000033a57ab70 T std::string::_Rep::_M_refcopy()
000000033a57ab80 T std::string::_Rep::_M_refdata()
000000033a58eb90 R std::string::_Rep::_S_max_size
000000033a58eba0 R std::string::_Rep::_S_terminal
000000033a57ab90 T std::string::_Rep::_S_empty_rep()
000000033a57aba0 T std::string::_Rep::_M_set_leaked()
000000033a57abb0 T std::string::_Rep::_M_set_sharable()
000000033a58a140 D std::string::_Rep::_S_empty_rep_storage
000000033a57abc0 T std::string::_Rep::_M_set_length_and_sharable(unsigned long long)
000000033a57abd0 T std::string::_Rep::_M_grab(std::allocator<char> const&, std::allocator<char> const&)
000000033a57abf0 T std::string::_Rep::_M_clone(std::allocator<char> const&, unsigned long long)
000000033a57ac60 T std::string::_Rep::_S_create(unsigned long long, unsigned long long, std::allocator<char> const&)
000000033a57ace0 T std::string::back()
000000033a58ebb0 R std::string::npos
000000033a57ad10 T std::string::rend()
000000033a57ad40 T std::string::swap(std::string&)
000000033a57ad70 T std::string::begin()
000000033a57ad90 T std::string::clear()
000000033a57adb0 T std::string::erase(__gnu_cxx::__normal_iterator<char*, std::string>)
000000033a57adf0 T std::string::erase(__gnu_cxx::__normal_iterator<char*, std::string>, __gnu_cxx::__normal_iterator<char*, std::string>)
000000033a57ae40 T std::string::erase(unsigned long long, unsigned long long)
000000033a57ae90 T std::string::front()
000000033a57aeb0 T std::string::append(char const*)
000000033a57aee0 T std::string::append(char const*, unsigned long long)
000000033a57afc0 T std::string::append(std::string const&)
000000033a57b050 T std::string::append(std::string const&, unsigned long long, unsigned long long)
000000033a57b110 T std::string::append(std::initializer_list<char>)
000000033a57b120 T std::string::append(unsigned long long, char)
000000033a57b1d0 T std::string::assign(std::string&&)
000000033a57b1f0 T std::string::assign(char const*)
000000033a57b220 T std::string::assign(char const*, unsigned long long)
000000033a57b300 T std::string::assign(std::string const&)
000000033a57b390 T std::string::assign(std::string const&, unsigned long long, unsigned long long)
000000033a57b3e0 T std::string::assign(std::initializer_list<char>)
000000033a57b3f0 T std::string::assign(unsigned long long, char)
000000033a57b430 T std::string::insert(__gnu_cxx::__normal_iterator<char*, std::string>, char)
000000033a57b420 T std::string::insert(__gnu_cxx::__normal_iterator<char*, std::string>, std::initializer_list<char>)
000000033a57b470 T std::string::insert(__gnu_cxx::__normal_iterator<char*, std::string>, unsigned long long, char)
000000033a57b4a0 T std::string::insert(unsigned long long, char const*)
000000033a57b4d0 T std::string::insert(unsigned long long, char const*, unsigned long long)
000000033a57b620 T std::string::insert(unsigned long long, std::string const&)
000000033a57b630 T std::string::insert(unsigned long long, std::string const&, unsigned long long, unsigned long long)
000000033a57b680 T std::string::insert(unsigned long long, unsigned long long, char)
000000033a57b6d0 T std::string::rbegin()
000000033a57b710 T std::string::resize(unsigned long long)
000000033a57b720 T std::string::resize(unsigned long long, char)
000000033a57b790 T std::string::_M_copy(char*, char const*, unsigned long long)
000000033a57b7b0 T std::string::_M_data(char*)
000000033a57b7c0 T std::string::_M_leak()
000000033a57b7e0 T std::string::_M_move(char*, char const*, unsigned long long)
000000033a57b800 T std::string::replace(__gnu_cxx::__normal_iterator<char*, std::string>, __gnu_cxx::__normal_iterator<char*, std::string>, __gnu_cxx::__normal_iterator<char const*, std::string>, __gnu_cxx::__normal_iterator<char const*, std::string>)
000000033a57b820 T std::string::replace(__gnu_cxx::__normal_iterator<char*, std::string>, __gnu_cxx::__normal_iterator<char*, std::string>, char const*)
000000033a57b870 T std::string::replace(__gnu_cxx::__normal_iterator<char*, std::string>, __gnu_cxx::__normal_iterator<char*, std::string>, char const*, char const*)
000000033a57b890 T std::string::replace(__gnu_cxx::__normal_iterator<char*, std::string>, __gnu_cxx::__normal_iterator<char*, std::string>, char const*, unsigned long long)
000000033a57b8b0 T std::string::replace(__gnu_cxx::__normal_iterator<char*, std::string>, __gnu_cxx::__normal_iterator<char*, std::string>, std::string const&)
000000033a57b8e0 T std::string::replace(__gnu_cxx::__normal_iterator<char*, std::string>, __gnu_cxx::__normal_iterator<char*, std::string>, char*, char*)
000000033a57b900 T std::string::replace(__gnu_cxx::__normal_iterator<char*, std::string>, __gnu_cxx::__normal_iterator<char*, std::string>, __gnu_cxx::__normal_iterator<char*, std::string>, __gnu_cxx::__normal_iterator<char*, std::string>)
000000033a57b920 T std::string::replace(__gnu_cxx::__normal_iterator<char*, std::string>, __gnu_cxx::__normal_iterator<char*, std::string>, std::initializer_list<char>)
000000033a57b950 T std::string::replace(__gnu_cxx::__normal_iterator<char*, std::string>, __gnu_cxx::__normal_iterator<char*, std::string>, unsigned long long, char)
000000033a57b970 T std::string::replace(unsigned long long, unsigned long long, char const*)
000000033a57b9b0 T std::string::replace(unsigned long long, unsigned long long, char const*, unsigned long long)
000000033a57bbc0 T std::string::replace(unsigned long long, unsigned long long, std::string const&)
000000033a57bbe0 T std::string::replace(unsigned long long, unsigned long long, std::string const&, unsigned long long, unsigned long long)
000000033a57bc40 T std::string::replace(unsigned long long, unsigned long long, unsigned long long, char)
000000033a57bc90 T std::string::reserve()
000000033a57bd70 T std::string::reserve(unsigned long long)
000000033a57be00 T std::string::pop_back()
000000033a57be40 T std::string::_M_assign(char*, unsigned long long, char)
000000033a57be70 T std::string::_M_mutate(unsigned long long, unsigned long long, unsigned long long)
000000033a57c010 T std::string::push_back(char)
000000033a57c9d0 T std::string::operator=(char)
000000033a57c950 T std::string::operator=(std::string&&)
000000033a57c970 T std::string::operator=(char const*)
000000033a57c9a0 T std::string::operator=(std::string const&)
000000033a57c9b0 T std::string::operator=(std::initializer_list<char>)
000000033a57c070 T std::basic_string<char, std::char_traits<char>, std::allocator<char> >::basic_string(std::string&&)
000000033a57c0a0 T std::basic_string<char, std::char_traits<char>, std::allocator<char> >::basic_string(std::string&&, std::allocator<char> const&)
000000033a57c0c0 T std::basic_string<char, std::char_traits<char>, std::allocator<char> >::basic_string(char const*, std::allocator<char> const&)
000000033a57c110 T std::basic_string<char, std::char_traits<char>, std::allocator<char> >::basic_string(char const*, unsigned long long, std::allocator<char> const&)
000000033a57c140 T std::basic_string<char, std::char_traits<char>, std::allocator<char> >::basic_string(std::allocator<char> const&)
000000033a57c160 T std::basic_string<char, std::char_traits<char>, std::allocator<char> >::basic_string(std::string const&)
000000033a57c1c0 T std::basic_string<char, std::char_traits<char>, std::allocator<char> >::basic_string(std::string const&, std::allocator<char> const&)
000000033a57c210 T std::basic_string<char, std::char_traits<char>, std::allocator<char> >::basic_string(std::string const&, unsigned long long, std::allocator<char> const&)
000000033a57c260 T std::basic_string<char, std::char_traits<char>, std::allocator<char> >::basic_string(std::string const&, unsigned long long, unsigned long long)
000000033a57c2f0 T std::basic_string<char, std::char_traits<char>, std::allocator<char> >::basic_string(std::string const&, unsigned long long, unsigned long long, std::allocator<char> const&)
000000033a57c350 T std::basic_string<char, std::char_traits<char>, std::allocator<char> >::basic_string(std::initializer_list<char>, std::allocator<char> const&)
000000033a57c380 T std::basic_string<char, std::char_traits<char>, std::allocator<char> >::basic_string()
000000033a57c3c0 T std::basic_string<char, std::char_traits<char>, std::allocator<char> >::basic_string(unsigned long long, char, std::allocator<char> const&)
000000033a57c3f0 T std::basic_string<char, std::char_traits<char>, std::allocator<char> >::basic_string<__gnu_cxx::__normal_iterator<char*, std::string> >(__gnu_cxx::__normal_iterator<char*, std::string>, __gnu_cxx::__normal_iterator<char*, std::string>, std::allocator<char> const&)
000000033a57c450 T std::basic_string<char, std::char_traits<char>, std::allocator<char> >::basic_string<char*>(char*, char*, std::allocator<char> const&)
000000033a57c420 T std::basic_string<char, std::char_traits<char>, std::allocator<char> >::basic_string<char const*>(char const*, char const*, std::allocator<char> const&)
000000033a57c480 T std::basic_string<char, std::char_traits<char>, std::allocator<char> >::basic_string(std::string&&)
000000033a57c4b0 T std::basic_string<char, std::char_traits<char>, std::allocator<char> >::basic_string(std::string&&, std::allocator<char> const&)
000000033a57c4d0 T std::basic_string<char, std::char_traits<char>, std::allocator<char> >::basic_string(char const*, std::allocator<char> const&)
000000033a57c520 T std::basic_string<char, std::char_traits<char>, std::allocator<char> >::basic_string(char const*, unsigned long long, std::allocator<char> const&)
000000033a57c550 T std::basic_string<char, std::char_traits<char>, std::allocator<char> >::basic_string(std::allocator<char> const&)
000000033a57c570 T std::basic_string<char, std::char_traits<char>, std::allocator<char> >::basic_string(std::string const&)
000000033a57c5d0 T std::basic_string<char, std::char_traits<char>, std::allocator<char> >::basic_string(std::string const&, std::allocator<char> const&)
000000033a57c620 T std::basic_string<char, std::char_traits<char>, std::allocator<char> >::basic_string(std::string const&, unsigned long long, std::allocator<char> const&)
000000033a57c670 T std::basic_string<char, std::char_traits<char>, std::allocator<char> >::basic_string(std::string const&, unsigned long long, unsigned long long)
000000033a57c700 T std::basic_string<char, std::char_traits<char>, std::allocator<char> >::basic_string(std::string const&, unsigned long long, unsigned long long, std::allocator<char> const&)
000000033a57c760 T std::basic_string<char, std::char_traits<char>, std::allocator<char> >::basic_string(std::initializer_list<char>, std::allocator<char> const&)
000000033a57c790 T std::basic_string<char, std::char_traits<char>, std::allocator<char> >::basic_string()
000000033a57c7d0 T std::basic_string<char, std::char_traits<char>, std::allocator<char> >::basic_string(unsigned long long, char, std::allocator<char> const&)
000000033a57c800 T std::basic_string<char, std::char_traits<char>, std::allocator<char> >::basic_string<__gnu_cxx::__normal_iterator<char*, std::string> >(__gnu_cxx::__normal_iterator<char*, std::string>, __gnu_cxx::__normal_iterator<char*, std::string>, std::allocator<char> const&)
000000033a57c860 T std::basic_string<char, std::char_traits<char>, std::allocator<char> >::basic_string<char*>(char*, char*, std::allocator<char> const&)
000000033a57c830 T std::basic_string<char, std::char_traits<char>, std::allocator<char> >::basic_string<char const*>(char const*, char const*, std::allocator<char> const&)
000000033a57c890 T std::basic_string<char, std::char_traits<char>, std::allocator<char> >::~basic_string()
000000033a57c8f0 T std::basic_string<char, std::char_traits<char>, std::allocator<char> >::~basic_string()
000000033a57ca00 T std::string::operator[](unsigned long long)
000000033a57ca80 T std::string::operator+=(char)
000000033a57ca30 T std::string::operator+=(char const*)
000000033a57ca60 T std::string::operator+=(std::string const&)
000000033a57ca70 T std::string::operator+=(std::initializer_list<char>)
000000033a57cae0 T std::_Hashtable<int, int, std::allocator<int>, std::__detail::_Identity, std::equal_to<int>, std::hash<int>, std::__detail::_Mod_range_hashing, std::__detail::_Default_ranged_hash, std::__detail::_Prime_rehash_policy, std::__detail::_Hashtable_traits<false, true, true> >::_M_deallocate_buckets(std::__detail::_Hash_node_base**, unsigned long long)
000000033a57cb30 T std::_Hashtable<int, int, std::allocator<int>, std::__detail::_Identity, std::equal_to<int>, std::hash<int>, std::__detail::_Mod_range_hashing, std::__detail::_Default_ranged_hash, std::__detail::_Prime_rehash_policy, std::__detail::_Hashtable_traits<false, true, true> >::_M_deallocate_buckets()
000000033a57cb70 T std::_Hashtable<int, int, std::allocator<int>, std::__detail::_Identity, std::equal_to<int>, std::hash<int>, std::__detail::_Mod_range_hashing, std::__detail::_Default_ranged_hash, std::__detail::_Prime_rehash_policy, std::__detail::_Hashtable_traits<false, true, true> >::clear()
000000033a57cbe0 T std::_Hashtable<int, int, std::allocator<int>, std::__detail::_Identity, std::equal_to<int>, std::hash<int>, std::__detail::_Mod_range_hashing, std::__detail::_Default_ranged_hash, std::__detail::_Prime_rehash_policy, std::__detail::_Hashtable_traits<false, true, true> >::_Hashtable()
000000033a57cc70 T std::_Hashtable<int, int, std::allocator<int>, std::__detail::_Identity, std::equal_to<int>, std::hash<int>, std::__detail::_Mod_range_hashing, std::__detail::_Default_ranged_hash, std::__detail::_Prime_rehash_policy, std::__detail::_Hashtable_traits<false, true, true> >::~_Hashtable()
000000033a57ccb0 T std::_Head_base<0ull, unsigned char&&, false>::_M_head(std::_Head_base<0ull, unsigned char&&, false>&)
000000033a57ccd0 T std::_Head_base<0ull, unsigned char&&, false>::_Head_base<unsigned char>(unsigned char&&)
000000033a57cd00 T std::bad_typeid::~bad_typeid()
000000033a57cd30 T std::bad_typeid::~bad_typeid()
000000033a57cd30 T std::bad_typeid::~bad_typeid()
000000033a57cdc0 T void std::__copy_move<false, false, std::random_access_iterator_tag>::__assign_one<int, int>(int*, int*)
000000033a57cde0 T int* std::__copy_move<false, false, std::random_access_iterator_tag>::__copy_m<int*, int*>(int*, int*, int*)
000000033a57ce40 T int* std::__copy_move<false, true, std::random_access_iterator_tag>::__copy_m<int, int>(int*, int*, int*)
000000033a57cd40 T std::_Tuple_impl<0ull, unsigned char&&>::_M_head(std::_Tuple_impl<0ull, unsigned char&&>&)
000000033a57cd60 T std::_Tuple_impl<0ull, unsigned char&&>::_Tuple_impl(std::_Tuple_impl<0ull, unsigned char&&>&&)
000000033a57cd80 T std::_Tuple_impl<0ull, unsigned char&&>::_Tuple_impl<unsigned char>(unsigned char&&)
000000033a57ced0 T std::char_traits<char>::copy(char*, char const*, unsigned long long)
000000033a57cf40 T std::char_traits<char>::assign(char&, char const&)
000000033a57cf80 T std::char_traits<char>::length(char const*)
000000033a57d2c0 T std::logic_error::operator=(std::logic_error&&)
000000033a57d2e0 T std::logic_error::operator=(std::logic_error const&)
000000033a57cfc0 T std::logic_error::logic_error(std::logic_error&&)
000000033a57d000 T std::logic_error::logic_error(char const*)
000000033a57d090 T std::logic_error::logic_error(std::__cxx11::basic_string<char, std::char_traits<char>, std::allocator<char> > const&)
000000033a57d0e0 T std::logic_error::logic_error(std::logic_error const&)
000000033a57d150 T std::logic_error::logic_error(std::string const&)
000000033a57cfc0 T std::logic_error::logic_error(std::logic_error&&)
000000033a57d000 T std::logic_error::logic_error(char const*)
000000033a57d090 T std::logic_error::logic_error(std::__cxx11::basic_string<char, std::char_traits<char>, std::allocator<char> > const&)
000000033a57d0e0 T std::logic_error::logic_error(std::logic_error const&)
000000033a57d150 T std::logic_error::logic_error(std::string const&)
000000033a57d1e0 T std::logic_error::~logic_error()
000000033a57d250 T std::logic_error::~logic_error()
000000033a57d250 T std::logic_error::~logic_error()
000000033a57d300 T std::range_error::range_error(char const*)
000000033a57d3a0 T std::range_error::range_error(std::__cxx11::basic_string<char, std::char_traits<char>, std::allocator<char> > const&)
000000033a57d400 T std::range_error::range_error(std::string const&)
000000033a57d300 T std::range_error::range_error(char const*)
000000033a57d3a0 T std::range_error::range_error(std::__cxx11::basic_string<char, std::char_traits<char>, std::allocator<char> > const&)
000000033a57d400 T std::range_error::range_error(std::string const&)
000000033a57d420 T std::range_error::~range_error()
000000033a57d490 T std::range_error::~range_error()
000000033a57d490 T std::range_error::~range_error()
000000033a57de70 T std::__cow_string::operator=(std::__cow_string&&)
000000033a57de90 T std::__cow_string::operator=(std::__cow_string const&)
000000033a57dc10 T std::__cow_string::__cow_string(std::__cow_string&&)
000000033a57dc40 T std::__cow_string::__cow_string(char const*, unsigned long long)
000000033a57dd00 T std::__cow_string::__cow_string(std::__cxx11::basic_string<char, std::char_traits<char>, std::allocator<char> > const&)
000000033a57dd10 T std::__cow_string::__cow_string(std::__cow_string const&)
000000033a57dd70 T std::__cow_string::__cow_string(std::string const&)
000000033a57ddd0 T std::__cow_string::__cow_string()
000000033a57dc10 T std::__cow_string::__cow_string(std::__cow_string&&)
000000033a57dc40 T std::__cow_string::__cow_string(char const*, unsigned long long)
000000033a57dd00 T std::__cow_string::__cow_string(std::__cxx11::basic_string<char, std::char_traits<char>, std::allocator<char> > const&)
000000033a57dd10 T std::__cow_string::__cow_string(std::__cow_string const&)
000000033a57dd70 T std::__cow_string::__cow_string(std::string const&)
000000033a57ddd0 T std::__cow_string::__cow_string()
000000033a57de10 T std::__cow_string::~__cow_string()
000000033a57de10 T std::__cow_string::~__cow_string()
000000033a57e230 T std::__sso_string::operator=(std::__sso_string&&)
000000033a57e310 T std::__sso_string::operator=(std::__sso_string const&)
000000033a57deb0 T std::__sso_string::__sso_string(std::__sso_string&&)
000000033a57dfb0 T std::__sso_string::__sso_string(char const*, unsigned long long)
000000033a57e080 T std::__sso_string::__sso_string(std::__cxx11::basic_string<char, std::char_traits<char>, std::allocator<char> > const&)
000000033a57e130 T std::__sso_string::__sso_string(std::__sso_string const&)
000000033a57e1e0 T std::__sso_string::__sso_string(std::string const&)
000000033a57e1f0 T std::__sso_string::__sso_string()
000000033a57deb0 T std::__sso_string::__sso_string(std::__sso_string&&)
000000033a57dfb0 T std::__sso_string::__sso_string(char const*, unsigned long long)
000000033a57e080 T std::__sso_string::__sso_string(std::__cxx11::basic_string<char, std::char_traits<char>, std::allocator<char> > const&)
000000033a57e130 T std::__sso_string::__sso_string(std::__sso_string const&)
000000033a57e1e0 T std::__sso_string::__sso_string(std::string const&)
000000033a57e1f0 T std::__sso_string::__sso_string()
000000033a57e210 T std::__sso_string::~__sso_string()
000000033a57e210 T std::__sso_string::~__sso_string()
000000033a57d500 T void std::_Destroy_aux<false>::__destroy<int*>(int*, int*)
000000033a57d540 T void std::_Destroy_aux<true>::__destroy<int*>(int*, int*)
000000033a57d550 t std::(anonymous namespace)::__x86_rdrand(void*)
000000033a57d5c0 t std::(anonymous namespace)::__x86_rdseed(void*)
000000033a589550 t std::(anonymous namespace)::__throw_syserr(int, char const*)
000000033a57d650 t std::(anonymous namespace)::__winxp_rand_s(void*)
000000033a57d6b0 t std::(anonymous namespace)::__x86_rdseed_rdrand(void*)
000000033a57d860 T std::_Vector_base<unsigned char, std::allocator<unsigned char> >::_M_allocate(unsigned long long)
                 w std::_Vector_base<unsigned char, std::allocator<unsigned char> >::_Vector_impl::_Vector_impl()
000000033a57d8f0 T _ZNSt12_Vector_baseIhSaIhEE12_Vector_implC1EvQ26is_default_constructible_vIN9__gnu_cxx14__alloc_traitsIT0_NS5_10value_typeEE6rebindIT_E5otherEE
000000033a57d930 T std::_Vector_base<unsigned char, std::allocator<unsigned char> >::_Vector_impl_data::_Vector_impl_data()
000000033a57d960 T std::_Vector_base<unsigned char, std::allocator<unsigned char> >::_M_get_Tp_allocator()
000000033a57d970 T std::_Vector_base<unsigned char, std::allocator<unsigned char> >::_Vector_base()
000000033a57d990 T std::_Vector_base<int, std::allocator<int> >::_M_allocate(unsigned long long)
000000033a57da40 T std::_Vector_base<int, std::allocator<int> >::_Vector_impl::_Vector_impl(std::allocator<int> const&)
000000033a57da90 T std::_Vector_base<int, std::allocator<int> >::_Vector_impl::~_Vector_impl()
000000033a57dab0 T std::_Vector_base<int, std::allocator<int> >::_M_deallocate(int*, unsigned long long)
000000033a57db40 T std::_Vector_base<int, std::allocator<int> >::_Vector_impl_data::_Vector_impl_data()
000000033a57db70 T std::_Vector_base<int, std::allocator<int> >::_M_get_Tp_allocator()
000000033a57db80 T std::_Vector_base<int, std::allocator<int> >::_Vector_base(std::allocator<int> const&)
000000033a57dbb0 T std::_Vector_base<int, std::allocator<int> >::~_Vector_base()
000000033a57d710 T std::_Vector_base<data*, std::allocator<data*> >::_M_allocate(unsigned long long)
                 w std::_Vector_base<data*, std::allocator<data*> >::_Vector_impl::_Vector_impl()
000000033a57d7c0 T _ZNSt12_Vector_baseIP4dataSaIS1_EE12_Vector_implC1EvQ26is_default_constructible_vIN9__gnu_cxx14__alloc_traitsIT0_NS7_10value_typeEE6rebindIT_E5otherEE
000000033a57d800 T std::_Vector_base<data*, std::allocator<data*> >::_Vector_impl_data::_Vector_impl_data()
000000033a57d830 T std::_Vector_base<data*, std::allocator<data*> >::_M_get_Tp_allocator()
000000033a57d840 T std::_Vector_base<data*, std::allocator<data*> >::_Vector_base()
000000033a57e330 T std::domain_error::domain_error(char const*)
000000033a57e3d0 T std::domain_error::domain_error(std::__cxx11::basic_string<char, std::char_traits<char>, std::allocator<char> > const&)
000000033a57e430 T std::domain_error::domain_error(std::string const&)
000000033a57e330 T std::domain_error::domain_error(char const*)
000000033a57e3d0 T std::domain_error::domain_error(std::__cxx11::basic_string<char, std::char_traits<char>, std::allocator<char> > const&)
000000033a57e430 T std::domain_error::domain_error(std::string const&)
000000033a57e450 T std::domain_error::~domain_error()
000000033a57e4c0 T std::domain_error::~domain_error()
000000033a57e4c0 T std::domain_error::~domain_error()
000000033a57e530 T std::length_error::length_error(char const*)
000000033a57e5d0 T std::length_error::length_error(std::__cxx11::basic_string<char, std::char_traits<char>, std::allocator<char> > const&)
000000033a57e630 T std::length_error::length_error(std::string const&)
000000033a57e530 T std::length_error::length_error(char const*)
000000033a57e5d0 T std::length_error::length_error(std::__cxx11::basic_string<char, std::char_traits<char>, std::allocator<char> > const&)
000000033a57e630 T std::length_error::length_error(std::string const&)
000000033a57e650 T std::length_error::~length_error()
000000033a57e6c0 T std::length_error::~length_error()
000000033a57e6c0 T std::length_error::~length_error()
000000033a57e730 T std::out_of_range::out_of_range(char const*)
000000033a57e7d0 T std::out_of_range::out_of_range(std::__cxx11::basic_string<char, std::char_traits<char>, std::allocator<char> > const&)
000000033a57e830 T std::out_of_range::out_of_range(std::string const&)
000000033a57e730 T std::out_of_range::out_of_range(char const*)
000000033a57e7d0 T std::out_of_range::out_of_range(std::__cxx11::basic_string<char, std::char_traits<char>, std::allocator<char> > const&)
000000033a57e830 T std::out_of_range::out_of_range(std::string const&)
000000033a57e850 T std::out_of_range::~out_of_range()
000000033a57e8c0 T std::out_of_range::~out_of_range()
000000033a57e8c0 T std::out_of_range::~out_of_range()
000000033a57e930 T std::system_error::system_error(std::error_code, char const*)
000000033a57ec20 T std::system_error::~system_error()
000000033a57ec50 T std::system_error::~system_error()
000000033a57ec50 T std::system_error::~system_error()
000000033a57ec60 T std::_Rb_tree_node<std::pair<unsigned char const, int> >::_M_valptr()
000000033a57ec90 T std::bad_exception::~bad_exception()
000000033a57eca0 T std::bad_exception::~bad_exception()
000000033a57eca0 T std::bad_exception::~bad_exception()
000000033a57ecb0 T std::random_device::_M_init_pretr1(std::__cxx11::basic_string<char, std::char_traits<char>, std::allocator<char> > const&)
000000033a57eda0 T std::random_device::_M_init_pretr1(std::string const&)
000000033a57edb0 T std::random_device::_M_getval_pretr1()
000000033a57edc0 T std::random_device::_M_fini()
000000033a57edd0 T std::random_device::_M_init(char const*, unsigned long long)
000000033a57ee80 T std::random_device::_M_init(std::__cxx11::basic_string<char, std::char_traits<char>, std::allocator<char> > const&)
000000033a57f0c0 T std::random_device::_M_init(std::string const&)
000000033a57f0d0 T std::random_device::_M_getval()
000000033a57f1c0 T std::random_device::random_device()
000000033a57f260 T std::random_device::operator()()
000000033a57f240 T std::random_device::~random_device()
000000033a57f580 T std::runtime_error::operator=(std::runtime_error&&)
000000033a57f5a0 T std::runtime_error::operator=(std::runtime_error const&)
000000033a57f280 T std::runtime_error::runtime_error(std::runtime_error&&)
000000033a57f2c0 T std::runtime_error::runtime_error(char const*)
000000033a57f350 T std::runtime_error::runtime_error(std::__cxx11::basic_string<char, std::char_traits<char>, std::allocator<char> > const&)
000000033a57f3a0 T std::runtime_error::runtime_error(std::runtime_error const&)
000000033a57f410 T std::runtime_error::runtime_error(std::string const&)
000000033a57f280 T std::runtime_error::runtime_error(std::runtime_error&&)
000000033a57f2c0 T std::runtime_error::runtime_error(char const*)
000000033a57f350 T std::runtime_error::runtime_error(std::__cxx11::basic_string<char, std::char_traits<char>, std::allocator<char> > const&)
000000033a57f3a0 T std::runtime_error::runtime_error(std::runtime_error const&)
000000033a57f410 T std::runtime_error::runtime_error(std::string const&)
000000033a57f4a0 T std::runtime_error::~runtime_error()
000000033a57f510 T std::runtime_error::~runtime_error()
000000033a57f510 T std::runtime_error::~runtime_error()
000000033a57f5c0 T std::unordered_set<int, std::hash<int>, std::equal_to<int>, std::allocator<int> >::unordered_set()
000000033a57f5e0 T std::unordered_set<int, std::hash<int>, std::equal_to<int>, std::allocator<int> >::~unordered_set()
000000033a57f600 T std::overflow_error::overflow_error(char const*)
000000033a57f6a0 T std::overflow_error::overflow_error(std::__cxx11::basic_string<char, std::char_traits<char>, std::allocator<char> > const&)
000000033a57f700 T std::overflow_error::overflow_error(std::string const&)
000000033a57f600 T std::overflow_error::overflow_error(char const*)
000000033a57f6a0 T std::overflow_error::overflow_error(std::__cxx11::basic_string<char, std::char_traits<char>, std::allocator<char> > const&)
000000033a57f700 T std::overflow_error::overflow_error(std::string const&)
000000033a57f720 T std::overflow_error::~overflow_error()
000000033a57f790 T std::overflow_error::~overflow_error()
000000033a57f790 T std::overflow_error::~overflow_error()
000000033a57fa60 T std::__new_allocator<char>::deallocate(char*, unsigned long long)
000000033a57fa90 T std::__new_allocator<char>::allocate(unsigned long long, void const*)
000000033a57faf0 T std::__new_allocator<unsigned char>::deallocate(unsigned char*, unsigned long long)
000000033a57fb20 T std::__new_allocator<unsigned char>::allocate(unsigned long long, void const*)
000000033a57fb80 T std::__new_allocator<int>::deallocate(int*, unsigned long long)
000000033a57fbc0 T std::__new_allocator<int>::allocate(unsigned long long, void const*)
000000033a57f870 T std::__new_allocator<std::__detail::_Hash_node<int, false> >::deallocate(std::__detail::_Hash_node<int, false>*, unsigned long long)
000000033a57f8b0 T std::__new_allocator<data*>::deallocate(data**, unsigned long long)
000000033a57f8f0 T std::__new_allocator<data*>::allocate(unsigned long long, void const*)
000000033a57f960 T std::__new_allocator<std::__detail::_Hash_node_base*>::deallocate(std::__detail::_Hash_node_base**, unsigned long long)
000000033a57f9a0 T std::__new_allocator<std::_Rb_tree_node<std::pair<unsigned char const, int> > >::deallocate(std::_Rb_tree_node<std::pair<unsigned char const, int> >*, unsigned long long)
000000033a57f9e0 T std::__new_allocator<std::_Rb_tree_node<std::pair<unsigned char const, int> > >::allocate(unsigned long long, void const*)
000000033a57f800 T std::_Rb_tree_header::_M_reset()
000000033a57f840 T std::_Rb_tree_header::_Rb_tree_header()
000000033a57fc30 T std::underflow_error::underflow_error(char const*)
000000033a57fcd0 T std::underflow_error::underflow_error(std::__cxx11::basic_string<char, std::char_traits<char>, std::allocator<char> > const&)
000000033a57fd30 T std::underflow_error::underflow_error(std::string const&)
000000033a57fc30 T std::underflow_error::underflow_error(char const*)
000000033a57fcd0 T std::underflow_error::underflow_error(std::__cxx11::basic_string<char, std::char_traits<char>, std::allocator<char> > const&)
000000033a57fd30 T std::underflow_error::underflow_error(std::string const&)
000000033a57fd50 T std::underflow_error::~underflow_error()
000000033a57fdc0 T std::underflow_error::~underflow_error()
000000033a57fdc0 T std::underflow_error::~underflow_error()
000000033a57fe30 T std::invalid_argument::invalid_argument(char const*)
000000033a57fed0 T std::invalid_argument::invalid_argument(std::__cxx11::basic_string<char, std::char_traits<char>, std::allocator<char> > const&)
000000033a57ff30 T std::invalid_argument::invalid_argument(std::string const&)
000000033a57fe30 T std::invalid_argument::invalid_argument(char const*)
000000033a57fed0 T std::invalid_argument::invalid_argument(std::__cxx11::basic_string<char, std::char_traits<char>, std::allocator<char> > const&)
000000033a57ff30 T std::invalid_argument::invalid_argument(std::string const&)
000000033a57ff50 T std::invalid_argument::~invalid_argument()
000000033a57ffc0 T std::invalid_argument::~invalid_argument()
000000033a57ffc0 T std::invalid_argument::~invalid_argument()
000000033a580030 T std::_Rb_tree_iterator<std::pair<unsigned char const, int> >::_Rb_tree_iterator(std::_Rb_tree_node_base*)
000000033a580050 T std::_Rb_tree_iterator<std::pair<unsigned char const, int> >::operator--()
000000033a580080 T std::_Rb_tree_iterator<std::pair<unsigned char const, int> >::operator++()
000000033a580110 T std::__ptr_traits_ptr_to<char*, char, false>::pointer_to(char&)
000000033a5800b0 T std::__ptr_traits_ptr_to<char const*, char const, false>::pointer_to(char const&)
000000033a5800d0 T std::__ptr_traits_ptr_to<std::__detail::_Hash_node<int, false>*, std::__detail::_Hash_node<int, false>, false>::pointer_to(std::__detail::_Hash_node<int, false>&)
000000033a5800f0 T std::__ptr_traits_ptr_to<std::__detail::_Hash_node_base**, std::__detail::_Hash_node_base*, false>::pointer_to(std::__detail::_Hash_node_base*&)
000000033a580140 T int* std::__uninitialized_copy<true>::__uninit_copy<__gnu_cxx::__normal_iterator<int*, std::vector<int, std::allocator<int> > >, int*>(__gnu_cxx::__normal_iterator<int*, std::vector<int, std::allocator<int> > >, __gnu_cxx::__normal_iterator<int*, std::vector<int, std::allocator<int> > >, int*)
000000033a580130 T std::_Rb_tree_key_compare<std::less<unsigned char> >::_Rb_tree_key_compare()
000000033a580180 T std::bad_array_new_length::~bad_array_new_length()
000000033a5801b0 T std::bad_array_new_length::~bad_array_new_length()
000000033a5801b0 T std::bad_array_new_length::~bad_array_new_length()
000000033a5801c0 T std::_Rb_tree_const_iterator<std::pair<unsigned char const, int> >::_Rb_tree_const_iterator(std::_Rb_tree_iterator<std::pair<unsigned char const, int> > const&)
000000033a5801e0 T std::mersenne_twister_engine<unsigned int, 32ull, 624ull, 397ull, 31ull, 2567483615u, 11ull, 4294967295u, 7ull, 2636928640u, 15ull, 4022730752u, 18ull, 1812433253u>::_M_gen_rand()
000000033a580370 T std::mersenne_twister_engine<unsigned int, 32ull, 624ull, 397ull, 31ull, 2567483615u, 11ull, 4294967295u, 7ull, 2636928640u, 15ull, 4022730752u, 18ull, 1812433253u>::seed(unsigned int)
000000033a580410 T std::mersenne_twister_engine<unsigned int, 32ull, 624ull, 397ull, 31ull, 2567483615u, 11ull, 4294967295u, 7ull, 2636928640u, 15ull, 4022730752u, 18ull, 1812433253u>::mersenne_twister_engine(unsigned int)
000000033a580440 T std::mersenne_twister_engine<unsigned int, 32ull, 624ull, 397ull, 31ull, 2567483615u, 11ull, 4294967295u, 7ull, 2636928640u, 15ull, 4022730752u, 18ull, 1812433253u>::operator()()
000000033a5804d0 T std::uniform_int_distribution<unsigned long long>::param_type::param_type(unsigned long long, unsigned long long)
000000033a580520 T unsigned int std::uniform_int_distribution<unsigned long long>::_S_nd<unsigned long long, std::mersenne_twister_engine<unsigned int, 32ull, 624ull, 397ull, 31ull, 2567483615u, 11ull, 4294967295u, 7ull, 2636928640u, 15ull, 4022730752u, 18ull, 1812433253u>, unsigned int>(std::mersenne_twister_engine<unsigned int, 32ull, 624ull, 397ull, 31ull, 2567483615u, 11ull, 4294967295u, 7ull, 2636928640u, 15ull, 4022730752u, 18ull, 1812433253u>&, unsigned int)
000000033a5805a0 T std::uniform_int_distribution<unsigned long long>::uniform_int_distribution()
000000033a5805d0 T std::uniform_int_distribution<unsigned long long>::uniform_int_distribution(unsigned long long, unsigned long long)
000000033a580610 T unsigned long long std::uniform_int_distribution<unsigned long long>::operator()<std::mersenne_twister_engine<unsigned int, 32ull, 624ull, 397ull, 31ull, 2567483615u, 11ull, 4294967295u, 7ull, 2636928640u, 15ull, 4022730752u, 18ull, 1812433253u> >(std::mersenne_twister_engine<unsigned int, 32ull, 624ull, 397ull, 31ull, 2567483615u, 11ull, 4294967295u, 7ull, 2636928640u, 15ull, 4022730752u, 18ull, 1812433253u>&)
000000033a580640 T unsigned long long std::uniform_int_distribution<unsigned long long>::operator()<std::mersenne_twister_engine<unsigned int, 32ull, 624ull, 397ull, 31ull, 2567483615u, 11ull, 4294967295u, 7ull, 2636928640u, 15ull, 4022730752u, 18ull, 1812433253u> >(std::mersenne_twister_engine<unsigned int, 32ull, 624ull, 397ull, 31ull, 2567483615u, 11ull, 4294967295u, 7ull, 2636928640u, 15ull, 4022730752u, 18ull, 1812433253u>&, std::uniform_int_distribution<unsigned long long>::param_type const&)
000000033a580790 T std::_V2::error_category::~error_category()
000000033a5807a0 T std::_V2::error_category::~error_category()
000000033a5807a0 T std::_V2::error_category::~error_category()
000000033a5807b0 T std::_V2::system_category()
000000033a5807c0 T std::_V2::generic_category()
000000033a5807d0 T std::map<unsigned char, int, std::less<unsigned char>, std::allocator<std::pair<unsigned char const, int> > >::lower_bound(unsigned char const&)
000000033a580800 T std::map<unsigned char, int, std::less<unsigned char>, std::allocator<std::pair<unsigned char const, int> > >::end()
000000033a580820 T std::map<unsigned char, int, std::less<unsigned char>, std::allocator<std::pair<unsigned char const, int> > >::find(unsigned char const&)
000000033a580850 T std::map<unsigned char, int, std::less<unsigned char>, std::allocator<std::pair<unsigned char const, int> > >::map()
000000033a580870 T std::map<unsigned char, int, std::less<unsigned char>, std::allocator<std::pair<unsigned char const, int> > >::~map()
000000033a580890 T std::map<unsigned char, int, std::less<unsigned char>, std::allocator<std::pair<unsigned char const, int> > >::operator[](unsigned char&&)
000000033a580990 T std::pair<unsigned char const, int>::pair<unsigned char&&>(std::piecewise_construct_t, std::tuple<unsigned char&&>, std::tuple<>)
000000033a5809c0 T std::pair<unsigned char const, int>::pair<unsigned char&&, 0ull>(std::tuple<unsigned char&&>&, std::tuple<>&, std::_Index_tuple<0ull>, std::_Index_tuple<>)
                 w std::pair<std::_Rb_tree_node_base*, std::_Rb_tree_node_base*>::pair(std::_Rb_tree_node_base* const&, std::_Rb_tree_node_base* const&)
000000033a580a10 T _ZNSt4pairIPSt18_Rb_tree_node_baseS1_EC1ERKS1_S4_Qcl16_S_constructibleIRKT_RKT0_EE
000000033a580a40 T std::pair<std::_Rb_tree_node_base*, std::_Rb_tree_node_base*>::pair<std::_Rb_tree_node<std::pair<unsigned char const, int> >*&, std::_Rb_tree_node_base*&>(std::_Rb_tree_node<std::pair<unsigned char const, int> >*&, std::_Rb_tree_node_base*&)
000000033a580a90 T std::pair<std::_Rb_tree_node_base*, std::_Rb_tree_node_base*>::pair<std::_Rb_tree_node_base*&, std::_Rb_tree_node_base*&>(std::_Rb_tree_node_base*&, std::_Rb_tree_node_base*&)
000000033a580ae0 T std::pair<unsigned long long, unsigned long long>::pair<unsigned long long, unsigned long long>(unsigned long long&&, unsigned long long&&)
000000033a580b30 T std::tuple<unsigned char&&>::tuple(std::tuple<unsigned char&&>&&)
000000033a580b60 T std::tuple<unsigned char&&>::tuple<unsigned char>(unsigned char&&)
000000033a580f50 T std::vector<unsigned char, std::allocator<unsigned char> >::_S_max_size(std::allocator<unsigned char> const&)
000000033a580f90 T std::vector<unsigned char, std::allocator<unsigned char> >::_S_relocate(unsigned char*, unsigned char*, unsigned char*, std::allocator<unsigned char>&)
000000033a580fd0 T void std::vector<unsigned char, std::allocator<unsigned char> >::_M_realloc_append<unsigned char const&>(unsigned char const&)
000000033a581170 T std::vector<unsigned char, std::allocator<unsigned char> >::end()
000000033a5811a0 T std::vector<unsigned char, std::allocator<unsigned char> >::begin()
000000033a5811d0 T std::vector<unsigned char, std::allocator<unsigned char> >::push_back(unsigned char const&)
000000033a581260 T std::vector<unsigned char, std::allocator<unsigned char> >::vector()
000000033a581280 T std::vector<int, std::allocator<int> >::_S_max_size(std::allocator<int> const&)
000000033a5812d0 T std::vector<int, std::allocator<int> >::_S_relocate(int*, int*, int*, std::allocator<int>&)
000000033a581310 T void std::vector<int, std::allocator<int> >::_M_realloc_append<int const&>(int const&)
000000033a5814c0 T std::vector<int, std::allocator<int> >::_S_check_init_len(unsigned long long, std::allocator<int> const&)
000000033a581520 T void std::vector<int, std::allocator<int> >::_M_range_initialize<__gnu_cxx::__normal_iterator<int*, std::vector<int, std::allocator<int> > > >(__gnu_cxx::__normal_iterator<int*, std::vector<int, std::allocator<int> > >, __gnu_cxx::__normal_iterator<int*, std::vector<int, std::allocator<int> > >, std::forward_iterator_tag)
000000033a581600 T std::vector<int, std::allocator<int> >::end()
000000033a581630 T std::vector<int, std::allocator<int> >::begin()
000000033a581660 T std::vector<int, std::allocator<int> >::push_back(int const&)
000000033a5816f0 T std::vector<int, std::allocator<int> >::vector<__gnu_cxx::__normal_iterator<int*, std::vector<int, std::allocator<int> > >, void>(__gnu_cxx::__normal_iterator<int*, std::vector<int, std::allocator<int> > >, __gnu_cxx::__normal_iterator<int*, std::vector<int, std::allocator<int> > >, std::allocator<int> const&)
000000033a581760 T std::vector<int, std::allocator<int> >::~vector()
000000033a580ba0 T std::vector<data*, std::allocator<data*> >::_S_max_size(std::allocator<data*> const&)
000000033a580bf0 T std::vector<data*, std::allocator<data*> >::_S_relocate(data**, data**, data**, std::allocator<data*>&)
000000033a580c30 T void std::vector<data*, std::allocator<data*> >::_M_realloc_append<data* const&>(data* const&)
000000033a580de0 T std::vector<data*, std::allocator<data*> >::at(unsigned long long)
000000033a580e20 T std::vector<data*, std::allocator<data*> >::end()
000000033a580e50 T std::vector<data*, std::allocator<data*> >::begin()
000000033a580e80 T std::vector<data*, std::allocator<data*> >::push_back(data* const&)
000000033a580f10 T std::vector<data*, std::allocator<data*> >::vector()
000000033a580f30 T std::vector<data*, std::allocator<data*> >::operator[](unsigned long long)
                 U std::__cxx11::basic_string<char, std::char_traits<char>, std::allocator<char> >::_M_destroy(unsigned long long)
000000033a5817c0 T std::__cxx11::basic_string<char, std::char_traits<char>, std::allocator<char> >::_M_destroy(unsigned long long)
000000033a581860 T std::__cxx11::basic_string<char, std::char_traits<char>, std::allocator<char> >::_M_dispose()
                 U std::__cxx11::basic_string<char, std::char_traits<char>, std::allocator<char> >::_M_dispose()
000000033a5818a0 T std::__cxx11::basic_string<char, std::char_traits<char>, std::allocator<char> >::_M_replace(unsigned long long, unsigned long long, char const*, unsigned long long)
000000033a5819e0 T std::__cxx11::basic_string<char, std::char_traits<char>, std::allocator<char> >::_S_compare(unsigned long long, unsigned long long)
000000033a581a10 T std::__cxx11::basic_string<char, std::char_traits<char>, std::allocator<char> >::_M_capacity(unsigned long long)
                 U std::__cxx11::basic_string<char, std::char_traits<char>, std::allocator<char> >::_M_capacity(unsigned long long)
                 U std::__cxx11::basic_string<char, std::char_traits<char>, std::allocator<char> >::_S_allocate(std::allocator<char>&, unsigned long long)
000000033a581a30 T std::__cxx11::basic_string<char, std::char_traits<char>, std::allocator<char> >::_S_allocate(std::allocator<char>&, unsigned long long)
000000033a581ac0 T std::__cxx11::basic_string<char, std::char_traits<char>, std::allocator<char> >::_Alloc_hider::_Alloc_hider(char*, std::allocator<char>&&)
000000033a581ad0 T std::__cxx11::basic_string<char, std::char_traits<char>, std::allocator<char> >::_Alloc_hider::_Alloc_hider(char*, std::allocator<char> const&)
                 U std::__cxx11::basic_string<char, std::char_traits<char>, std::allocator<char> >::_Alloc_hider::_Alloc_hider(char*, std::allocator<char> const&)
000000033a581b20 T std::__cxx11::basic_string<char, std::char_traits<char>, std::allocator<char> >::_Alloc_hider::_Alloc_hider(char*, std::allocator<char>&&)
000000033a581b30 T std::__cxx11::basic_string<char, std::char_traits<char>, std::allocator<char> >::_Alloc_hider::_Alloc_hider(char*, std::allocator<char> const&)
000000033a581b40 T std::__cxx11::basic_string<char, std::char_traits<char>, std::allocator<char> >::_Alloc_hider::~_Alloc_hider()
000000033a581b60 T std::__cxx11::basic_string<char, std::char_traits<char>, std::allocator<char> >::_M_construct(unsigned long long, char)
000000033a581ca0 T void std::__cxx11::basic_string<char, std::char_traits<char>, std::allocator<char> >::_M_construct<__gnu_cxx::__normal_iterator<char*, std::__cxx11::basic_string<char, std::char_traits<char>, std::allocator<char> > > >(__gnu_cxx::__normal_iterator<char*, std::__cxx11::basic_string<char, std::char_traits<char>, std::allocator<char> > >, __gnu_cxx::__normal_iterator<char*, std::__cxx11::basic_string<char, std::char_traits<char>, std::allocator<char> > >, std::forward_iterator_tag)
000000033a581bf0 T void std::__cxx11::basic_string<char, std::char_traits<char>, std::allocator<char> >::_M_construct<__gnu_cxx::__normal_iterator<char const*, std::__cxx11::basic_string<char, std::char_traits<char>, std::allocator<char> > > >(__gnu_cxx::__normal_iterator<char const*, std::__cxx11::basic_string<char, std::char_traits<char>, std::allocator<char> > >, __gnu_cxx::__normal_iterator<char const*, std::__cxx11::basic_string<char, std::char_traits<char>, std::allocator<char> > >, std::forward_iterator_tag)
000000033a581fd0 T void std::__cxx11::basic_string<char, std::char_traits<char>, std::allocator<char> >::_M_construct<char*>(char*, char*, std::forward_iterator_tag)
000000033a581d50 T void std::__cxx11::basic_string<char, std::char_traits<char>, std::allocator<char> >::_M_construct<char const*>(char const*, char const*, std::forward_iterator_tag)
                 U void std::__cxx11::basic_string<char, std::char_traits<char>, std::allocator<char> >::_M_construct<char const*>(char const*, char const*, std::forward_iterator_tag)
000000033a581f20 t void std::__cxx11::basic_string<char, std::char_traits<char>, std::allocator<char> >::_M_construct<char const*>(char const*, char const*, std::forward_iterator_tag) [clone .isra.0]
000000033a581e70 t void std::__cxx11::basic_string<char, std::char_traits<char>, std::allocator<char> >::_M_construct<char const*>(char const*, char const*, std::forward_iterator_tag) [clone .isra.0]
                 U std::__cxx11::basic_string<char, std::char_traits<char>, std::allocator<char> >::_M_local_data()
000000033a582080 T std::__cxx11::basic_string<char, std::char_traits<char>, std::allocator<char> >::_M_local_data()
000000033a5820b0 T std::__cxx11::basic_string<char, std::char_traits<char>, std::allocator<char> >::_M_set_length(unsigned long long)
                 U std::__cxx11::basic_string<char, std::char_traits<char>, std::allocator<char> >::_M_set_length(unsigned long long)
000000033a582100 T std::__cxx11::basic_string<char, std::char_traits<char>, std::allocator<char> >::_S_copy_chars(char*, __gnu_cxx::__normal_iterator<char const*, std::__cxx11::basic_string<char, std::char_traits<char>, std::allocator<char> > >, __gnu_cxx::__normal_iterator<char const*, std::__cxx11::basic_string<char, std::char_traits<char>, std::allocator<char> > >)
000000033a582120 T std::__cxx11::basic_string<char, std::char_traits<char>, std::allocator<char> >::_S_copy_chars(char*, __gnu_cxx::__normal_iterator<char*, std::__cxx11::basic_string<char, std::char_traits<char>, std::allocator<char> > >, __gnu_cxx::__normal_iterator<char*, std::__cxx11::basic_string<char, std::char_traits<char>, std::allocator<char> > >)
                 U std::__cxx11::basic_string<char, std::char_traits<char>, std::allocator<char> >::_S_copy_chars(char*, char const*, char const*)
000000033a582140 T std::__cxx11::basic_string<char, std::char_traits<char>, std::allocator<char> >::_S_copy_chars(char*, char const*, char const*)
000000033a582180 T std::__cxx11::basic_string<char, std::char_traits<char>, std::allocator<char> >::_S_copy_chars(char*, char*, char*)
000000033a5821a0 T std::__cxx11::basic_string<char, std::char_traits<char>, std::allocator<char> >::shrink_to_fit()
000000033a5821b0 T std::__cxx11::basic_string<char, std::char_traits<char>, std::allocator<char> >::_M_replace_aux(unsigned long long, unsigned long long, unsigned long long, char)
000000033a5822d0 T std::__cxx11::basic_string<char, std::char_traits<char>, std::allocator<char> >::_M_replace_cold(char*, unsigned long long, char const*, unsigned long long, unsigned long long)
000000033a5823f0 T std::__cxx11::basic_string<char, std::char_traits<char>, std::allocator<char> >::_M_get_allocator()
                 U std::__cxx11::basic_string<char, std::char_traits<char>, std::allocator<char> >::_M_get_allocator()
000000033a582400 T std::__cxx11::basic_string<char, std::char_traits<char>, std::allocator<char> >::_M_init_local_buf()
000000033a582410 T std::__cxx11::basic_string<char, std::char_traits<char>, std::allocator<char> >::_M_use_local_data()
000000033a582420 T std::__cxx11::basic_string<char, std::char_traits<char>, std::allocator<char> >::_M_construct_aux_2(unsigned long long, char)
000000033a582430 T std::__cxx11::basic_string<char, std::char_traits<char>, std::allocator<char> >::at(unsigned long long)
000000033a582460 T std::__cxx11::basic_string<char, std::char_traits<char>, std::allocator<char> >::end()
000000033a582470 T std::__cxx11::basic_string<char, std::char_traits<char>, std::allocator<char> >::back()
000000033a58ebc0 R std::__cxx11::basic_string<char, std::char_traits<char>, std::allocator<char> >::npos
000000033a582480 T std::__cxx11::basic_string<char, std::char_traits<char>, std::allocator<char> >::rend()
000000033a582490 T std::__cxx11::basic_string<char, std::char_traits<char>, std::allocator<char> >::swap(std::__cxx11::basic_string<char, std::char_traits<char>, std::allocator<char> >&)
000000033a582a80 T std::__cxx11::basic_string<char, std::char_traits<char>, std::allocator<char> >::begin()
000000033a582a90 T std::__cxx11::basic_string<char, std::char_traits<char>, std::allocator<char> >::clear()
000000033a582aa0 T std::__cxx11::basic_string<char, std::char_traits<char>, std::allocator<char> >::erase(__gnu_cxx::__normal_iterator<char const*, std::__cxx11::basic_string<char, std::char_traits<char>, std::allocator<char> > >)
000000033a582ad0 T std::__cxx11::basic_string<char, std::char_traits<char>, std::allocator<char> >::erase(__gnu_cxx::__normal_iterator<char const*, std::__cxx11::basic_string<char, std::char_traits<char>, std::allocator<char> > >, __gnu_cxx::__normal_iterator<char const*, std::__cxx11::basic_string<char, std::char_traits<char>, std::allocator<char> > >)
000000033a582b30 T std::__cxx11::basic_string<char, std::char_traits<char>, std::allocator<char> >::erase(unsigned long long, unsigned long long)
000000033a582ba0 T std::__cxx11::basic_string<char, std::char_traits<char>, std::allocator<char> >::front()
000000033a582bb0 T std::__cxx11::basic_string<char, std::char_traits<char>, std::allocator<char> >::append(char const*)
000000033a582c00 T std::__cxx11::basic_string<char, std::char_traits<char>, std::allocator<char> >::append(char const*, unsigned long long)
000000033a582c30 T std::__cxx11::basic_string<char, std::char_traits<char>, std::allocator<char> >::append(std::__cxx11::basic_string<char, std::char_traits<char>, std::allocator<char> > const&)
000000033a582c70 T std::__cxx11::basic_string<char, std::char_traits<char>, std::allocator<char> >::append(std::__cxx11::basic_string<char, std::char_traits<char>, std::allocator<char> > const&, unsigned long long, unsigned long long)
000000033a582ce0 T std::__cxx11::basic_string<char, std::char_traits<char>, std::allocator<char> >::append(std::initializer_list<char>)
000000033a582d20 T std::__cxx11::basic_string<char, std::char_traits<char>, std::allocator<char> >::append(unsigned long long, char)
000000033a582d50 T std::__cxx11::basic_string<char, std::char_traits<char>, std::allocator<char> >::assign(std::__cxx11::basic_string<char, std::char_traits<char>, std::allocator<char> >&&)
000000033a582e30 T std::__cxx11::basic_string<char, std::char_traits<char>, std::allocator<char> >::assign(char const*)
000000033a582e70 T std::__cxx11::basic_string<char, std::char_traits<char>, std::allocator<char> >::assign(char const*, unsigned long long)
000000033a582e90 T std::__cxx11::basic_string<char, std::char_traits<char>, std::allocator<char> >::assign(std::__cxx11::basic_string<char, std::char_traits<char>, std::allocator<char> > const&)
000000033a582eb0 T std::__cxx11::basic_string<char, std::char_traits<char>, std::allocator<char> >::assign(std::__cxx11::basic_string<char, std::char_traits<char>, std::allocator<char> > const&, unsigned long long, unsigned long long)
000000033a582f00 T std::__cxx11::basic_string<char, std::char_traits<char>, std::allocator<char> >::assign(std::initializer_list<char>)
000000033a5830c0 T std::__cxx11::basic_string<char, std::char_traits<char>, std::allocator<char> >::assign(unsigned long long, char)
000000033a5831c0 T std::__cxx11::basic_string<char, std::char_traits<char>, std::allocator<char> >::insert(__gnu_cxx::__normal_iterator<char*, std::__cxx11::basic_string<char, std::char_traits<char>, std::allocator<char> > >, std::initializer_list<char>)
000000033a583140 T std::__cxx11::basic_string<char, std::char_traits<char>, std::allocator<char> >::insert(__gnu_cxx::__normal_iterator<char const*, std::__cxx11::basic_string<char, std::char_traits<char>, std::allocator<char> > >, char)
000000033a5830e0 T std::__cxx11::basic_string<char, std::char_traits<char>, std::allocator<char> >::insert(__gnu_cxx::__normal_iterator<char const*, std::__cxx11::basic_string<char, std::char_traits<char>, std::allocator<char> > >, std::initializer_list<char>)
000000033a583180 T std::__cxx11::basic_string<char, std::char_traits<char>, std::allocator<char> >::insert(__gnu_cxx::__normal_iterator<char const*, std::__cxx11::basic_string<char, std::char_traits<char>, std::allocator<char> > >, unsigned long long, char)
000000033a583210 T std::__cxx11::basic_string<char, std::char_traits<char>, std::allocator<char> >::insert(unsigned long long, char const*)
000000033a583270 T std::__cxx11::basic_string<char, std::char_traits<char>, std::allocator<char> >::insert(unsigned long long, char const*, unsigned long long)
000000033a5832b0 T std::__cxx11::basic_string<char, std::char_traits<char>, std::allocator<char> >::insert(unsigned long long, std::__cxx11::basic_string<char, std::char_traits<char>, std::allocator<char> > const&)
000000033a5832f0 T std::__cxx11::basic_string<char, std::char_traits<char>, std::allocator<char> >::insert(unsigned long long, std::__cxx11::basic_string<char, std::char_traits<char>, std::allocator<char> > const&, unsigned long long, unsigned long long)
000000033a583370 T std::__cxx11::basic_string<char, std::char_traits<char>, std::allocator<char> >::insert(unsigned long long, unsigned long long, char)
000000033a5833b0 T std::__cxx11::basic_string<char, std::char_traits<char>, std::allocator<char> >::rbegin()
000000033a5833c0 T std::__cxx11::basic_string<char, std::char_traits<char>, std::allocator<char> >::resize(unsigned long long)
000000033a5833d0 T std::__cxx11::basic_string<char, std::char_traits<char>, std::allocator<char> >::resize(unsigned long long, char)
                 U std::__cxx11::basic_string<char, std::char_traits<char>, std::allocator<char> >::_M_data(char*)
000000033a583420 T std::__cxx11::basic_string<char, std::char_traits<char>, std::allocator<char> >::_M_data(char*)
                 U std::__cxx11::basic_string<char, std::char_traits<char>, std::allocator<char> >::_S_copy(char*, char const*, unsigned long long)
000000033a583440 T std::__cxx11::basic_string<char, std::char_traits<char>, std::allocator<char> >::_S_copy(char*, char const*, unsigned long long)
000000033a583490 T std::__cxx11::basic_string<char, std::char_traits<char>, std::allocator<char> >::_S_move(char*, char const*, unsigned long long)
000000033a5834b0 T std::__cxx11::basic_string<char, std::char_traits<char>, std::allocator<char> >::replace(__gnu_cxx::__normal_iterator<char const*, std::__cxx11::basic_string<char, std::char_traits<char>, std::allocator<char> > >, __gnu_cxx::__normal_iterator<char const*, std::__cxx11::basic_string<char, std::char_traits<char>, std::allocator<char> > >, __gnu_cxx::__normal_iterator<char*, std::__cxx11::basic_string<char, std::char_traits<char>, std::allocator<char> > >, __gnu_cxx::__normal_iterator<char*, std::__cxx11::basic_string<char, std::char_traits<char>, std::allocator<char> > >)
000000033a583510 T std::__cxx11::basic_string<char, std::char_traits<char>, std::allocator<char> >::replace(__gnu_cxx::__normal_iterator<char const*, std::__cxx11::basic_string<char, std::char_traits<char>, std::allocator<char> > >, __gnu_cxx::__normal_iterator<char const*, std::__cxx11::basic_string<char, std::char_traits<char>, std::allocator<char> > >, char*, char*)
000000033a583570 T std::__cxx11::basic_string<char, std::char_traits<char>, std::allocator<char> >::replace(__gnu_cxx::__normal_iterator<char const*, std::__cxx11::basic_string<char, std::char_traits<char>, std::allocator<char> > >, __gnu_cxx::__normal_iterator<char const*, std::__cxx11::basic_string<char, std::char_traits<char>, std::allocator<char> > >, std::__cxx11::basic_string<char, std::char_traits<char>, std::allocator<char> > const&)
000000033a5835d0 T std::__cxx11::basic_string<char, std::char_traits<char>, std::allocator<char> >::replace(__gnu_cxx::__normal_iterator<char const*, std::__cxx11::basic_string<char, std::char_traits<char>, std::allocator<char> > >, __gnu_cxx::__normal_iterator<char const*, std::__cxx11::basic_string<char, std::char_traits<char>, std::allocator<char> > >, char const*)
000000033a583640 T std::__cxx11::basic_string<char, std::char_traits<char>, std::allocator<char> >::replace(__gnu_cxx::__normal_iterator<char const*, std::__cxx11::basic_string<char, std::char_traits<char>, std::allocator<char> > >, __gnu_cxx::__normal_iterator<char const*, std::__cxx11::basic_string<char, std::char_traits<char>, std::allocator<char> > >, char const*, char const*)
000000033a5836a0 T std::__cxx11::basic_string<char, std::char_traits<char>, std::allocator<char> >::replace(__gnu_cxx::__normal_iterator<char const*, std::__cxx11::basic_string<char, std::char_traits<char>, std::allocator<char> > >, __gnu_cxx::__normal_iterator<char const*, std::__cxx11::basic_string<char, std::char_traits<char>, std::allocator<char> > >, char const*, unsigned long long)
000000033a5836f0 T std::__cxx11::basic_string<char, std::char_traits<char>, std::allocator<char> >::replace(__gnu_cxx::__normal_iterator<char const*, std::__cxx11::basic_string<char, std::char_traits<char>, std::allocator<char> > >, __gnu_cxx::__normal_iterator<char const*, std::__cxx11::basic_string<char, std::char_traits<char>, std::allocator<char> > >, __gnu_cxx::__normal_iterator<char const*, std::__cxx11::basic_string<char, std::char_traits<char>, std::allocator<char> > >, __gnu_cxx::__normal_iterator<char const*, std::__cxx11::basic_string<char, std::char_traits<char>, std::allocator<char> > >)
000000033a583750 T std::__cxx11::basic_string<char, std::char_traits<char>, std::allocator<char> >::replace(__gnu_cxx::__normal_iterator<char const*, std::__cxx11::basic_string<char, std::char_traits<char>, std::allocator<char> > >, __gnu_cxx::__normal_iterator<char const*, std::__cxx11::basic_string<char, std::char_traits<char>, std::allocator<char> > >, std::initializer_list<char>)
000000033a5837b0 T std::__cxx11::basic_string<char, std::char_traits<char>, std::allocator<char> >::replace(__gnu_cxx::__normal_iterator<char const*, std::__cxx11::basic_string<char, std::char_traits<char>, std::allocator<char> > >, __gnu_cxx::__normal_iterator<char const*, std::__cxx11::basic_string<char, std::char_traits<char>, std::allocator<char> > >, unsigned long long, char)
000000033a5837d0 T std::__cxx11::basic_string<char, std::char_traits<char>, std::allocator<char> >::replace(unsigned long long, unsigned long long, char const*)
000000033a583840 T std::__cxx11::basic_string<char, std::char_traits<char>, std::allocator<char> >::replace(unsigned long long, unsigned long long, char const*, unsigned long long)
000000033a583890 T std::__cxx11::basic_string<char, std::char_traits<char>, std::allocator<char> >::replace(unsigned long long, unsigned long long, std::__cxx11::basic_string<char, std::char_traits<char>, std::allocator<char> > const&)
000000033a5838e0 T std::__cxx11::basic_string<char, std::char_traits<char>, std::allocator<char> >::replace(unsigned long long, unsigned long long, std::__cxx11::basic_string<char, std::char_traits<char>, std::allocator<char> > const&, unsigned long long, unsigned long long)
000000033a583970 T std::__cxx11::basic_string<char, std::char_traits<char>, std::allocator<char> >::replace(unsigned long long, unsigned long long, unsigned long long, char)
000000033a5839c0 T std::__cxx11::basic_string<char, std::char_traits<char>, std::allocator<char> >::reserve()
000000033a583b60 T std::__cxx11::basic_string<char, std::char_traits<char>, std::allocator<char> >::reserve(unsigned long long)
000000033a583c00 T std::__cxx11::basic_string<char, std::char_traits<char>, std::allocator<char> >::_M_erase(unsigned long long, unsigned long long)
000000033a583c70 T std::__cxx11::basic_string<char, std::char_traits<char>, std::allocator<char> >::pop_back()
000000033a583c90 T std::__cxx11::basic_string<char, std::char_traits<char>, std::allocator<char> >::_M_append(char const*, unsigned long long)
000000033a583d20 T std::__cxx11::basic_string<char, std::char_traits<char>, std::allocator<char> >::_M_assign(std::__cxx11::basic_string<char, std::char_traits<char>, std::allocator<char> > const&)
                 U std::__cxx11::basic_string<char, std::char_traits<char>, std::allocator<char> >::_M_create(unsigned long long&, unsigned long long)
000000033a583e10 T std::__cxx11::basic_string<char, std::char_traits<char>, std::allocator<char> >::_M_create(unsigned long long&, unsigned long long)
                 U std::__cxx11::basic_string<char, std::char_traits<char>, std::allocator<char> >::_M_length(unsigned long long)
000000033a583ee0 T std::__cxx11::basic_string<char, std::char_traits<char>, std::allocator<char> >::_M_length(unsigned long long)
000000033a583f00 T std::__cxx11::basic_string<char, std::char_traits<char>, std::allocator<char> >::_M_mutate(unsigned long long, unsigned long long, char const*, unsigned long long)
000000033a584060 T std::__cxx11::basic_string<char, std::char_traits<char>, std::allocator<char> >::_S_assign(char*, unsigned long long, char)
000000033a584090 T std::__cxx11::basic_string<char, std::char_traits<char>, std::allocator<char> >::push_back(char)
000000033a584ce0 T std::__cxx11::basic_string<char, std::char_traits<char>, std::allocator<char> >::operator=(char)
000000033a584b70 T std::__cxx11::basic_string<char, std::char_traits<char>, std::allocator<char> >::operator=(std::__cxx11::basic_string<char, std::char_traits<char>, std::allocator<char> >&&)
000000033a584c50 T std::__cxx11::basic_string<char, std::char_traits<char>, std::allocator<char> >::operator=(char const*)
000000033a584c90 T std::__cxx11::basic_string<char, std::char_traits<char>, std::allocator<char> >::operator=(std::__cxx11::basic_string<char, std::char_traits<char>, std::allocator<char> > const&)
000000033a584cb0 T std::__cxx11::basic_string<char, std::char_traits<char>, std::allocator<char> >::operator=(std::initializer_list<char>)
000000033a584110 T std::__cxx11::basic_string<char, std::char_traits<char>, std::allocator<char> >::basic_string(std::__cxx11::basic_string<char, std::char_traits<char>, std::allocator<char> >&&)
000000033a584210 T std::__cxx11::basic_string<char, std::char_traits<char>, std::allocator<char> >::basic_string(std::__cxx11::basic_string<char, std::char_traits<char>, std::allocator<char> >&&, std::allocator<char> const&)
000000033a584330 T std::__cxx11::basic_string<char, std::char_traits<char>, std::allocator<char> >::basic_string(char const*, std::allocator<char> const&)
000000033a584380 T std::__cxx11::basic_string<char, std::char_traits<char>, std::allocator<char> >::basic_string(char const*, unsigned long long, std::allocator<char> const&)
000000033a5843c0 T std::__cxx11::basic_string<char, std::char_traits<char>, std::allocator<char> >::basic_string(std::allocator<char> const&)
000000033a5843e0 T std::__cxx11::basic_string<char, std::char_traits<char>, std::allocator<char> >::basic_string(std::__cxx11::basic_string<char, std::char_traits<char>, std::allocator<char> > const&)
000000033a584400 T std::__cxx11::basic_string<char, std::char_traits<char>, std::allocator<char> >::basic_string(std::__cxx11::basic_string<char, std::char_traits<char>, std::allocator<char> > const&, std::allocator<char> const&)
000000033a584420 T std::__cxx11::basic_string<char, std::char_traits<char>, std::allocator<char> >::basic_string(std::__cxx11::basic_string<char, std::char_traits<char>, std::allocator<char> > const&, unsigned long long, std::allocator<char> const&)
000000033a584470 T std::__cxx11::basic_string<char, std::char_traits<char>, std::allocator<char> >::basic_string(std::__cxx11::basic_string<char, std::char_traits<char>, std::allocator<char> > const&, unsigned long long, unsigned long long)
000000033a5844c0 T std::__cxx11::basic_string<char, std::char_traits<char>, std::allocator<char> >::basic_string(std::__cxx11::basic_string<char, std::char_traits<char>, std::allocator<char> > const&, unsigned long long, unsigned long long, std::allocator<char> const&)
000000033a584510 T std::__cxx11::basic_string<char, std::char_traits<char>, std::allocator<char> >::basic_string(std::initializer_list<char>, std::allocator<char> const&)
000000033a584530 T std::__cxx11::basic_string<char, std::char_traits<char>, std::allocator<char> >::basic_string()
000000033a584550 T std::__cxx11::basic_string<char, std::char_traits<char>, std::allocator<char> >::basic_string(unsigned long long, char, std::allocator<char> const&)
000000033a584560 T std::__cxx11::basic_string<char, std::char_traits<char>, std::allocator<char> >::basic_string<__gnu_cxx::__normal_iterator<char*, std::__cxx11::basic_string<char, std::char_traits<char>, std::allocator<char> > >, void>(__gnu_cxx::__normal_iterator<char*, std::__cxx11::basic_string<char, std::char_traits<char>, std::allocator<char> > >, __gnu_cxx::__normal_iterator<char*, std::__cxx11::basic_string<char, std::char_traits<char>, std::allocator<char> > >, std::allocator<char> const&)
000000033a5845a0 T std::__cxx11::basic_string<char, std::char_traits<char>, std::allocator<char> >::basic_string<char*, void>(char*, char*, std::allocator<char> const&)
000000033a584580 T std::__cxx11::basic_string<char, std::char_traits<char>, std::allocator<char> >::basic_string<char const*, void>(char const*, char const*, std::allocator<char> const&)
000000033a5845c0 T std::__cxx11::basic_string<char, std::char_traits<char>, std::allocator<char> >::basic_string<std::allocator<char> >(char const*, std::allocator<char> const&)
000000033a584670 T std::__cxx11::basic_string<char, std::char_traits<char>, std::allocator<char> >::basic_string(std::__cxx11::basic_string<char, std::char_traits<char>, std::allocator<char> >&&)
000000033a584770 T std::__cxx11::basic_string<char, std::char_traits<char>, std::allocator<char> >::basic_string(std::__cxx11::basic_string<char, std::char_traits<char>, std::allocator<char> >&&, std::allocator<char> const&)
000000033a584890 T std::__cxx11::basic_string<char, std::char_traits<char>, std::allocator<char> >::basic_string(char const*, std::allocator<char> const&)
000000033a5848e0 T std::__cxx11::basic_string<char, std::char_traits<char>, std::allocator<char> >::basic_string(char const*, unsigned long long, std::allocator<char> const&)
000000033a584920 T std::__cxx11::basic_string<char, std::char_traits<char>, std::allocator<char> >::basic_string(std::allocator<char> const&)
000000033a584940 T std::__cxx11::basic_string<char, std::char_traits<char>, std::allocator<char> >::basic_string(std::__cxx11::basic_string<char, std::char_traits<char>, std::allocator<char> > const&)
000000033a584960 T std::__cxx11::basic_string<char, std::char_traits<char>, std::allocator<char> >::basic_string(std::__cxx11::basic_string<char, std::char_traits<char>, std::allocator<char> > const&, std::allocator<char> const&)
000000033a584980 T std::__cxx11::basic_string<char, std::char_traits<char>, std::allocator<char> >::basic_string(std::__cxx11::basic_string<char, std::char_traits<char>, std::allocator<char> > const&, unsigned long long, std::allocator<char> const&)
000000033a5849d0 T std::__cxx11::basic_string<char, std::char_traits<char>, std::allocator<char> >::basic_string(std::__cxx11::basic_string<char, std::char_traits<char>, std::allocator<char> > const&, unsigned long long, unsigned long long)
000000033a584a20 T std::__cxx11::basic_string<char, std::char_traits<char>, std::allocator<char> >::basic_string(std::__cxx11::basic_string<char, std::char_traits<char>, std::allocator<char> > const&, unsigned long long, unsigned long long, std::allocator<char> const&)
000000033a584a70 T std::__cxx11::basic_string<char, std::char_traits<char>, std::allocator<char> >::basic_string(std::initializer_list<char>, std::allocator<char> const&)
000000033a584a90 T std::__cxx11::basic_string<char, std::char_traits<char>, std::allocator<char> >::basic_string()
000000033a584ab0 T std::__cxx11::basic_string<char, std::char_traits<char>, std::allocator<char> >::basic_string(unsigned long long, char, std::allocator<char> const&)
000000033a584ac0 T std::__cxx11::basic_string<char, std::char_traits<char>, std::allocator<char> >::basic_string<__gnu_cxx::__normal_iterator<char*, std::__cxx11::basic_string<char, std::char_traits<char>, std::allocator<char> > >, void>(__gnu_cxx::__normal_iterator<char*, std::__cxx11::basic_string<char, std::char_traits<char>, std::allocator<char> > >, __gnu_cxx::__normal_iterator<char*, std::__cxx11::basic_string<char, std::char_traits<char>, std::allocator<char> > >, std::allocator<char> const&)
000000033a584b00 T std::__cxx11::basic_string<char, std::char_traits<char>, std::allocator<char> >::basic_string<char*, void>(char*, char*, std::allocator<char> const&)
000000033a584ae0 T std::__cxx11::basic_string<char, std::char_traits<char>, std::allocator<char> >::basic_string<char const*, void>(char const*, char const*, std::allocator<char> const&)
                 U std::__cxx11::basic_string<char, std::char_traits<char>, std::allocator<char> >::~basic_string()
000000033a584b20 T std::__cxx11::basic_string<char, std::char_traits<char>, std::allocator<char> >::~basic_string()
000000033a584b50 T std::__cxx11::basic_string<char, std::char_traits<char>, std::allocator<char> >::~basic_string()
000000033a584d10 T std::__cxx11::basic_string<char, std::char_traits<char>, std::allocator<char> >::operator[](unsigned long long)
000000033a584df0 T std::__cxx11::basic_string<char, std::char_traits<char>, std::allocator<char> >::operator+=(char)
000000033a584d20 T std::__cxx11::basic_string<char, std::char_traits<char>, std::allocator<char> >::operator+=(char const*)
000000033a584d70 T std::__cxx11::basic_string<char, std::char_traits<char>, std::allocator<char> >::operator+=(std::__cxx11::basic_string<char, std::char_traits<char>, std::allocator<char> > const&)
000000033a584db0 T std::__cxx11::basic_string<char, std::char_traits<char>, std::allocator<char> >::operator+=(std::initializer_list<char>)
000000033a58b01a r std::__detail::__destructible<std::_Bit_iterator>
000000033a58b2f4 r std::__detail::__destructible<std::_Bit_iterator>
000000033a58b01c r std::__detail::__destructible<std::_Bit_const_iterator>
000000033a58b2f6 r std::__detail::__destructible<std::_Bit_const_iterator>
000000033a585df0 T std::__detail::_Hash_code_base<int, int, std::__detail::_Identity, std::hash<int>, std::__detail::_Mod_range_hashing, std::__detail::_Default_ranged_hash, false>::_Hash_code_base()
000000033a585e10 T std::__detail::_Hash_node_base::_Hash_node_base()
000000033a585e30 T std::__detail::_Hashtable_base<int, int, std::__detail::_Identity, std::equal_to<int>, std::hash<int>, std::__detail::_Mod_range_hashing, std::__detail::_Default_ranged_hash, std::__detail::_Hashtable_traits<false, true, true> >::_Hashtable_base()
000000033a585e60 T std::__detail::_Hashtable_alloc<std::allocator<std::__detail::_Hash_node<int, false> > >::_M_node_allocator()
000000033a585e80 T std::__detail::_Hashtable_alloc<std::allocator<std::__detail::_Hash_node<int, false> > >::_M_deallocate_node(std::__detail::_Hash_node<int, false>*)
000000033a585ef0 T std::__detail::_Hashtable_alloc<std::allocator<std::__detail::_Hash_node<int, false> > >::_M_deallocate_nodes(std::__detail::_Hash_node<int, false>*)
000000033a585f40 T std::__detail::_Hashtable_alloc<std::allocator<std::__detail::_Hash_node<int, false> > >::_M_deallocate_buckets(std::__detail::_Hash_node_base**, unsigned long long)
000000033a585fe0 T std::__detail::_Hashtable_alloc<std::allocator<std::__detail::_Hash_node<int, false> > >::_M_deallocate_node_ptr(std::__detail::_Hash_node<int, false>*)
000000033a586070 T std::__detail::_Hashtable_alloc<std::allocator<std::__detail::_Hash_node<int, false> > >::_Hashtable_alloc()
000000033a586090 T std::__detail::_Hashtable_alloc<std::allocator<std::__detail::_Hash_node<int, false> > >::~_Hashtable_alloc()
000000033a58b2f5 r std::__detail::__destructible_impl<std::_Bit_iterator>
000000033a58b01b r std::__detail::__destructible_impl<std::_Bit_iterator>
000000033a58b01d r std::__detail::__destructible_impl<std::_Bit_const_iterator>
000000033a58b2f7 r std::__detail::__destructible_impl<std::_Bit_const_iterator>
000000033a5860b0 T std::__detail::_Prime_rehash_policy::_Prime_rehash_policy(float)
000000033a5860e0 T std::__detail::_Hashtable_ebo_helper<0, std::allocator<std::__detail::_Hash_node<int, false> >, true>::_M_get()
000000033a5860f0 T std::__detail::_Hashtable_ebo_helper<0, std::allocator<std::__detail::_Hash_node<int, false> >, true>::_Hashtable_ebo_helper()
000000033a586120 T std::__detail::_Hashtable_ebo_helper<0, std::allocator<std::__detail::_Hash_node<int, false> >, true>::~_Hashtable_ebo_helper()
000000033a586140 T std::__detail::_Hashtable_ebo_helper<0, std::equal_to<int>, true>::_Hashtable_ebo_helper()
000000033a586150 T std::__detail::_Hashtable_ebo_helper<1, std::hash<int>, true>::_Hashtable_ebo_helper()
000000033a58b2f1 r std::__detail::__integer_to_chars_is_unsigned<unsigned int>
000000033a58b2f2 r std::__detail::__integer_to_chars_is_unsigned<unsigned long>
000000033a58b2f3 r std::__detail::__integer_to_chars_is_unsigned<unsigned long long>
000000033a586160 T std::__detail::_Mod<unsigned int, 0u, 1u, 0u, true, false>::__calc(unsigned int)
000000033a586180 T std::__detail::_Mod<unsigned int, 624u, 1u, 0u, true, true>::__calc(unsigned int)
000000033a5861c0 T unsigned int std::__detail::__mod<unsigned int, 0u, 1u, 0u>(unsigned int)
000000033a5861e0 T unsigned int std::__detail::__mod<unsigned int, 624u, 1u, 0u>(unsigned int)
000000033a584e70 T std::_Rb_tree<unsigned char, std::pair<unsigned char const, int>, std::_Select1st<std::pair<unsigned char const, int> >, std::less<unsigned char>, std::allocator<std::pair<unsigned char const, int> > >::_Auto_node::_M_insert(std::pair<std::_Rb_tree_node_base*, std::_Rb_tree_node_base*>)
000000033a584ee0 T std::_Rb_tree<unsigned char, std::pair<unsigned char const, int>, std::_Select1st<std::pair<unsigned char const, int> >, std::less<unsigned char>, std::allocator<std::pair<unsigned char const, int> > >::_Auto_node::_Auto_node<std::piecewise_construct_t const&, std::tuple<unsigned char&&>, std::tuple<> >(std::_Rb_tree<unsigned char, std::pair<unsigned char const, int>, std::_Select1st<std::pair<unsigned char const, int> >, std::less<unsigned char>, std::allocator<std::pair<unsigned char const, int> > >&, std::piecewise_construct_t const&, std::tuple<unsigned char&&>&&, std::tuple<>&&)
000000033a584f60 T std::_Rb_tree<unsigned char, std::pair<unsigned char const, int>, std::_Select1st<std::pair<unsigned char const, int> >, std::less<unsigned char>, std::allocator<std::pair<unsigned char const, int> > >::_Auto_node::~_Auto_node()
000000033a584fa0 T std::_Rb_tree<unsigned char, std::pair<unsigned char const, int>, std::_Select1st<std::pair<unsigned char const, int> >, std::less<unsigned char>, std::allocator<std::pair<unsigned char const, int> > >::_M_get_node()
000000033a585040 T std::_Rb_tree<unsigned char, std::pair<unsigned char const, int>, std::_Select1st<std::pair<unsigned char const, int> >, std::less<unsigned char>, std::allocator<std::pair<unsigned char const, int> > >::_M_leftmost()
000000033a585060 T std::_Rb_tree<unsigned char, std::pair<unsigned char const, int>, std::_Select1st<std::pair<unsigned char const, int> >, std::less<unsigned char>, std::allocator<std::pair<unsigned char const, int> > >::_M_put_node(std::_Rb_tree_node<std::pair<unsigned char const, int> >*)
000000033a5850e0 T std::_Rb_tree<unsigned char, std::pair<unsigned char const, int>, std::_Select1st<std::pair<unsigned char const, int> >, std::less<unsigned char>, std::allocator<std::pair<unsigned char const, int> > >::lower_bound(unsigned char const&)
000000033a585130 T std::_Rb_tree<unsigned char, std::pair<unsigned char const, int>, std::_Select1st<std::pair<unsigned char const, int> >, std::less<unsigned char>, std::allocator<std::pair<unsigned char const, int> > >::_M_drop_node(std::_Rb_tree_node<std::pair<unsigned char const, int> >*)
000000033a585170 T std::_Rb_tree<unsigned char, std::pair<unsigned char const, int>, std::_Select1st<std::pair<unsigned char const, int> >, std::less<unsigned char>, std::allocator<std::pair<unsigned char const, int> > >::_M_rightmost()
000000033a585190 T std::_Rb_tree<unsigned char, std::pair<unsigned char const, int>, std::_Select1st<std::pair<unsigned char const, int> >, std::less<unsigned char>, std::allocator<std::pair<unsigned char const, int> > >::_Rb_tree_impl<std::less<unsigned char>, true>::_Rb_tree_impl()
000000033a5851e0 T std::_Rb_tree<unsigned char, std::pair<unsigned char const, int>, std::_Select1st<std::pair<unsigned char const, int> >, std::less<unsigned char>, std::allocator<std::pair<unsigned char const, int> > >::_Rb_tree_impl<std::less<unsigned char>, true>::~_Rb_tree_impl()
000000033a585200 T std::_Rb_tree_node<std::pair<unsigned char const, int> >* std::_Rb_tree<unsigned char, std::pair<unsigned char const, int>, std::_Select1st<std::pair<unsigned char const, int> >, std::less<unsigned char>, std::allocator<std::pair<unsigned char const, int> > >::_M_create_node<std::piecewise_construct_t const&, std::tuple<unsigned char&&>, std::tuple<> >(std::piecewise_construct_t const&, std::tuple<unsigned char&&>&&, std::tuple<>&&)
000000033a585280 T std::_Rb_tree<unsigned char, std::pair<unsigned char const, int>, std::_Select1st<std::pair<unsigned char const, int> >, std::less<unsigned char>, std::allocator<std::pair<unsigned char const, int> > >::_M_insert_node(std::_Rb_tree_node_base*, std::_Rb_tree_node_base*, std::_Rb_tree_node<std::pair<unsigned char const, int> >*)
000000033a585350 T std::_Rb_tree<unsigned char, std::pair<unsigned char const, int>, std::_Select1st<std::pair<unsigned char const, int> >, std::less<unsigned char>, std::allocator<std::pair<unsigned char const, int> > >::_M_lower_bound(std::_Rb_tree_node<std::pair<unsigned char const, int> >*, std::_Rb_tree_node_base*, unsigned char const&)
000000033a5853f0 T std::_Rb_tree<unsigned char, std::pair<unsigned char const, int>, std::_Select1st<std::pair<unsigned char const, int> >, std::less<unsigned char>, std::allocator<std::pair<unsigned char const, int> > >::_M_destroy_node(std::_Rb_tree_node<std::pair<unsigned char const, int> >*)
000000033a585440 T void std::_Rb_tree<unsigned char, std::pair<unsigned char const, int>, std::_Select1st<std::pair<unsigned char const, int> >, std::less<unsigned char>, std::allocator<std::pair<unsigned char const, int> > >::_M_construct_node<std::piecewise_construct_t const&, std::tuple<unsigned char&&>, std::tuple<> >(std::_Rb_tree_node<std::pair<unsigned char const, int> >*, std::piecewise_construct_t const&, std::tuple<unsigned char&&>&&, std::tuple<>&&)
000000033a585550 T std::_Rb_tree<unsigned char, std::pair<unsigned char const, int>, std::_Select1st<std::pair<unsigned char const, int> >, std::less<unsigned char>, std::allocator<std::pair<unsigned char const, int> > >::_M_get_Node_allocator()
000000033a585560 T std::_Rb_tree_iterator<std::pair<unsigned char const, int> > std::_Rb_tree<unsigned char, std::pair<unsigned char const, int>, std::_Select1st<std::pair<unsigned char const, int> >, std::less<unsigned char>, std::allocator<std::pair<unsigned char const, int> > >::_M_emplace_hint_unique<std::piecewise_construct_t const&, std::tuple<unsigned char&&>, std::tuple<> >(std::_Rb_tree_const_iterator<std::pair<unsigned char const, int> >, std::piecewise_construct_t const&, std::tuple<unsigned char&&>&&, std::tuple<>&&)
000000033a585660 T std::_Rb_tree<unsigned char, std::pair<unsigned char const, int>, std::_Select1st<std::pair<unsigned char const, int> >, std::less<unsigned char>, std::allocator<std::pair<unsigned char const, int> > >::_M_get_insert_unique_pos(unsigned char const&)
000000033a5857d0 T std::_Rb_tree<unsigned char, std::pair<unsigned char const, int>, std::_Select1st<std::pair<unsigned char const, int> >, std::less<unsigned char>, std::allocator<std::pair<unsigned char const, int> > >::_M_get_insert_hint_unique_pos(std::_Rb_tree_const_iterator<std::pair<unsigned char const, int> >, unsigned char const&)
000000033a585b30 T std::_Rb_tree<unsigned char, std::pair<unsigned char const, int>, std::_Select1st<std::pair<unsigned char const, int> >, std::less<unsigned char>, std::allocator<std::pair<unsigned char const, int> > >::end()
000000033a585b60 T std::_Rb_tree<unsigned char, std::pair<unsigned char const, int>, std::_Select1st<std::pair<unsigned char const, int> >, std::less<unsigned char>, std::allocator<std::pair<unsigned char const, int> > >::find(unsigned char const&)
000000033a585c20 T std::_Rb_tree<unsigned char, std::pair<unsigned char const, int>, std::_Select1st<std::pair<unsigned char const, int> >, std::less<unsigned char>, std::allocator<std::pair<unsigned char const, int> > >::begin()
000000033a585c50 T std::_Rb_tree<unsigned char, std::pair<unsigned char const, int>, std::_Select1st<std::pair<unsigned char const, int> >, std::less<unsigned char>, std::allocator<std::pair<unsigned char const, int> > >::_M_end()
000000033a585c70 T std::_Rb_tree<unsigned char, std::pair<unsigned char const, int>, std::_Select1st<std::pair<unsigned char const, int> >, std::less<unsigned char>, std::allocator<std::pair<unsigned char const, int> > >::_S_key(std::_Rb_tree_node<std::pair<unsigned char const, int> > const*)
000000033a585ca0 T std::_Rb_tree<unsigned char, std::pair<unsigned char const, int>, std::_Select1st<std::pair<unsigned char const, int> >, std::less<unsigned char>, std::allocator<std::pair<unsigned char const, int> > >::_S_key(std::_Rb_tree_node_base const*)
000000033a585cc0 T std::_Rb_tree<unsigned char, std::pair<unsigned char const, int>, std::_Select1st<std::pair<unsigned char const, int> >, std::less<unsigned char>, std::allocator<std::pair<unsigned char const, int> > >::_S_left(std::_Rb_tree_node_base*)
000000033a585ce0 T std::_Rb_tree<unsigned char, std::pair<unsigned char const, int>, std::_Select1st<std::pair<unsigned char const, int> >, std::less<unsigned char>, std::allocator<std::pair<unsigned char const, int> > >::_M_begin()
000000033a585d00 T std::_Rb_tree<unsigned char, std::pair<unsigned char const, int>, std::_Select1st<std::pair<unsigned char const, int> >, std::less<unsigned char>, std::allocator<std::pair<unsigned char const, int> > >::_M_erase(std::_Rb_tree_node<std::pair<unsigned char const, int> >*)
000000033a585d70 T std::_Rb_tree<unsigned char, std::pair<unsigned char const, int>, std::_Select1st<std::pair<unsigned char const, int> >, std::less<unsigned char>, std::allocator<std::pair<unsigned char const, int> > >::_S_right(std::_Rb_tree_node_base*)
000000033a585d90 T std::_Rb_tree<unsigned char, std::pair<unsigned char const, int>, std::_Select1st<std::pair<unsigned char const, int> >, std::less<unsigned char>, std::allocator<std::pair<unsigned char const, int> > >::_Rb_tree()
000000033a585db0 T std::_Rb_tree<unsigned char, std::pair<unsigned char const, int>, std::_Select1st<std::pair<unsigned char const, int> >, std::less<unsigned char>, std::allocator<std::pair<unsigned char const, int> > >::~_Rb_tree()
000000033a586200 T std::bad_cast::~bad_cast()
000000033a586230 T std::bad_cast::~bad_cast()
000000033a586230 T std::bad_cast::~bad_cast()
000000033a586240 T std::bad_alloc::~bad_alloc()
000000033a586270 T std::bad_alloc::~bad_alloc()
000000033a586270 T std::bad_alloc::~bad_alloc()
000000033a586280 T std::exception::~exception()
000000033a586290 T std::exception::~exception()
000000033a586290 T std::exception::~exception()
000000033a5862a0 T std::type_info::~type_info()
000000033a5862b0 T std::type_info::~type_info()
000000033a5862b0 T std::type_info::~type_info()
000000033a588a50 T operator new(unsigned long long)
000000033a588ac0 T operator new(unsigned long long, void*)
                 U operator new(unsigned long long, void*)
000000033a5862c0 T void std::_Construct<int, int&>(int*, int&)
000000033a586350 T void std::destroy_at<unsigned char>(unsigned char*)
000000033a586360 T void std::destroy_at<int>(int*)
000000033a586330 T void std::destroy_at<data*>(data**)
000000033a586340 T void std::destroy_at<std::pair<unsigned char const, int> >(std::pair<unsigned char const, int>*)
000000033a589060 T std::unexpected()
000000033a5863b0 T char* std::__addressof<char>(char&)
000000033a5863c0 T unsigned char* std::__addressof<unsigned char>(unsigned char&)
000000033a5863d0 T int* std::__addressof<int>(int&)
000000033a586370 T char const* std::__addressof<char const>(char const&)
000000033a586380 T std::__detail::_Hash_node<int, false>* std::__addressof<std::__detail::_Hash_node<int, false> >(std::__detail::_Hash_node<int, false>&)
000000033a586390 T data** std::__addressof<data*>(data*&)
000000033a5863a0 T std::__detail::_Hash_node_base** std::__addressof<std::__detail::_Hash_node_base*>(std::__detail::_Hash_node_base*&)
000000033a5863e0 T unsigned char& std::__get_helper<0ull, unsigned char&&>(std::_Tuple_impl<0ull, unsigned char&&>&)
000000033a586400 T __gnu_cxx::__normal_iterator<int*, std::vector<int, std::allocator<int> > > std::__miter_base<__gnu_cxx::__normal_iterator<int*, std::vector<int, std::allocator<int> > > >(__gnu_cxx::__normal_iterator<int*, std::vector<int, std::allocator<int> > >)
000000033a586420 T unsigned char* std::__niter_base<unsigned char*>(unsigned char*)
000000033a586430 T int* std::__niter_base<int*>(int*)
000000033a586440 T int* std::__niter_base<int*, std::vector<int, std::allocator<int> > >(__gnu_cxx::__normal_iterator<int*, std::vector<int, std::allocator<int> > >)
000000033a586410 T data** std::__niter_base<data**>(data**)
000000033a586460 T int* std::__niter_wrap<int*>(int* const&, int*)
000000033a5864f0 T unsigned char* std::__relocate_a<unsigned char*, unsigned char*, std::allocator<unsigned char> >(unsigned char*, unsigned char*, unsigned char*, std::allocator<unsigned char>&)
000000033a586560 T int* std::__relocate_a<int*, int*, std::allocator<int> >(int*, int*, int*, std::allocator<int>&)
000000033a586480 T data** std::__relocate_a<data**, data**, std::allocator<data*> >(data**, data**, data**, std::allocator<data*>&)
000000033a5865e0 T unsigned char* std::__to_address<unsigned char>(unsigned char*)
000000033a5865f0 T int* std::__to_address<int>(int*)
000000033a5865d0 T data** std::__to_address<data*>(data**)
000000033a586760 T decltype (::new ((void*)(0)) char((declval<char const&>)())) std::construct_at<char, char const&>(char*, char const&)
000000033a586800 T decltype (::new ((void*)(0)) unsigned char((declval<unsigned char>)())) std::construct_at<unsigned char, unsigned char>(unsigned char*, unsigned char&&)
000000033a5867b0 T decltype (::new ((void*)(0)) unsigned char((declval<unsigned char const&>)())) std::construct_at<unsigned char, unsigned char const&>(unsigned char*, unsigned char const&)
000000033a5868f0 T decltype (::new ((void*)(0)) int((declval<int>)())) std::construct_at<int, int>(int*, int&&)
000000033a5868a0 T decltype (::new ((void*)(0)) int((declval<int&>)())) std::construct_at<int, int&>(int*, int&)
000000033a586850 T decltype (::new ((void*)(0)) int((declval<int const&>)())) std::construct_at<int, int const&>(int*, int const&)
000000033a586600 T decltype (::new ((void*)(0)) data*((declval<data* const&>)())) std::construct_at<data*, data* const&>(data**, data* const&)
000000033a586650 T decltype (::new ((void*)(0)) data*((declval<data*>)())) std::construct_at<data*, data*>(data**, data*&&)
000000033a5866a0 T decltype (::new ((void*)(0)) std::pair<unsigned char const, int>((declval<std::piecewise_construct_t const&>)(), (declval<std::tuple<unsigned char&&> >)(), (declval<std::tuple<> >)())) std::construct_at<std::pair<unsigned char const, int>, std::piecewise_construct_t const&, std::tuple<unsigned char&&>, std::tuple<> >(std::pair<unsigned char const, int>*, std::piecewise_construct_t const&, std::tuple<unsigned char&&>&&, std::tuple<>&&)
000000033a586940 T int* std::__copy_move_a<false, __gnu_cxx::__normal_iterator<int*, std::vector<int, std::allocator<int> > >, int*>(__gnu_cxx::__normal_iterator<int*, std::vector<int, std::allocator<int> > >, __gnu_cxx::__normal_iterator<int*, std::vector<int, std::allocator<int> > >, int*)
000000033a5869b0 T std::get_terminate()
000000033a5869c0 T std::set_terminate(void (*)())
000000033a5869e0 T int* std::__copy_move_a1<false, int*, int*>(int*, int*, int*)
000000033a586a20 T int* std::__copy_move_a2<false, int*, int*>(int*, int*, int*)
000000033a586cc0 T std::enable_if<std::__is_bitwise_relocatable<unsigned char, void>::value, unsigned char*>::type std::__relocate_a_1<unsigned char, unsigned char>(unsigned char*, unsigned char*, unsigned char*, std::allocator<unsigned char>&)
000000033a586d60 T std::enable_if<std::__is_bitwise_relocatable<int, void>::value, int*>::type std::__relocate_a_1<int, int>(int*, int*, int*, std::allocator<int>&)
000000033a586a80 T std::enable_if<std::__is_bitwise_relocatable<data*, void>::value, data**>::type std::__relocate_a_1<data*, data*>(data**, data**, data**, std::allocator<data*>&)
000000033a586bc0 T __gnu_cxx::__normal_iterator<unsigned char*, void> std::__relocate_a_1<unsigned char*, __gnu_cxx::__normal_iterator<unsigned char*, void>, std::allocator<unsigned char> >(unsigned char*, unsigned char*, __gnu_cxx::__normal_iterator<unsigned char*, void>, std::allocator<unsigned char>&)
000000033a586c40 T __gnu_cxx::__normal_iterator<int*, void> std::__relocate_a_1<int*, __gnu_cxx::__normal_iterator<int*, void>, std::allocator<int> >(int*, int*, __gnu_cxx::__normal_iterator<int*, void>, std::allocator<int>&)
000000033a586b40 T __gnu_cxx::__normal_iterator<data**, void> std::__relocate_a_1<data**, __gnu_cxx::__normal_iterator<data**, void>, std::allocator<data*> >(data**, data**, __gnu_cxx::__normal_iterator<data**, void>, std::allocator<data*>&)
000000033a586e20 T std::get_unexpected()
000000033a586e30 T std::set_unexpected(void (*)())
000000033a586e50 T std::get_new_handler()
000000033a586e60 T std::set_new_handler(void (*)())
000000033a586e70 T int* std::__do_uninit_copy<__gnu_cxx::__normal_iterator<int*, std::vector<int, std::allocator<int> > >, int*>(__gnu_cxx::__normal_iterator<int*, std::vector<int, std::allocator<int> > >, __gnu_cxx::__normal_iterator<int*, std::vector<int, std::allocator<int> > >, int*)
000000033a589140 T std::__throw_bad_cast()
000000033a586ef0 T std::tuple<unsigned char&&> std::forward_as_tuple<unsigned char>(unsigned char&&)
000000033a5890c0 T std::__throw_bad_alloc()
000000033a589180 T std::__throw_bad_typeid()
000000033a586f30 T std::_Rb_tree_decrement(std::_Rb_tree_node_base const*)
000000033a586f90 T std::_Rb_tree_decrement(std::_Rb_tree_node_base*)
000000033a586ff0 T std::_Rb_tree_increment(std::_Rb_tree_node_base const*)
000000033a587040 T std::_Rb_tree_increment(std::_Rb_tree_node_base*)
000000033a587090 T std::uncaught_exception()
000000033a5870b0 T int* std::uninitialized_copy<__gnu_cxx::__normal_iterator<int*, std::vector<int, std::allocator<int> > >, int*>(__gnu_cxx::__normal_iterator<int*, std::vector<int, std::allocator<int> > >, __gnu_cxx::__normal_iterator<int*, std::vector<int, std::allocator<int> > >, int*)
000000033a587170 T void std::__relocate_object_a<unsigned char, unsigned char, std::allocator<unsigned char> >(unsigned char*, unsigned char*, std::allocator<unsigned char>&)
000000033a5871f0 T void std::__relocate_object_a<int, int, std::allocator<int> >(int*, int*, std::allocator<int>&)
000000033a5870f0 T void std::__relocate_object_a<data*, data*, std::allocator<data*> >(data**, data**, std::allocator<data*>&)
000000033a5891c0 T std::__throw_logic_error(char const*)
000000033a589460 T std::__throw_range_error(char const*)
000000033a58ebd0 R std::piecewise_construct
000000033a587270 T std::uncaught_exceptions()
000000033a589210 T std::__throw_domain_error(char const*)
000000033a5892b0 T std::__throw_length_error(char const*)
000000033a589300 T std::__throw_out_of_range(char const*)
000000033a589650 T std::__throw_system_error(int)
000000033a5872a0 T std::_Rb_tree_black_count(std::_Rb_tree_node_base const*, std::_Rb_tree_node_base const*)
000000033a5872e0 T std::_Rb_tree_rotate_left(std::_Rb_tree_node_base*, std::_Rb_tree_node_base*&)
000000033a589080 T std::__throw_bad_exception()
000000033a589410 T std::__throw_runtime_error(char const*)
000000033a587340 T std::_Rb_tree_rotate_right(std::_Rb_tree_node_base*, std::_Rb_tree_node_base*&)
000000033a5873a0 T std::is_constant_evaluated()
                 U std::is_constant_evaluated()
000000033a5873b0 T std::pair<unsigned long long, unsigned long long> std::__gen_two_uniform_ints<unsigned long long, std::mersenne_twister_engine<unsigned int, 32ull, 624ull, 397ull, 31ull, 2567483615u, 11ull, 4294967295u, 7ull, 2636928640u, 15ull, 4022730752u, 18ull, 1812433253u>&>(unsigned long long, unsigned long long, std::mersenne_twister_engine<unsigned int, 32ull, 624ull, 397ull, 31ull, 2567483615u, 11ull, 4294967295u, 7ull, 2636928640u, 15ull, 4022730752u, 18ull, 1812433253u>&)
000000033a5894b0 T std::__throw_overflow_error(char const*)
000000033a587450 T int* std::__uninitialized_copy_a<__gnu_cxx::__normal_iterator<int*, std::vector<int, std::allocator<int> > >, int*, int>(__gnu_cxx::__normal_iterator<int*, std::vector<int, std::allocator<int> > >, __gnu_cxx::__normal_iterator<int*, std::vector<int, std::allocator<int> > >, int*, std::allocator<int>&)
000000033a589500 T std::__throw_underflow_error(char const*)
000000033a589260 T std::__throw_invalid_argument(char const*)
000000033a589350 T std::__throw_out_of_range_fmt(char const*, ...)
000000033a589100 T std::__throw_bad_array_new_length()
000000033a5874b0 T std::_Rb_tree_rebalance_for_erase(std::_Rb_tree_node_base*, std::_Rb_tree_node_base&)
000000033a5879e0 T std::_Rb_tree_insert_and_rebalance(bool, std::_Rb_tree_node_base*, std::_Rb_tree_node_base*, std::_Rb_tree_node_base&)
000000033a58b2f9 r std::__is_implicitly_default_constructible_v<bool>
000000033a58b2fc r std::__is_implicitly_default_constructible_v<int>
000000033a58b2fb r std::__is_implicitly_default_constructible_v<unsigned char const>
000000033a58b2fd r std::__is_implicitly_default_constructible_v<unsigned char&&>
000000033a58b2f8 r std::__is_implicitly_default_constructible_v<std::_Rb_tree_node_base*>
000000033a58b2fa r std::__is_implicitly_default_constructible_v<unsigned long long>
000000033a587cc0 T std::tuple_element<0ull, std::tuple<unsigned char&&> >::type& std::get<0ull, unsigned char&&>(std::tuple<unsigned char&&>&)
                 U unsigned long long const& std::max<unsigned long long>(unsigned long long const&, unsigned long long const&)
000000033a587ce0 T unsigned long long const& std::max<unsigned long long>(unsigned long long const&, unsigned long long const&)
000000033a587d10 T unsigned long long const& std::min<unsigned long long>(unsigned long long const&, unsigned long long const&)
                 U unsigned long long const& std::min<unsigned long long>(unsigned long long const&, unsigned long long const&)
000000033a587d40 T int* std::copy<__gnu_cxx::__normal_iterator<int*, std::vector<int, std::allocator<int> > >, int*>(__gnu_cxx::__normal_iterator<int*, std::vector<int, std::allocator<int> > >, __gnu_cxx::__normal_iterator<int*, std::vector<int, std::allocator<int> > >, int*)
000000033a587da0 T std::remove_reference<unsigned char&>::type&& std::move<unsigned char&>(unsigned char&)
                 U std::remove_reference<unsigned char&>::type&& std::move<unsigned char&>(unsigned char&)
000000033a587db0 T std::remove_reference<int&>::type&& std::move<int&>(int&)
000000033a587d90 T std::remove_reference<data*&>::type&& std::move<data*&>(data*&)
000000033a587dc0 T std::enable_if<std::__and_<std::__not_<std::__is_tuple_like<int> >, std::is_move_constructible<int>, std::is_move_assignable<int> >::value, void>::type std::swap<int>(int&, int&)
                 U unsigned char&& std::forward<unsigned char>(std::remove_reference<unsigned char>::type&)
000000033a587ed0 T unsigned char&& std::forward<unsigned char>(std::remove_reference<unsigned char>::type&)
000000033a587ee0 T int&& std::forward<int>(std::remove_reference<int>::type&)
000000033a587e10 T unsigned char&& std::forward<unsigned char&&>(std::remove_reference<unsigned char&&>::type&)
000000033a587e20 T data*&& std::forward<data*>(std::remove_reference<data*>::type&)
000000033a587ea0 T int& std::forward<int&>(std::remove_reference<int&>::type&)
000000033a587e50 T char const& std::forward<char const&>(std::remove_reference<char const&>::type&)
000000033a587e60 T unsigned char const& std::forward<unsigned char const&>(std::remove_reference<unsigned char const&>::type&)
000000033a587e70 T int const& std::forward<int const&>(std::remove_reference<int const&>::type&)
000000033a587e30 T data* const& std::forward<data* const&>(std::remove_reference<data* const&>::type&)
000000033a587e40 T std::piecewise_construct_t const& std::forward<std::piecewise_construct_t const&>(std::remove_reference<std::piecewise_construct_t const&>::type&)
000000033a587e80 T std::_Rb_tree_node<std::pair<unsigned char const, int> >*& std::forward<std::_Rb_tree_node<std::pair<unsigned char const, int> >*&>(std::remove_reference<std::_Rb_tree_node<std::pair<unsigned char const, int> >*&>::type&)
000000033a587e90 T std::_Rb_tree_node_base*& std::forward<std::_Rb_tree_node_base*&>(std::remove_reference<std::_Rb_tree_node_base*&>::type&)
000000033a587eb0 T std::tuple<>&& std::forward<std::tuple<> >(std::remove_reference<std::tuple<> >::type&)
000000033a587ec0 T std::tuple<unsigned char&&>&& std::forward<std::tuple<unsigned char&&> >(std::remove_reference<std::tuple<unsigned char&&> >::type&)
000000033a587ef0 T unsigned long long&& std::forward<unsigned long long>(std::remove_reference<unsigned long long>::type&)
000000033a58ebe0 R std::nothrow
000000033a587f00 T void std::shuffle<__gnu_cxx::__normal_iterator<int*, std::vector<int, std::allocator<int> > >, std::mersenne_twister_engine<unsigned int, 32ull, 624ull, 397ull, 31ull, 2567483615u, 11ull, 4294967295u, 7ull, 2636928640u, 15ull, 4022730752u, 18ull, 1812433253u>&>(__gnu_cxx::__normal_iterator<int*, std::vector<int, std::allocator<int> > >, __gnu_cxx::__normal_iterator<int*, std::vector<int, std::allocator<int> > >, std::mersenne_twister_engine<unsigned int, 32ull, 624ull, 397ull, 31ull, 2567483615u, 11ull, 4294967295u, 7ull, 2636928640u, 15ull, 4022730752u, 18ull, 1812433253u>&)
000000033a5881a0 T void std::_Destroy<int>(int*)
000000033a588150 T void std::_Destroy<int*>(int*, int*)
000000033a588220 T char* std::addressof<char>(char&)
000000033a5881c0 T char const* std::addressof<char const>(char const&)
000000033a5881e0 T std::__detail::_Hash_node<int, false>* std::addressof<std::__detail::_Hash_node<int, false> >(std::__detail::_Hash_node<int, false>&)
000000033a588200 T std::__detail::_Hash_node_base** std::addressof<std::__detail::_Hash_node_base*>(std::__detail::_Hash_node_base*&)
000000033a588240 T void std::iter_swap<__gnu_cxx::__normal_iterator<int*, std::vector<int, std::allocator<int> > >, __gnu_cxx::__normal_iterator<int*, std::vector<int, std::allocator<int> > > >(__gnu_cxx::__normal_iterator<int*, std::vector<int, std::allocator<int> > >, __gnu_cxx::__normal_iterator<int*, std::vector<int, std::allocator<int> > >)
000000033a588280 T std::pair<std::__strip_reference_wrapper<std::decay<unsigned long long>::type>::__type, std::__strip_reference_wrapper<std::decay<unsigned long long>::type>::__type> std::make_pair<unsigned long long, unsigned long long>(unsigned long long&&, unsigned long long&&)
000000033a589040 T std::terminate()
000000033a5882d0 T std::operator==(std::_Rb_tree_iterator<std::pair<unsigned char const, int> > const&, std::_Rb_tree_iterator<std::pair<unsigned char const, int> > const&)
000000033a588300 T std::__cxx11::basic_string<char, std::char_traits<char>, std::allocator<char> > std::operator+<char, std::char_traits<char>, std::allocator<char> >(char const*, std::__cxx11::basic_string<char, std::char_traits<char>, std::allocator<char> > const&)
000000033a5883c0 T std::__cxx11::basic_string<char, std::char_traits<char>, std::allocator<char> > std::operator+<char, std::char_traits<char>, std::allocator<char> >(std::__cxx11::basic_string<char, std::char_traits<char>, std::allocator<char> > const&, std::__cxx11::basic_string<char, std::char_traits<char>, std::allocator<char> > const&)
000000033a588480 T std::__cxx11::basic_string<char, std::char_traits<char>, std::allocator<char> > std::operator+<char, std::char_traits<char>, std::allocator<char> >(char, std::__cxx11::basic_string<char, std::char_traits<char>, std::allocator<char> > const&)
000000033a588530 T std::basic_string<char, std::char_traits<char>, std::allocator<char> > std::operator+<char, std::char_traits<char>, std::allocator<char> >(char const*, std::basic_string<char, std::char_traits<char>, std::allocator<char> > const&)
000000033a5885f0 T std::basic_string<char, std::char_traits<char>, std::allocator<char> > std::operator+<char, std::char_traits<char>, std::allocator<char> >(std::basic_string<char, std::char_traits<char>, std::allocator<char> > const&, std::basic_string<char, std::char_traits<char>, std::allocator<char> > const&)
000000033a5886b0 T std::basic_string<char, std::char_traits<char>, std::allocator<char> > std::operator+<char, std::char_traits<char>, std::allocator<char> >(char, std::basic_string<char, std::char_traits<char>, std::allocator<char> > const&)
000000033a58ebf0 R typeinfo for __cxxabiv1::__forced_unwind
000000033a58ec00 R typeinfo for __cxxabiv1::__class_type_info
000000033a58ec20 R typeinfo for __cxxabiv1::__foreign_exception
000000033a58ec30 R typeinfo for __cxxabiv1::__si_class_type_info
000000033a58ec50 r typeinfo for (anonymous namespace)::system_error_category
000000033a58ec70 r typeinfo for (anonymous namespace)::generic_error_category
000000033a58ec90 R typeinfo for __gnu_cxx::__concurrence_lock_error
000000033a58ecb0 R typeinfo for __gnu_cxx::__concurrence_unlock_error
000000033a58ecd0 R typeinfo for std::_V2::error_category
000000033a58ece0 R typeinfo for std::bad_typeid
000000033a58ed00 R typeinfo for std::logic_error
000000033a58ed20 R typeinfo for std::range_error
000000033a58ed40 R typeinfo for std::domain_error
000000033a58ed60 R typeinfo for std::length_error
000000033a58ed80 R typeinfo for std::out_of_range
000000033a58eda0 R typeinfo for std::system_error
000000033a58edc0 R typeinfo for std::bad_exception
000000033a58ede0 R typeinfo for std::runtime_error
000000033a58ee00 R typeinfo for std::overflow_error
000000033a58ee20 R typeinfo for std::underflow_error
000000033a58ee40 R typeinfo for std::invalid_argument
000000033a58ee60 R typeinfo for std::bad_array_new_length
000000033a58ee80 R typeinfo for std::bad_cast
000000033a58eea0 R typeinfo for std::bad_alloc
000000033a58eec0 R typeinfo for std::exception
000000033a58eed0 R typeinfo for std::type_info
000000033a58eee0 R typeinfo name for __cxxabiv1::__forced_unwind
000000033a58ef00 R typeinfo name for __cxxabiv1::__class_type_info
000000033a58ef40 R typeinfo name for __cxxabiv1::__foreign_exception
000000033a58ef80 R typeinfo name for __cxxabiv1::__si_class_type_info
000000033a58efc0 r typeinfo name for (anonymous namespace)::system_error_category
000000033a58f000 r typeinfo name for (anonymous namespace)::generic_error_category
000000033a58f040 R typeinfo name for __gnu_cxx::__concurrence_lock_error
000000033a58f080 R typeinfo name for __gnu_cxx::__concurrence_unlock_error
000000033a58f0c0 R typeinfo name for std::_V2::error_category
000000033a58f0e0 R typeinfo name for std::bad_typeid
000000033a58f0f0 R typeinfo name for std::logic_error
000000033a58f100 R typeinfo name for std::range_error
000000033a58f110 R typeinfo name for std::domain_error
000000033a58f130 R typeinfo name for std::length_error
000000033a58f150 R typeinfo name for std::out_of_range
000000033a58f170 R typeinfo name for std::system_error
000000033a58f190 R typeinfo name for std::bad_exception
000000033a58f1b0 R typeinfo name for std::runtime_error
000000033a58f1d0 R typeinfo name for std::overflow_error
000000033a58f1f0 R typeinfo name for std::underflow_error
000000033a58f210 R typeinfo name for std::invalid_argument
000000033a58f230 R typeinfo name for std::bad_array_new_length
000000033a58f250 R typeinfo name for std::bad_cast
000000033a58f260 R typeinfo name for std::bad_alloc
000000033a58f270 R typeinfo name for std::exception
000000033a58f280 R typeinfo name for std::type_info
000000033a58f290 R vtable for __cxxabiv1::__forced_unwind
000000033a58f2c0 R vtable for __cxxabiv1::__class_type_info
000000033a58f320 R vtable for __cxxabiv1::__foreign_exception
000000033a58f350 R vtable for __cxxabiv1::__si_class_type_info
000000033a58f3b0 r vtable for (anonymous namespace)::system_error_category
000000033a58f400 r vtable for (anonymous namespace)::generic_error_category
000000033a58f450 R vtable for __gnu_cxx::__concurrence_lock_error
000000033a58f480 R vtable for __gnu_cxx::__concurrence_unlock_error
000000033a58f4b0 R vtable for std::_V2::error_category
000000033a58f500 R vtable for std::bad_typeid
000000033a58f530 R vtable for std::logic_error
000000033a58f560 R vtable for std::range_error
000000033a58f590 R vtable for std::domain_error
000000033a58f5c0 R vtable for std::length_error
000000033a58f5f0 R vtable for std::out_of_range
000000033a58f620 R vtable for std::system_error
000000033a58f650 R vtable for std::bad_exception
000000033a58f680 R vtable for std::runtime_error
000000033a58f6b0 R vtable for std::overflow_error
000000033a58f6e0 R vtable for std::underflow_error
000000033a58f710 R vtable for std::invalid_argument
000000033a58f740 R vtable for std::bad_array_new_length
000000033a58f770 R vtable for std::bad_cast
000000033a58f7a0 R vtable for std::bad_alloc
000000033a58f7d0 R vtable for std::exception
000000033a58f800 R vtable for std::type_info
000000033a58a160 d __gnu_cxx::__verbose_terminate_handler()::terminating
000000033a588830 T std::vector<unsigned char, std::allocator<unsigned char> >::_M_realloc_append<unsigned char const&>(unsigned char const&)::_Guard::_Guard(unsigned char*, unsigned long long, std::allocator<unsigned char>&)
000000033a588870 T std::vector<unsigned char, std::allocator<unsigned char> >::_M_realloc_append<unsigned char const&>(unsigned char const&)::_Guard::~_Guard()
000000033a588900 T std::vector<int, std::allocator<int> >::_M_realloc_append<int const&>(int const&)::_Guard::_Guard(int*, unsigned long long, std::allocator<int>&)
000000033a588940 T std::vector<int, std::allocator<int> >::_M_realloc_append<int const&>(int const&)::_Guard::~_Guard()
000000033a588760 T std::vector<data*, std::allocator<data*> >::_M_realloc_append<data* const&>(data* const&)::_Guard::_Guard(data**, unsigned long long, std::allocator<data*>&)
000000033a5887a0 T std::vector<data*, std::allocator<data*> >::_M_realloc_append<data* const&>(data* const&)::_Guard::~_Guard()
000000033a5889d0 T std::__cxx11::basic_string<char, std::char_traits<char>, std::allocator<char> >::_M_construct<char const*>(char const*, char const*, std::forward_iterator_tag)::_Guard::_Guard(std::__cxx11::basic_string<char, std::char_traits<char>, std::allocator<char> >*)
000000033a5889f0 T std::__cxx11::basic_string<char, std::char_traits<char>, std::allocator<char> >::_M_construct<char const*>(char const*, char const*, std::forward_iterator_tag)::_Guard::~_Guard()
000000033a5756b0 T abort
000000033a561340 T atexit
000000033a599000 b atexit_table
000000033a575710 T calloc
000000033a58db00 r cplus_demangle_builtin_types
000000033a58d2c0 r cplus_demangle_operators
000000033a5628c0 t d_append_char
000000033a562be0 t d_append_num
000000033a562990 t d_append_string
000000033a563fb0 t d_bare_function_type
000000033a562440 t d_call_offset
000000033a562590 t d_count_templates_scopes
000000033a565790 t d_cv_qualifiers
000000033a56d610 t d_demangle_callback.constprop.0
000000033a562520 t d_discriminator
000000033a5666e0 t d_encoding.part.0
000000033a564a60 t d_expr_primary
000000033a564fc0 t d_expression_1
000000033a5659c0 t d_exprlist
000000033a562a50 t d_find_pack
000000033a564030 t d_function_type
000000033a562750 t d_growable_string_callback_adapter
000000033a562710 t d_index_template_argument.part.0
000000033a562930 t d_lookup_template_argument
000000033a562200 t d_make_comp
000000033a562300 t d_make_name
000000033a5632f0 t d_maybe_module_name
000000033a56e270 t d_maybe_print_designated_init
000000033a56de10 t d_maybe_print_fold_expression
000000033a566220 t d_name
000000033a562360 t d_number
000000033a564270 t d_operator_name
000000033a5626e0 t d_pack_length
000000033a563e90 t d_parmlist
000000033a564e40 t d_prefix
000000033a56d1d0 t d_print_array_type
000000033a56bc70 t d_print_comp
000000033a5668c0 t d_print_comp_inner
000000033a56d500 t d_print_expr_op
000000033a56c940 t d_print_function_type
000000033a562d30 t d_print_lambda_parm_name
000000033a56bd30 t d_print_mod
000000033a56cd50 t d_print_mod_list
000000033a56dc00 t d_print_subexpr
000000033a5624c0 t d_ref_qualifier
000000033a562fa0 t d_source_name
000000033a565ab0 t d_special_name
000000033a5630a0 t d_substitution
000000033a564c50 t d_template_arg
000000033a564cf0 t d_template_args_1
000000033a5641d0 t d_template_head
000000033a562b50 t d_template_param
000000033a5640e0 t d_template_parm
000000033a563390 t d_type
000000033a589740 t d_type.cold
000000033a564410 t d_unqualified_name
000000033a575840 T DeleteCriticalSection
000000033a56fec0 T DllEntryPoint
000000033a56fed0 T DllMain
000000033a561320 T DllMainCRTStartup
000000033a599ac0 b dtoa_CritSec
000000033a599ab0 b dtoa_CS_init
000000033a5747c0 t dtoa_lock
000000033a5748a0 t dtoa_lock_cleanup
000000033a56fc00 t emutls_destroy
000000033a56fc50 t emutls_init
000000033a599120 b emutls_key
000000033a599128 b emutls_mutex
000000033a599118 b emutls_size
000000033a575838 T EnterCriticalSection
000000033a5756b8 T exit
000000033a575650 T fopen
000000033a575830 T FormatMessageA
000000033a58a040 d fpi.0
000000033a56f4e0 T fpreset
000000033a575770 T fprintf
000000033a575658 T fputc
000000033a575660 T fputs
000000033a575668 T fread
000000033a575718 T free
000000033a599a60 b freelist
000000033a5a2580 i fthunk
000000033a5a24a0 i fthunk
000000033a5a24e0 i fthunk
000000033a5a2478 i fthunk
000000033a5a2450 i fthunk
000000033a5a25c0 i fthunk
000000033a5a24b0 i fthunk
000000033a5a2390 i fthunk
000000033a5a2430 i fthunk
000000033a5a2530 i fthunk
000000033a5a2460 i fthunk
000000033a575670 T fwrite
000000033a575828 T GetCurrentProcess
000000033a575740 T getenv
000000033a575820 T GetLastError
000000033a5a2228 i hname
000000033a5a21c8 i hname
000000033a5a2258 i hname
000000033a5a2338 i hname
000000033a5a22f8 i hname
000000033a5a21d8 i hname
000000033a5a22a8 i hname
000000033a5a2108 i hname
000000033a5a21a8 i hname
000000033a5a2218 i hname
000000033a5a21f0 i hname
000000033a5899d0 t init
000000033a575818 T InitializeCriticalSection
000000033a599020 b initialized
000000033a562820 t is_designated_init.part.0.isra.0
000000033a575810 T IsProcessorFeaturePresent
000000033a599080 b key_dtor_list
000000033a575808 T LeaveCriticalSection
000000033a5a2cbc I libwinpthread_1_dll_iname
000000033a575700 T localeconv
000000033a575800 T LocalFree
000000033a575720 T malloc
000000033a56e950 t mark_section_writable
000000033a599064 b maxSections
000000033a575750 T mbrtowc
000000033a5756d0 T memchr
000000033a5756d8 T memcmp
000000033a5756e0 T memcpy
000000033a5756e8 T memmove
000000033a5755f0 T memset
000000033a58e460 r msg.0
000000033a58e4a0 r msg.0
000000033a562860 t next_is_type_qual.isra.0
000000033a599110 b once.0
000000033a58a010 d p.0
000000033a58e700 r p05.0
000000033a599140 b p5s
000000033a5a3018 D pcinit
000000033a58a060 d pmem_next
000000033a561000 t pre_c_init
000000033a599160 b private_mem
000000033a575888 T pthread_getspecific
000000033a575880 T pthread_key_create
000000033a575878 T pthread_mutex_destroy
000000033a575870 T pthread_mutex_init
000000033a575868 T pthread_mutex_lock
000000033a575860 T pthread_mutex_unlock
000000033a575858 T pthread_once
000000033a575850 T pthread_setspecific
000000033a5757f8 T RaiseException
000000033a5755e0 T rand_s
000000033a575728 T realloc
000000033a589a40 t register_frame_ctor
000000033a5757f0 T RtlCaptureContext
000000033a5757e8 T RtlLookupFunctionEntry
000000033a5757e0 T RtlUnwindEx
000000033a5757d8 T RtlVirtualUnwind
000000033a5757d0 T Sleep
000000033a58cf40 r standard_subs
000000033a5756f0 T strchr
000000033a5755f8 T strcmp
000000033a5756c0 T strerror
000000033a575600 T strlen
000000033a575608 T strncmp
000000033a575610 T strnlen
000000033a575758 T strtoul
000000033a5757c8 T TerminateProcess
000000033a599068 b the_secs
000000033a5757c0 T TlsGetValue
000000033a575580 T vfprintf
000000033a5757b8 T VirtualProtect
000000033a5757b0 T VirtualQuery
000000033a599060 b was_init.0
000000033a575760 T wcrtomb
000000033a575618 T wcslen
000000033a575620 T wcsnlen
000000033a575648 T write
